108.175.39.202-131.202.240.150-80-40884-6,packet_id: 1,delay: 0.5781557559967041
108.175.39.202-131.202.240.150-80-40884-6,packet_id: 2,delay: 0.5878527164459229
199.16.156.201-131.202.240.150-443-37303-6,packet_id: 1,delay: 0.5696125030517578
157.56.192.53-10.8.8.130-443-33104-6,packet_id: 1,delay: 0.34246301651000977
157.56.192.53-10.8.8.130-443-33104-6,packet_id: 2,delay: 0.33966493606567383
137.117.177.33-10.8.8.178-443-40028-6,packet_id: 1,delay: 0.5114083290100098
10.0.2.15-24.140.134.21-45746-45411-6,packet_id: 1,delay: 0.4015817642211914
10.0.2.15-64.233.183.16-43558-993-6,packet_id: 1,delay: 0.5617773532867432
10.0.2.15-64.233.183.16-43558-993-6,packet_id: 2,delay: 0.668459415435791
108.175.43.161-131.202.240.150-80-57196-6,packet_id: 1,delay: 0.33501482009887695
108.175.43.161-131.202.240.150-80-57196-6,packet_id: 2,delay: 0.31406712532043457
108.175.43.161-131.202.240.150-80-57196-6,packet_id: 3,delay: 0.3196370601654053
108.175.43.161-131.202.240.150-80-57196-6,packet_id: 4,delay: 0.3131752014160156
108.175.43.161-131.202.240.150-80-57196-6,packet_id: 5,delay: 0.3110470771789551
108.175.43.161-131.202.240.150-80-57196-6,packet_id: 6,delay: 0.29855966567993164
108.175.43.161-131.202.240.150-80-57196-6,packet_id: 7,delay: 0.30549120903015137
10.8.8.110-63.245.216.132-39035-443-6,packet_id: 1,delay: 0.1893627643585205
173.194.123.101-131.202.240.150-443-53805-6,packet_id: 1,delay: 0.421278715133667
10.0.2.15-74.125.71.16-51269-465-6,packet_id: 1,delay: 0.5615780353546143
173.194.20.107-131.202.240.150-443-44157-6,packet_id: 1,delay: 0.3666861057281494
173.194.20.107-131.202.240.150-443-44157-6,packet_id: 2,delay: 0.39116621017456055
173.194.20.107-131.202.240.150-443-44157-6,packet_id: 3,delay: 0.3686065673828125
173.194.20.107-131.202.240.150-443-44157-6,packet_id: 4,delay: 0.3689112663269043
173.194.20.107-131.202.240.150-443-44157-6,packet_id: 5,delay: 0.38289713859558105
173.194.20.107-131.202.240.150-443-44157-6,packet_id: 6,delay: 0.361222505569458
173.194.20.107-131.202.240.150-443-44157-6,packet_id: 7,delay: 0.36994051933288574
173.194.20.107-131.202.240.150-443-44157-6,packet_id: 8,delay: 0.3527872562408447
173.194.20.107-131.202.240.150-443-44157-6,packet_id: 9,delay: 0.3514518737792969
10.8.8.110-63.245.216.134-46949-443-6,packet_id: 1,delay: 0.4075353145599365
108.175.43.146-131.202.240.150-80-60056-6,packet_id: 1,delay: 0.2790505886077881
108.175.43.146-131.202.240.150-80-60056-6,packet_id: 2,delay: 0.2990882396697998
108.175.43.146-131.202.240.150-80-60056-6,packet_id: 3,delay: 0.2878565788269043
108.175.43.146-131.202.240.150-80-60056-6,packet_id: 4,delay: 0.2782590389251709
108.175.43.146-131.202.240.150-80-60056-6,packet_id: 5,delay: 0.2654557228088379
108.175.43.146-131.202.240.150-80-60056-6,packet_id: 6,delay: 0.2617912292480469
108.175.43.146-131.202.240.150-80-60056-6,packet_id: 7,delay: 0.2570326328277588
108.175.43.146-131.202.240.150-80-60056-6,packet_id: 8,delay: 0.2600550651550293
108.175.42.181-131.202.240.150-80-58287-6,packet_id: 1,delay: 0.3160576820373535
108.175.42.181-131.202.240.150-80-58287-6,packet_id: 2,delay: 0.31119704246520996
108.175.42.181-131.202.240.150-80-58287-6,packet_id: 3,delay: 0.2927870750427246
108.175.42.181-131.202.240.150-80-58287-6,packet_id: 4,delay: 0.3115968704223633
108.175.42.181-131.202.240.150-80-58287-6,packet_id: 5,delay: 0.30977559089660645
10.0.2.15-74.125.207.16-42905-465-6,packet_id: 1,delay: 0.47168636322021484
10.8.8.110-64.233.184.16-37404-465-6,packet_id: 1,delay: 0.40482664108276367
131.202.240.87-64.12.27.65-64714-443-6,packet_id: 1,delay: 0.18986225128173828
10.0.2.15-74.125.207.16-42924-465-6,packet_id: 1,delay: 0.4840099811553955
10.8.8.110-64.233.184.16-37424-465-6,packet_id: 1,delay: 0.3592243194580078
131.202.240.87-65.55.2.6-11378-443-6,packet_id: 1,delay: 0.2471308708190918
10.0.2.15-74.125.207.16-48993-465-6,packet_id: 1,delay: 0.4775972366333008
10.8.8.110-64.233.184.16-37428-465-6,packet_id: 1,delay: 0.39559197425842285
131.202.240.87-68.67.153.40-11386-80-6,packet_id: 1,delay: 0.19334197044372559
10.0.2.15-74.125.207.16-49005-465-6,packet_id: 1,delay: 0.4656832218170166
10.8.8.110-64.233.184.16-37433-465-6,packet_id: 1,delay: 0.39063215255737305
131.202.240.87-74.125.69.16-10714-993-6,packet_id: 1,delay: 0.4612612724304199
10.0.2.15-137.116.32.77-34727-443-6,packet_id: 1,delay: 0.41562652587890625
131.202.240.87-74.125.69.16-10741-993-6,packet_id: 1,delay: 0.45898866653442383
131.202.240.87-74.125.69.16-10741-993-6,packet_id: 2,delay: 0.47100114822387695
131.202.240.87-74.125.69.16-10741-993-6,packet_id: 3,delay: 0.453920841217041
10.0.2.15-204.83.155.169-54967-32620-6,packet_id: 1,delay: 0.7543034553527832
10.0.2.15-216.58.208.46-53913-80-6,packet_id: 1,delay: 0.7415547370910645
131.202.240.87-74.125.69.16-10743-993-6,packet_id: 1,delay: 0.4580857753753662
131.202.240.87-74.125.134.188-64960-5228-6,packet_id: 1,delay: 0.558661699295044
131.202.240.87-74.125.202.16-10773-993-6,packet_id: 1,delay: 0.20030450820922852
131.202.240.87-74.125.202.16-10798-993-6,packet_id: 1,delay: 0.21783781051635742
131.202.240.87-105.237.177.132-42322-50244-6,packet_id: 1,delay: 0.33780598640441895
131.202.240.87-107.21.103.88-11343-443-6,packet_id: 1,delay: 0.4413280487060547
131.202.240.87-131.202.240.242-42322-5619-6,packet_id: 1,delay: 0.17559146881103516
131.202.240.87-131.202.240.242-42322-5619-6,packet_id: 2,delay: 0.1838974952697754
131.202.240.87-131.202.240.242-42322-5619-6,packet_id: 3,delay: 0.1756126880645752
131.202.240.87-131.202.240.242-42322-5619-6,packet_id: 4,delay: 0.20165348052978516
131.202.240.87-131.202.240.242-42322-5619-6,packet_id: 5,delay: 0.18931055068969727
131.202.240.87-131.202.240.242-42322-5619-6,packet_id: 6,delay: 0.1901872158050537
131.202.240.87-131.202.240.242-42322-5619-6,packet_id: 7,delay: 0.18217253684997559
131.202.240.87-131.202.240.242-42322-5619-6,packet_id: 8,delay: 0.18743038177490234
131.202.240.87-131.202.240.242-42322-5619-6,packet_id: 9,delay: 0.20389151573181152
131.202.240.87-131.202.240.242-42322-5619-6,packet_id: 10,delay: 0.18223357200622559
131.202.240.87-131.202.240.242-42322-5619-6,packet_id: 11,delay: 0.17203378677368164
131.202.240.87-131.202.240.242-42322-5619-6,packet_id: 12,delay: 0.17700719833374023
131.202.240.87-131.202.240.242-42322-5619-6,packet_id: 13,delay: 0.18389463424682617
131.202.240.87-131.202.240.242-42322-5619-6,packet_id: 14,delay: 0.19704866409301758
131.202.240.87-131.202.240.242-42322-5619-6,packet_id: 15,delay: 0.18648529052734375
131.202.240.87-131.202.240.242-42322-5619-6,packet_id: 16,delay: 0.2087399959564209
131.202.240.87-131.202.240.242-42322-5619-6,packet_id: 17,delay: 0.20925378799438477
131.202.240.87-131.202.240.242-42322-5619-6,packet_id: 18,delay: 0.20935583114624023
131.202.240.87-131.202.240.242-42322-5619-6,packet_id: 19,delay: 0.11451029777526855
131.202.240.87-131.202.240.242-42322-5619-6,packet_id: 20,delay: 0.12028360366821289
131.202.240.87-131.202.240.242-42322-5619-6,packet_id: 21,delay: 0.13193607330322266
131.202.240.87-131.202.240.242-42322-5619-6,packet_id: 22,delay: 0.12847137451171875
131.202.240.87-131.202.240.242-42322-5619-6,packet_id: 23,delay: 0.12392187118530273
131.202.240.87-131.202.240.242-42322-5619-6,packet_id: 24,delay: 0.12366867065429688
131.202.240.87-131.202.240.242-42322-5619-6,packet_id: 25,delay: 0.11598062515258789
131.202.240.87-131.202.240.242-42322-5619-6,packet_id: 26,delay: 0.09896063804626465
131.202.240.87-131.202.240.242-42322-5619-6,packet_id: 27,delay: 0.19855594635009766
131.202.240.87-131.202.240.242-42322-5619-6,packet_id: 28,delay: 0.21270394325256348
131.202.240.87-131.202.240.242-42322-5619-6,packet_id: 29,delay: 0.19110941886901855
131.202.240.87-131.202.240.242-42322-5619-6,packet_id: 30,delay: 0.19790267944335938
131.202.240.87-131.202.240.242-42322-5619-6,packet_id: 31,delay: 0.19152188301086426
131.202.240.87-131.202.240.242-42322-5619-6,packet_id: 32,delay: 0.18721461296081543
131.202.240.87-131.202.240.242-42322-5619-6,packet_id: 33,delay: 0.20603370666503906
131.202.240.87-131.202.240.242-42322-5619-6,packet_id: 34,delay: 0.20254254341125488
131.202.240.87-131.202.240.242-42322-5619-6,packet_id: 35,delay: 0.11437392234802246
131.202.240.87-131.202.240.242-42322-5619-6,packet_id: 36,delay: 0.19079065322875977
131.202.240.87-131.202.240.242-42322-5619-6,packet_id: 37,delay: 0.19419240951538086
131.202.240.87-131.202.240.242-42322-5619-6,packet_id: 38,delay: 0.1821427345275879
142.1.33.2-10.0.2.15-3230-56467-6,packet_id: 1,delay: 0.6714413166046143
131.202.6.26-131.202.240.87-13000-64719-6,packet_id: 1,delay: 0.5394690036773682
131.202.6.26-131.202.240.87-13000-64719-6,packet_id: 2,delay: 0.5351216793060303
131.202.6.26-131.202.240.87-13000-64719-6,packet_id: 3,delay: 0.5378046035766602
199.212.24.174-131.202.240.150-443-43919-6,packet_id: 1,delay: 0.578021764755249
10.8.8.138-24.156.130.203-55782-80-6,packet_id: 1,delay: 0.7635087966918945
10.8.8.138-24.156.130.203-55782-80-6,packet_id: 2,delay: 0.7500782012939453
10.8.8.138-24.156.130.203-55782-80-6,packet_id: 3,delay: 0.744757890701294
10.8.8.138-24.156.130.203-55782-80-6,packet_id: 4,delay: 0.7387375831604004
173.194.67.189-10.8.8.178-443-57866-6,packet_id: 1,delay: 0.5390982627868652
137.116.32.77-10.0.2.15-443-34727-6,packet_id: 1,delay: 0.4208180904388428
173.194.67.189-10.8.8.178-443-57926-6,packet_id: 1,delay: 0.5318324565887451
173.194.67.189-10.8.8.178-443-57926-6,packet_id: 2,delay: 0.5472376346588135
173.194.67.189-10.8.8.178-443-57926-6,packet_id: 3,delay: 0.5210483074188232
173.194.67.189-10.8.8.178-443-57926-6,packet_id: 4,delay: 0.5192358493804932
173.194.67.189-10.8.8.178-443-57926-6,packet_id: 5,delay: 0.5253963470458984
173.194.67.189-10.8.8.178-443-57926-6,packet_id: 6,delay: 0.5149610042572021
173.194.67.189-10.8.8.178-443-57926-6,packet_id: 7,delay: 0.507225751876831
173.194.67.189-10.8.8.178-443-57926-6,packet_id: 8,delay: 0.5174133777618408
173.194.67.189-10.8.8.178-443-57926-6,packet_id: 9,delay: 0.5109724998474121
199.212.24.173-131.202.240.150-443-54334-6,packet_id: 1,delay: 0.5100853443145752
10.8.8.138-107.22.243.234-35936-443-6,packet_id: 1,delay: 0.6153509616851807
10.8.8.130-2.30.116.54-48835-58139-6,packet_id: 1,delay: 0.28769493103027344
10.8.8.130-2.30.116.54-48835-58139-6,packet_id: 2,delay: 0.2751784324645996
10.8.8.130-2.30.116.54-48835-58139-6,packet_id: 3,delay: 0.28020644187927246
173.194.78.189-10.8.8.130-443-60098-6,packet_id: 1,delay: 0.5803136825561523
173.194.78.189-10.8.8.130-443-60098-6,packet_id: 2,delay: 0.5764145851135254
173.194.78.189-10.8.8.130-443-60098-6,packet_id: 3,delay: 0.5784051418304443
199.212.24.175-131.202.240.150-443-58600-6,packet_id: 1,delay: 0.3621242046356201
10.8.8.138-185.2.220.137-43533-80-6,packet_id: 1,delay: 0.4794294834136963
10.8.8.138-185.2.220.137-43533-80-6,packet_id: 2,delay: 0.4652383327484131
10.8.8.138-185.2.220.137-43533-80-6,packet_id: 3,delay: 0.4855971336364746
10.8.8.138-185.2.220.137-43533-80-6,packet_id: 4,delay: 0.46079421043395996
10.8.8.138-185.2.220.137-43533-80-6,packet_id: 5,delay: 0.45670533180236816
10.8.8.138-185.2.220.137-43533-80-6,packet_id: 6,delay: 0.4624338150024414
10.8.8.138-185.2.220.137-43533-80-6,packet_id: 7,delay: 0.46262669563293457
10.8.8.138-185.2.220.137-43533-80-6,packet_id: 8,delay: 0.4501378536224365
10.8.8.138-185.2.220.137-43533-80-6,packet_id: 9,delay: 0.45487070083618164
10.8.8.138-185.2.220.137-43533-80-6,packet_id: 10,delay: 0.4555354118347168
10.8.8.138-185.2.220.137-43533-80-6,packet_id: 11,delay: 0.4525268077850342
10.8.8.138-185.2.220.137-43533-80-6,packet_id: 12,delay: 0.44748759269714355
10.8.8.138-185.2.220.137-43533-80-6,packet_id: 13,delay: 0.44625020027160645
10.8.8.138-185.2.220.137-43533-80-6,packet_id: 14,delay: 0.45924949645996094
10.8.8.138-185.2.220.137-43533-80-6,packet_id: 15,delay: 0.4555368423461914
10.8.8.138-185.2.220.137-43533-80-6,packet_id: 16,delay: 0.4432685375213623
10.8.8.138-185.2.220.137-43533-80-6,packet_id: 17,delay: 0.45865559577941895
10.8.8.138-185.2.220.137-43533-80-6,packet_id: 18,delay: 0.45978283882141113
10.8.8.138-185.2.220.137-43533-80-6,packet_id: 19,delay: 0.4564354419708252
10.8.8.138-185.2.220.137-43533-80-6,packet_id: 20,delay: 0.467327356338501
10.8.8.138-185.2.220.137-43533-80-6,packet_id: 21,delay: 0.45563387870788574
10.8.8.138-185.2.220.137-43533-80-6,packet_id: 22,delay: 0.4609801769256592
10.8.8.138-185.2.220.137-43533-80-6,packet_id: 23,delay: 0.4687502384185791
10.8.8.138-185.2.220.137-43533-80-6,packet_id: 24,delay: 0.46860480308532715
10.8.8.138-185.2.220.137-43533-80-6,packet_id: 25,delay: 0.46469569206237793
10.8.8.138-185.2.220.137-43533-80-6,packet_id: 26,delay: 0.460848331451416
10.8.8.138-185.2.220.137-43533-80-6,packet_id: 27,delay: 0.44413232803344727
10.8.8.138-185.2.220.137-43533-80-6,packet_id: 28,delay: 0.45429563522338867
10.8.8.138-185.2.220.137-43533-80-6,packet_id: 29,delay: 0.4616529941558838
10.8.8.138-185.2.220.137-43533-80-6,packet_id: 30,delay: 0.4622793197631836
10.8.8.138-185.2.220.137-43533-80-6,packet_id: 31,delay: 0.44880151748657227
10.8.8.138-185.2.220.137-43533-80-6,packet_id: 32,delay: 0.47919583320617676
10.8.8.138-185.2.220.137-43533-80-6,packet_id: 33,delay: 0.451948881149292
10.8.8.138-185.2.220.137-43533-80-6,packet_id: 34,delay: 0.47000861167907715
10.8.8.138-185.2.220.137-43533-80-6,packet_id: 35,delay: 0.4774324893951416
10.8.8.138-185.2.220.137-43533-80-6,packet_id: 36,delay: 0.46587276458740234
10.8.8.138-185.2.220.137-43533-80-6,packet_id: 37,delay: 0.4720935821533203
10.8.8.138-185.2.220.137-43533-80-6,packet_id: 38,delay: 0.466594934463501
10.8.8.138-185.2.220.137-43533-80-6,packet_id: 39,delay: 0.46413660049438477
10.8.8.138-185.2.220.137-43533-80-6,packet_id: 40,delay: 0.45888423919677734
10.8.8.138-185.2.220.137-43533-80-6,packet_id: 41,delay: 0.48976588249206543
10.8.8.138-185.2.220.137-43533-80-6,packet_id: 42,delay: 0.47368717193603516
10.8.8.138-185.2.220.137-43533-80-6,packet_id: 43,delay: 0.4958817958831787
10.8.8.138-185.2.220.137-43533-80-6,packet_id: 44,delay: 0.4696352481842041
10.8.8.138-185.2.220.137-43533-80-6,packet_id: 45,delay: 0.452739953994751
10.8.8.138-185.2.220.137-43533-80-6,packet_id: 46,delay: 0.4753689765930176
10.8.8.138-185.2.220.137-43533-80-6,packet_id: 47,delay: 0.46770429611206055
10.8.8.138-185.2.220.137-43533-80-6,packet_id: 48,delay: 0.46436047554016113
10.8.8.138-185.2.220.137-43533-80-6,packet_id: 49,delay: 0.4761836528778076
157.56.52.13-10.0.2.15-40011-34332-6,packet_id: 1,delay: 0.4989774227142334
157.56.52.13-10.0.2.15-40011-34332-6,packet_id: 2,delay: 0.48247361183166504
199.212.24.175-131.202.240.150-443-58936-6,packet_id: 1,delay: 0.295579195022583
131.202.240.150-23.50.75.27-45724-80-6,packet_id: 1,delay: 0.6650228500366211
131.202.240.150-23.235.40.143-54394-443-6,packet_id: 1,delay: 0.6838634014129639
131.202.240.150-23.235.40.143-54394-443-6,packet_id: 2,delay: 0.6641342639923096
131.202.240.150-23.235.40.143-54394-443-6,packet_id: 3,delay: 0.6526753902435303
131.202.240.150-23.235.40.143-54394-443-6,packet_id: 4,delay: 0.6609246730804443
131.202.240.150-23.235.40.143-54394-443-6,packet_id: 5,delay: 0.6606860160827637
10.8.8.130-2.101.222.231-34461-9396-6,packet_id: 1,delay: 0.4382457733154297
10.8.8.130-2.101.222.231-34461-9396-6,packet_id: 2,delay: 0.43315696716308594
10.8.8.130-2.101.222.231-34461-9396-6,packet_id: 3,delay: 0.5178322792053223
10.8.8.130-2.101.222.231-34461-9396-6,packet_id: 4,delay: 0.5094835758209229
10.8.8.130-2.101.222.231-34461-9396-6,packet_id: 5,delay: 0.5131199359893799
157.56.52.13-10.8.8.178-40011-56909-6,packet_id: 1,delay: 0.3546288013458252
131.202.240.150-108.175.39.202-40884-80-6,packet_id: 1,delay: 0.6636970043182373
131.202.240.150-108.175.39.202-40884-80-6,packet_id: 2,delay: 0.6707057952880859
131.202.240.150-108.175.39.202-40884-80-6,packet_id: 3,delay: 0.6541249752044678
131.202.240.150-108.175.39.202-40884-80-6,packet_id: 4,delay: 0.6768932342529297
131.202.240.150-108.175.39.202-40884-80-6,packet_id: 5,delay: 0.6738128662109375
131.202.240.150-108.175.39.202-40884-80-6,packet_id: 6,delay: 0.6755733489990234
131.202.240.150-108.175.39.202-40884-80-6,packet_id: 7,delay: 0.6639766693115234
131.202.240.150-108.175.39.202-40884-80-6,packet_id: 8,delay: 0.6668150424957275
131.202.240.150-108.175.39.202-40884-80-6,packet_id: 9,delay: 0.6662254333496094
131.202.240.150-108.175.39.202-40884-80-6,packet_id: 10,delay: 0.6623687744140625
131.202.240.150-108.175.39.202-40884-80-6,packet_id: 11,delay: 0.6613163948059082
131.202.240.150-108.175.39.202-40884-80-6,packet_id: 12,delay: 0.6606967449188232
131.202.240.150-108.175.39.202-40884-80-6,packet_id: 13,delay: 0.6370666027069092
131.202.240.150-108.175.39.202-40884-80-6,packet_id: 14,delay: 0.670466423034668
131.202.240.150-108.175.39.202-40884-80-6,packet_id: 15,delay: 0.6759772300720215
131.202.240.150-108.175.39.202-40884-80-6,packet_id: 16,delay: 0.6707508563995361
10.8.8.130-66.220.156.2-42513-443-6,packet_id: 1,delay: 0.5548534393310547
10.8.8.130-66.220.156.2-42513-443-6,packet_id: 2,delay: 0.5424222946166992
10.8.8.130-66.220.156.2-42513-443-6,packet_id: 3,delay: 0.5426731109619141
10.8.8.130-66.220.156.2-42513-443-6,packet_id: 4,delay: 0.5450971126556396
10.8.8.130-66.220.156.2-42513-443-6,packet_id: 5,delay: 0.5508325099945068
10.8.8.130-66.220.156.2-42513-443-6,packet_id: 6,delay: 0.5400748252868652
10.8.8.130-66.220.156.2-42513-443-6,packet_id: 7,delay: 0.5544815063476562
10.8.8.130-66.220.156.2-42513-443-6,packet_id: 8,delay: 0.5564541816711426
10.8.8.130-66.220.156.2-42513-443-6,packet_id: 9,delay: 0.5265202522277832
10.8.8.130-66.220.156.2-42513-443-6,packet_id: 10,delay: 0.5311770439147949
131.202.240.87-134.170.19.124-10864-443-6,packet_id: 1,delay: 0.5242691040039062
131.202.240.87-134.170.19.124-10864-443-6,packet_id: 2,delay: 0.5360791683197021
131.202.240.87-134.170.19.124-10864-443-6,packet_id: 3,delay: 0.5522384643554688
131.202.240.87-134.170.19.124-10864-443-6,packet_id: 4,delay: 0.5409045219421387
131.202.240.87-134.170.19.124-10864-443-6,packet_id: 5,delay: 0.5444850921630859
131.202.240.87-134.170.19.124-10864-443-6,packet_id: 6,delay: 0.52730393409729
131.202.240.87-134.170.19.124-10864-443-6,packet_id: 7,delay: 0.5346789360046387
131.202.240.87-134.170.19.124-10864-443-6,packet_id: 8,delay: 0.5444729328155518
131.202.240.87-134.170.19.124-10864-443-6,packet_id: 9,delay: 0.5368459224700928
10.8.8.130-77.103.197.35-52719-47872-6,packet_id: 1,delay: 0.3076741695404053
10.8.8.130-86.4.212.228-59320-59222-6,packet_id: 1,delay: 0.2756044864654541
10.8.8.130-86.4.212.228-59320-59222-6,packet_id: 2,delay: 0.32416868209838867
10.8.8.130-86.4.212.228-59320-59222-6,packet_id: 3,delay: 0.3210268020629883
10.8.8.130-86.4.212.228-59320-59222-6,packet_id: 4,delay: 0.32534217834472656
131.202.240.150-108.175.42.181-58287-80-6,packet_id: 1,delay: 0.30532360076904297
131.202.240.150-108.175.42.181-58287-80-6,packet_id: 2,delay: 0.29573726654052734
131.202.240.150-108.175.42.181-58287-80-6,packet_id: 3,delay: 0.30978918075561523
131.202.240.150-108.175.42.181-58287-80-6,packet_id: 4,delay: 0.3038604259490967
131.202.240.150-108.175.42.181-58287-80-6,packet_id: 5,delay: 0.2928740978240967
131.202.240.150-108.175.42.181-58287-80-6,packet_id: 6,delay: 0.30290865898132324
131.202.240.150-108.175.42.181-58287-80-6,packet_id: 7,delay: 0.2876100540161133
131.202.240.150-108.175.42.181-58287-80-6,packet_id: 8,delay: 0.30393242835998535
131.202.240.150-108.175.42.181-58287-80-6,packet_id: 9,delay: 0.29021215438842773
131.202.240.150-108.175.42.181-58287-80-6,packet_id: 10,delay: 0.3007054328918457
131.202.240.150-108.175.42.181-58287-80-6,packet_id: 11,delay: 0.30190157890319824
10.8.8.130-157.56.192.53-33104-443-6,packet_id: 1,delay: 0.33916330337524414
10.8.8.130-157.56.192.53-33104-443-6,packet_id: 2,delay: 0.32812929153442383
10.8.8.130-157.56.192.53-33104-443-6,packet_id: 3,delay: 0.3341705799102783
131.202.240.87-173.194.196.16-10784-465-6,packet_id: 1,delay: 0.14316606521606445
131.202.240.87-173.194.196.16-10790-465-6,packet_id: 1,delay: 0.22543764114379883
131.202.240.87-173.252.100.27-64842-443-6,packet_id: 1,delay: 0.2149198055267334
131.202.240.87-173.252.100.27-64842-443-6,packet_id: 2,delay: 0.2260298728942871
131.202.240.87-173.252.100.27-64842-443-6,packet_id: 3,delay: 0.2277207374572754
131.202.240.87-173.252.100.27-64842-443-6,packet_id: 4,delay: 0.2315378189086914
131.202.240.87-173.252.100.27-64842-443-6,packet_id: 5,delay: 0.2217240333557129
131.202.240.87-173.252.100.27-64842-443-6,packet_id: 6,delay: 0.23040103912353516
10.8.8.130-173.194.78.189-60098-443-6,packet_id: 1,delay: 0.47266674041748047
10.8.8.130-173.194.78.189-60098-443-6,packet_id: 2,delay: 0.47884464263916016
10.8.8.130-173.194.78.189-60098-443-6,packet_id: 3,delay: 0.4864792823791504
10.8.8.130-173.194.78.189-60098-443-6,packet_id: 4,delay: 0.4761338233947754
10.8.8.130-173.194.78.189-60098-443-6,packet_id: 5,delay: 0.46919798851013184
10.8.8.130-173.194.78.189-60098-443-6,packet_id: 6,delay: 0.466702938079834
134.170.19.124-131.202.240.87-443-10864-6,packet_id: 1,delay: 0.46210527420043945
134.170.19.124-131.202.240.87-443-10864-6,packet_id: 2,delay: 0.4815797805786133
134.170.19.124-131.202.240.87-443-10864-6,packet_id: 3,delay: 0.4796028137207031
134.170.19.124-131.202.240.87-443-10864-6,packet_id: 4,delay: 0.47998762130737305
134.170.19.124-131.202.240.87-443-10864-6,packet_id: 5,delay: 0.457866907119751
134.170.19.124-131.202.240.87-443-10864-6,packet_id: 6,delay: 0.45274949073791504
134.170.19.124-131.202.240.87-443-10864-6,packet_id: 7,delay: 0.468250036239624
134.170.19.124-131.202.240.87-443-10864-6,packet_id: 8,delay: 0.4706389904022217
134.170.19.124-131.202.240.87-443-10864-6,packet_id: 9,delay: 0.5227084159851074
134.170.19.124-131.202.240.87-443-10864-6,packet_id: 10,delay: 0.461700439453125
131.202.240.87-178.237.17.103-42530-443-6,packet_id: 1,delay: 0.1904914379119873
131.202.240.87-178.237.17.103-42530-443-6,packet_id: 2,delay: 0.19780921936035156
10.8.8.130-178.237.18.202-34342-443-6,packet_id: 1,delay: 0.33344459533691406
10.8.8.130-178.237.18.202-34342-443-6,packet_id: 2,delay: 0.33394718170166016
10.8.8.130-178.237.18.202-34342-443-6,packet_id: 3,delay: 0.3434135913848877
205.188.12.43-10.8.8.130-443-44917-6,packet_id: 1,delay: 0.5798237323760986
205.188.12.43-10.8.8.130-443-44917-6,packet_id: 2,delay: 0.5723228454589844
205.188.12.43-10.8.8.130-443-44917-6,packet_id: 3,delay: 0.573345422744751
131.202.240.87-205.188.12.91-42522-443-6,packet_id: 1,delay: 0.48568201065063477
131.202.240.87-205.188.12.91-42522-443-6,packet_id: 2,delay: 0.49735236167907715
184.29.105.106-131.202.240.150-80-45466-6,packet_id: 1,delay: 0.6009161472320557
131.202.240.150-108.175.43.146-60056-80-6,packet_id: 1,delay: 0.3613612651824951
131.202.240.150-108.175.43.146-60056-80-6,packet_id: 2,delay: 0.3371117115020752
131.202.240.150-108.175.43.146-60056-80-6,packet_id: 3,delay: 0.32119035720825195
131.202.240.150-108.175.43.146-60056-80-6,packet_id: 4,delay: 0.3743586540222168
131.202.240.150-108.175.43.146-60056-80-6,packet_id: 5,delay: 0.35053205490112305
131.202.240.150-108.175.43.146-60056-80-6,packet_id: 6,delay: 0.3301663398742676
131.202.240.150-108.175.43.146-60056-80-6,packet_id: 7,delay: 0.3576931953430176
131.202.240.150-108.175.43.146-60056-80-6,packet_id: 8,delay: 0.3746960163116455
131.202.240.150-108.175.43.146-60056-80-6,packet_id: 9,delay: 0.39869070053100586
131.202.240.150-108.175.43.146-60056-80-6,packet_id: 10,delay: 0.3879063129425049
131.202.240.150-108.175.43.146-60056-80-6,packet_id: 11,delay: 0.38192105293273926
131.202.240.150-108.175.43.146-60056-80-6,packet_id: 12,delay: 0.34230661392211914
131.202.240.150-108.175.43.146-60056-80-6,packet_id: 13,delay: 0.34505128860473633
131.202.240.150-108.175.43.146-60056-80-6,packet_id: 14,delay: 0.35535669326782227
131.202.240.150-108.175.43.146-60056-80-6,packet_id: 15,delay: 0.350144624710083
131.202.240.150-108.175.43.146-60056-80-6,packet_id: 16,delay: 0.3450500965118408
131.202.240.150-108.175.43.146-60056-80-6,packet_id: 17,delay: 0.34220314025878906
131.202.240.150-108.175.43.146-60056-80-6,packet_id: 18,delay: 0.34932804107666016
131.202.240.150-108.175.43.146-60056-80-6,packet_id: 19,delay: 0.35880565643310547
131.202.240.87-209.148.205.35-64882-443-6,packet_id: 1,delay: 0.2717924118041992
205.188.12.43-131.202.240.242-443-31783-6,packet_id: 1,delay: 0.5771932601928711
10.8.8.130-205.188.12.43-44917-443-6,packet_id: 1,delay: 0.5490744113922119
10.8.8.130-205.188.12.43-44917-443-6,packet_id: 2,delay: 0.5508410930633545
10.8.8.130-216.58.210.3-34920-443-6,packet_id: 1,delay: 0.3877072334289551
10.8.8.130-216.58.210.3-34920-443-6,packet_id: 2,delay: 0.37891340255737305
10.8.8.130-216.58.210.3-34920-443-6,packet_id: 3,delay: 0.37873315811157227
208.118.125.54-131.202.240.87-49266-42322-6,packet_id: 1,delay: 0.6051104068756104
10.8.8.234-74.125.71.16-56545-993-6,packet_id: 1,delay: 0.4874610900878906
10.8.8.234-74.125.71.16-56545-993-6,packet_id: 2,delay: 0.4998950958251953
74.125.71.16-10.0.2.15-465-51254-6,packet_id: 1,delay: 0.5638062953948975
173.194.123.124-131.202.240.242-443-5983-6,packet_id: 1,delay: 0.2640223503112793
10.8.8.178-2.30.116.54-43020-58139-6,packet_id: 1,delay: 0.3114604949951172
10.8.8.178-2.30.116.54-43020-58139-6,packet_id: 2,delay: 0.29020166397094727
10.8.8.178-2.30.116.54-43020-58139-6,packet_id: 3,delay: 0.308368444442749
10.8.8.178-2.30.116.54-43020-58139-6,packet_id: 4,delay: 0.3101828098297119
10.8.8.178-2.30.116.54-43020-58139-6,packet_id: 5,delay: 0.30494093894958496
10.8.8.178-2.30.116.54-43020-58139-6,packet_id: 6,delay: 0.28826403617858887
10.8.8.130-216.58.210.3-34927-443-6,packet_id: 1,delay: 0.38342881202697754
74.125.71.16-10.8.8.234-993-56529-6,packet_id: 1,delay: 0.6141078472137451
74.125.71.16-10.8.8.234-993-56529-6,packet_id: 2,delay: 0.5950677394866943
74.125.71.16-10.8.8.234-993-56529-6,packet_id: 3,delay: 0.5697274208068848
10.8.8.234-74.125.133.16-51040-993-6,packet_id: 1,delay: 0.5423116683959961
10.8.8.130-216.58.210.3-34930-443-6,packet_id: 1,delay: 0.4201664924621582
216.58.210.78-10.8.8.178-443-44923-6,packet_id: 1,delay: 0.19120216369628906
216.58.210.78-10.8.8.178-443-44923-6,packet_id: 2,delay: 0.22754287719726562
216.58.210.78-10.8.8.178-443-44923-6,packet_id: 3,delay: 0.22821283340454102
216.58.210.78-10.8.8.178-443-44923-6,packet_id: 4,delay: 0.18003177642822266
185.2.220.137-10.8.8.138-80-43533-6,packet_id: 1,delay: 0.5155456066131592
185.2.220.137-10.8.8.138-80-43533-6,packet_id: 2,delay: 0.4794285297393799
185.2.220.137-10.8.8.138-80-43533-6,packet_id: 3,delay: 0.480182409286499
185.2.220.137-10.8.8.138-80-43533-6,packet_id: 4,delay: 0.4673144817352295
185.2.220.137-10.8.8.138-80-43533-6,packet_id: 5,delay: 0.47887158393859863
185.2.220.137-10.8.8.138-80-43533-6,packet_id: 6,delay: 0.4528369903564453
185.2.220.137-10.8.8.138-80-43533-6,packet_id: 7,delay: 0.4756622314453125
185.2.220.137-10.8.8.138-80-43533-6,packet_id: 8,delay: 0.48929929733276367
185.2.220.137-10.8.8.138-80-43533-6,packet_id: 9,delay: 0.4814789295196533
185.2.220.137-10.8.8.138-80-43533-6,packet_id: 10,delay: 0.46158838272094727
185.2.220.137-10.8.8.138-80-43533-6,packet_id: 11,delay: 0.48300981521606445
185.2.220.137-10.8.8.138-80-43533-6,packet_id: 12,delay: 0.47985291481018066
185.2.220.137-10.8.8.138-80-43533-6,packet_id: 13,delay: 0.47528910636901855
185.2.220.137-10.8.8.138-80-43533-6,packet_id: 14,delay: 0.4657297134399414
185.2.220.137-10.8.8.138-80-43533-6,packet_id: 15,delay: 0.4617455005645752
185.2.220.137-10.8.8.138-80-43533-6,packet_id: 16,delay: 0.4464430809020996
185.2.220.137-10.8.8.138-80-43533-6,packet_id: 17,delay: 0.47577500343322754
185.2.220.137-10.8.8.138-80-43533-6,packet_id: 18,delay: 0.46146154403686523
185.2.220.137-10.8.8.138-80-43533-6,packet_id: 19,delay: 0.47849512100219727
185.2.220.137-10.8.8.138-80-43533-6,packet_id: 20,delay: 0.4615752696990967
185.2.220.137-10.8.8.138-80-43533-6,packet_id: 21,delay: 0.4481966495513916
185.2.220.137-10.8.8.138-80-43533-6,packet_id: 22,delay: 0.43823957443237305
185.2.220.137-10.8.8.138-80-43533-6,packet_id: 23,delay: 0.4697859287261963
185.2.220.137-10.8.8.138-80-43533-6,packet_id: 24,delay: 0.43468499183654785
185.2.220.137-10.8.8.138-80-43533-6,packet_id: 25,delay: 0.4349982738494873
185.2.220.137-10.8.8.138-80-43533-6,packet_id: 26,delay: 0.4359591007232666
185.2.220.137-10.8.8.138-80-43533-6,packet_id: 27,delay: 0.43590235710144043
185.2.220.137-10.8.8.138-80-43533-6,packet_id: 28,delay: 0.4391286373138428
185.2.220.137-10.8.8.138-80-43533-6,packet_id: 29,delay: 0.4663054943084717
185.2.220.137-10.8.8.138-80-43533-6,packet_id: 30,delay: 0.45041632652282715
185.2.220.137-10.8.8.138-80-43533-6,packet_id: 31,delay: 0.4442870616912842
185.2.220.137-10.8.8.138-80-43533-6,packet_id: 32,delay: 0.44069910049438477
185.2.220.137-10.8.8.138-80-43533-6,packet_id: 33,delay: 0.44802021980285645
185.2.220.137-10.8.8.138-80-43533-6,packet_id: 34,delay: 0.47854185104370117
185.2.220.137-10.8.8.138-80-43533-6,packet_id: 35,delay: 0.46895718574523926
185.2.220.137-10.8.8.138-80-43533-6,packet_id: 36,delay: 0.45804738998413086
185.2.220.137-10.8.8.138-80-43533-6,packet_id: 37,delay: 0.4590744972229004
185.2.220.137-10.8.8.138-80-43533-6,packet_id: 38,delay: 0.4697995185852051
185.2.220.137-10.8.8.138-80-43533-6,packet_id: 39,delay: 0.4521820545196533
185.2.220.137-10.8.8.138-80-43533-6,packet_id: 40,delay: 0.45383429527282715
185.2.220.137-10.8.8.138-80-43533-6,packet_id: 41,delay: 0.4697303771972656
185.2.220.137-10.8.8.138-80-43533-6,packet_id: 42,delay: 0.5048258304595947
185.2.220.137-10.8.8.138-80-43533-6,packet_id: 43,delay: 0.4491426944732666
185.2.220.137-10.8.8.138-80-43533-6,packet_id: 44,delay: 0.4709045886993408
185.2.220.137-10.8.8.138-80-43533-6,packet_id: 45,delay: 0.4711003303527832
185.2.220.137-10.8.8.138-80-43533-6,packet_id: 46,delay: 0.4976935386657715
185.2.220.137-10.8.8.138-80-43533-6,packet_id: 47,delay: 0.4572758674621582
185.2.220.137-10.8.8.138-80-43533-6,packet_id: 48,delay: 0.4419853687286377
185.2.220.137-10.8.8.138-80-43533-6,packet_id: 49,delay: 0.4574112892150879
185.2.220.137-10.8.8.138-80-43533-6,packet_id: 50,delay: 0.46208906173706055
185.2.220.137-10.8.8.138-80-43533-6,packet_id: 51,delay: 0.46274304389953613
185.2.220.137-10.8.8.138-80-43533-6,packet_id: 52,delay: 0.47443342208862305
185.2.220.137-10.8.8.138-80-43533-6,packet_id: 53,delay: 0.47725868225097656
185.2.220.137-10.8.8.138-80-43533-6,packet_id: 54,delay: 0.47647523880004883
185.2.220.137-10.8.8.138-80-43533-6,packet_id: 55,delay: 0.4585731029510498
185.2.220.137-10.8.8.138-80-43533-6,packet_id: 56,delay: 0.4456899166107178
185.2.220.137-10.8.8.138-80-43533-6,packet_id: 57,delay: 0.448559045791626
185.2.220.137-10.8.8.138-80-43533-6,packet_id: 58,delay: 0.4464871883392334
185.2.220.137-10.8.8.138-80-43533-6,packet_id: 59,delay: 0.4484367370605469
185.2.220.137-10.8.8.138-80-43533-6,packet_id: 60,delay: 0.44664597511291504
185.2.220.137-10.8.8.138-80-43533-6,packet_id: 61,delay: 0.44005632400512695
185.2.220.137-10.8.8.138-80-43533-6,packet_id: 62,delay: 0.4472639560699463
185.2.220.137-10.8.8.138-80-43533-6,packet_id: 63,delay: 0.4531383514404297
185.2.220.137-10.8.8.138-80-43533-6,packet_id: 64,delay: 0.44706225395202637
185.2.220.137-10.8.8.138-80-43533-6,packet_id: 65,delay: 0.42723631858825684
185.2.220.137-10.8.8.138-80-43533-6,packet_id: 66,delay: 0.44422459602355957
185.2.220.137-10.8.8.138-80-43533-6,packet_id: 67,delay: 0.4464404582977295
185.2.220.137-10.8.8.138-80-43533-6,packet_id: 68,delay: 0.45399904251098633
185.2.220.137-10.8.8.138-80-43533-6,packet_id: 69,delay: 0.4482913017272949
185.2.220.137-10.8.8.138-80-43533-6,packet_id: 70,delay: 0.4557020664215088
185.2.220.137-10.8.8.138-80-43533-6,packet_id: 71,delay: 0.4541361331939697
185.2.220.137-10.8.8.138-80-43533-6,packet_id: 72,delay: 0.43942689895629883
185.2.220.137-10.8.8.138-80-43533-6,packet_id: 73,delay: 0.45313310623168945
185.2.220.137-10.8.8.138-80-43533-6,packet_id: 74,delay: 0.44812655448913574
185.2.220.137-10.8.8.138-80-43533-6,packet_id: 75,delay: 0.44323039054870605
185.2.220.137-10.8.8.138-80-43533-6,packet_id: 76,delay: 0.4540433883666992
185.2.220.137-10.8.8.138-80-43533-6,packet_id: 77,delay: 0.44216203689575195
185.2.220.137-10.8.8.138-80-43533-6,packet_id: 78,delay: 0.4481232166290283
185.2.220.137-10.8.8.138-80-43533-6,packet_id: 79,delay: 0.4694809913635254
185.2.220.137-10.8.8.138-80-43533-6,packet_id: 80,delay: 0.4690587520599365
185.2.220.137-10.8.8.138-80-43533-6,packet_id: 81,delay: 0.4644644260406494
185.2.220.137-10.8.8.138-80-43533-6,packet_id: 82,delay: 0.4663095474243164
173.194.194.16-10.0.2.15-995-58959-6,packet_id: 1,delay: 0.4379410743713379
68.67.153.146-131.202.240.87-443-11327-6,packet_id: 1,delay: 0.25870776176452637
10.8.8.234-74.125.133.16-51055-993-6,packet_id: 1,delay: 0.4456441402435303
10.8.8.234-74.125.133.16-51055-993-6,packet_id: 2,delay: 0.487652063369751
10.8.8.234-74.125.133.16-51055-993-6,packet_id: 3,delay: 0.4407773017883301
10.8.8.234-74.125.133.16-51055-993-6,packet_id: 4,delay: 0.44411158561706543
10.8.8.234-74.125.133.16-51055-993-6,packet_id: 5,delay: 0.4476304054260254
10.8.8.234-74.125.133.16-51055-993-6,packet_id: 6,delay: 0.4432661533355713
10.8.8.234-74.125.133.16-51055-993-6,packet_id: 7,delay: 0.5303730964660645
10.8.8.234-74.125.133.16-51055-993-6,packet_id: 8,delay: 0.5216100215911865
10.8.8.130-216.58.210.14-45184-443-6,packet_id: 1,delay: 0.4301269054412842
10.8.8.130-216.58.210.14-45184-443-6,packet_id: 2,delay: 0.41684508323669434
10.8.8.130-216.58.210.14-45184-443-6,packet_id: 3,delay: 0.38963747024536133
10.8.8.130-216.58.210.14-45184-443-6,packet_id: 4,delay: 0.46763110160827637
10.8.8.130-216.58.210.14-45184-443-6,packet_id: 5,delay: 0.47387170791625977
10.8.8.130-216.58.210.14-45184-443-6,packet_id: 6,delay: 0.4721226692199707
10.8.8.130-216.58.210.14-45184-443-6,packet_id: 7,delay: 0.47528839111328125
10.8.8.130-216.58.210.14-45184-443-6,packet_id: 8,delay: 0.47838664054870605
10.8.8.130-216.58.210.14-45184-443-6,packet_id: 9,delay: 0.46994924545288086
10.8.8.130-216.58.210.14-45184-443-6,packet_id: 10,delay: 0.4686918258666992
10.8.8.130-216.58.210.14-45184-443-6,packet_id: 11,delay: 0.4745800495147705
10.8.8.130-216.58.210.14-45184-443-6,packet_id: 12,delay: 0.4918990135192871
10.8.8.130-216.58.210.14-45184-443-6,packet_id: 13,delay: 0.47544026374816895
10.8.8.130-216.58.210.14-45184-443-6,packet_id: 14,delay: 0.4826929569244385
10.8.8.130-216.58.210.14-45184-443-6,packet_id: 15,delay: 0.4706599712371826
10.8.8.130-216.58.210.14-45184-443-6,packet_id: 16,delay: 0.46387386322021484
10.8.8.178-23.67.255.209-39285-443-6,packet_id: 1,delay: 0.6131210327148438
10.8.8.178-23.192.162.186-46878-443-6,packet_id: 1,delay: 0.2749009132385254
10.8.8.178-63.245.217.113-38085-443-6,packet_id: 1,delay: 0.4116787910461426
10.8.8.178-63.245.217.113-38086-443-6,packet_id: 1,delay: 0.40041351318359375
10.8.8.234-74.125.133.16-51056-993-6,packet_id: 1,delay: 0.5364043712615967
10.8.8.234-74.125.133.16-51056-993-6,packet_id: 2,delay: 0.5512773990631104
10.8.8.234-74.125.133.16-51056-993-6,packet_id: 3,delay: 0.5373525619506836
10.8.8.234-74.125.133.16-51056-993-6,packet_id: 4,delay: 0.5353639125823975
10.8.8.234-74.125.133.16-51056-993-6,packet_id: 5,delay: 0.49936962127685547
10.8.8.234-74.125.133.16-51056-993-6,packet_id: 6,delay: 0.5380241870880127
10.8.8.234-74.125.133.16-51056-993-6,packet_id: 7,delay: 0.5307791233062744
10.8.8.234-74.125.133.16-51056-993-6,packet_id: 8,delay: 0.5369317531585693
10.8.8.178-86.4.212.228-52449-59222-6,packet_id: 1,delay: 0.30176830291748047
10.8.8.138-185.2.220.137-43535-80-6,packet_id: 1,delay: 0.47812914848327637
10.8.8.178-134.170.25.26-54269-443-6,packet_id: 1,delay: 0.20821046829223633
10.8.8.178-134.170.25.26-54269-443-6,packet_id: 2,delay: 0.24547934532165527
10.8.8.138-208.117.251.116-56550-443-6,packet_id: 1,delay: 0.47109270095825195
10.8.8.138-208.117.251.116-56550-443-6,packet_id: 2,delay: 0.4757673740386963
10.8.8.138-208.117.251.116-56550-443-6,packet_id: 3,delay: 0.4774942398071289
131.202.240.150-108.175.43.161-57196-80-6,packet_id: 1,delay: 0.3844623565673828
131.202.240.150-108.175.43.161-57196-80-6,packet_id: 2,delay: 0.3903641700744629
131.202.240.150-108.175.43.161-57196-80-6,packet_id: 3,delay: 0.4244365692138672
131.202.240.150-108.175.43.161-57196-80-6,packet_id: 4,delay: 0.38608479499816895
131.202.240.150-108.175.43.161-57196-80-6,packet_id: 5,delay: 0.3936595916748047
131.202.240.150-108.175.43.161-57196-80-6,packet_id: 6,delay: 0.40153074264526367
131.202.240.150-108.175.43.161-57196-80-6,packet_id: 7,delay: 0.3990137577056885
131.202.240.150-108.175.43.161-57196-80-6,packet_id: 8,delay: 0.3923830986022949
131.202.240.150-108.175.43.161-57196-80-6,packet_id: 9,delay: 0.3969764709472656
131.202.240.150-108.175.43.161-57196-80-6,packet_id: 10,delay: 0.39188599586486816
131.202.240.150-108.175.43.161-57196-80-6,packet_id: 11,delay: 0.39992451667785645
131.202.240.150-108.175.43.161-57196-80-6,packet_id: 12,delay: 0.38816404342651367
131.202.240.150-108.175.43.161-57196-80-6,packet_id: 13,delay: 0.38808751106262207
131.202.240.150-108.175.43.161-57196-80-6,packet_id: 14,delay: 0.3919708728790283
131.202.240.150-108.175.43.161-57196-80-6,packet_id: 15,delay: 0.3769052028656006
131.202.240.150-108.175.43.161-57196-80-6,packet_id: 16,delay: 0.3812713623046875
131.202.240.150-108.175.43.161-57196-80-6,packet_id: 17,delay: 0.3728795051574707
10.8.8.178-173.194.67.94-34123-443-6,packet_id: 1,delay: 0.27338314056396484
10.8.8.178-173.194.67.94-34123-443-6,packet_id: 2,delay: 0.2798192501068115
10.8.8.138-208.117.251.116-56557-443-6,packet_id: 1,delay: 0.4621419906616211
10.8.8.178-173.194.67.189-57926-443-6,packet_id: 1,delay: 0.5226073265075684
10.8.8.178-173.194.67.189-57926-443-6,packet_id: 2,delay: 0.5317978858947754
10.8.8.178-173.194.67.189-57926-443-6,packet_id: 3,delay: 0.5349907875061035
10.8.8.178-173.194.67.189-57926-443-6,packet_id: 4,delay: 0.5321304798126221
10.8.8.178-173.194.67.189-57926-443-6,packet_id: 5,delay: 0.48542213439941406
10.8.8.178-173.194.67.189-57926-443-6,packet_id: 6,delay: 0.5235462188720703
10.8.8.138-208.117.251.116-56568-443-6,packet_id: 1,delay: 0.45967555046081543
10.8.8.138-208.117.251.116-56577-443-6,packet_id: 1,delay: 0.46353721618652344
10.8.8.138-208.117.251.116-56577-443-6,packet_id: 2,delay: 0.4646944999694824
10.8.8.234-173.194.67.16-37858-465-6,packet_id: 1,delay: 0.3328394889831543
10.8.8.138-208.117.251.116-56622-443-6,packet_id: 1,delay: 0.45772480964660645
10.8.8.138-208.117.251.116-56622-443-6,packet_id: 2,delay: 0.46843481063842773
10.8.8.234-173.194.67.16-37875-465-6,packet_id: 1,delay: 0.43132996559143066
10.8.8.234-173.194.67.16-37877-465-6,packet_id: 1,delay: 0.4271211624145508
10.8.8.178-173.252.100.27-47132-443-6,packet_id: 1,delay: 0.19396615028381348
10.8.8.178-173.252.100.27-47132-443-6,packet_id: 2,delay: 0.19519972801208496
10.8.8.178-173.252.100.27-47132-443-6,packet_id: 3,delay: 0.208906888961792
10.8.8.178-173.252.100.27-47132-443-6,packet_id: 4,delay: 0.2825746536254883
10.8.8.178-173.252.100.27-47132-443-6,packet_id: 5,delay: 0.2708451747894287
10.8.8.178-173.252.100.27-47132-443-6,packet_id: 6,delay: 0.2767798900604248
10.8.8.138-208.117.251.116-56647-443-6,packet_id: 1,delay: 0.4658193588256836
10.8.8.138-208.117.251.116-56647-443-6,packet_id: 2,delay: 0.45474886894226074
10.8.8.234-173.194.67.16-37883-465-6,packet_id: 1,delay: 0.42368268966674805
10.8.8.138-209.148.205.35-42190-443-6,packet_id: 1,delay: 0.45304393768310547
10.8.8.138-209.148.205.35-42190-443-6,packet_id: 2,delay: 0.45683884620666504
10.8.8.138-209.148.205.35-42190-443-6,packet_id: 3,delay: 0.44805002212524414
10.8.8.138-209.148.205.35-42190-443-6,packet_id: 4,delay: 0.45795607566833496
10.8.8.178-178.237.17.103-51318-443-6,packet_id: 1,delay: 0.24614644050598145
10.8.8.178-178.237.17.103-51318-443-6,packet_id: 2,delay: 0.23116803169250488
10.8.8.178-178.237.17.103-51318-443-6,packet_id: 3,delay: 0.2454819679260254
10.8.8.178-178.237.17.103-51318-443-6,packet_id: 4,delay: 0.2423725128173828
10.8.8.178-178.237.17.103-51318-443-6,packet_id: 5,delay: 0.24606871604919434
199.212.24.172-131.202.240.150-443-56874-6,packet_id: 1,delay: 0.6004295349121094
199.212.24.172-131.202.240.150-443-56874-6,packet_id: 2,delay: 0.567368745803833
199.212.24.172-131.202.240.150-443-56874-6,packet_id: 3,delay: 0.591519832611084
199.212.24.172-131.202.240.150-443-56874-6,packet_id: 4,delay: 0.5787351131439209
199.212.24.172-131.202.240.150-443-56874-6,packet_id: 5,delay: 0.5863394737243652
199.212.24.172-131.202.240.150-443-56874-6,packet_id: 6,delay: 0.5760564804077148
199.212.24.172-131.202.240.150-443-56874-6,packet_id: 7,delay: 0.5820095539093018
199.212.24.172-131.202.240.150-443-56874-6,packet_id: 8,delay: 0.5909731388092041
131.202.240.150-173.194.20.107-44157-443-6,packet_id: 1,delay: 0.2742748260498047
131.202.240.150-173.194.20.107-44157-443-6,packet_id: 2,delay: 0.27581262588500977
131.202.240.150-173.194.20.107-44157-443-6,packet_id: 3,delay: 0.28017282485961914
131.202.240.150-173.194.20.107-44157-443-6,packet_id: 4,delay: 0.28720998764038086
10.8.8.178-205.188.12.91-48911-443-6,packet_id: 1,delay: 0.5485332012176514
10.8.8.178-216.58.208.35-52205-443-6,packet_id: 1,delay: 0.513019323348999
10.8.8.178-216.58.208.37-51920-443-6,packet_id: 1,delay: 0.28708958625793457
131.202.240.150-184.73.252.179-39085-80-6,packet_id: 1,delay: 0.6086304187774658
209.148.205.33-131.202.240.150-80-41146-6,packet_id: 1,delay: 0.5878362655639648
205.188.12.91-10.8.8.178-443-48911-6,packet_id: 1,delay: 0.563284158706665
10.8.8.178-216.58.208.46-38243-443-6,packet_id: 1,delay: 0.5985472202301025
10.8.8.178-216.58.208.46-38243-443-6,packet_id: 2,delay: 0.6181344985961914
10.8.8.178-216.58.208.46-38243-443-6,packet_id: 3,delay: 0.6056208610534668
10.8.8.178-216.58.208.46-38243-443-6,packet_id: 4,delay: 0.606309175491333
10.8.8.178-216.58.208.46-38243-443-6,packet_id: 5,delay: 0.5932767391204834
131.202.240.150-199.127.194.212-41858-443-6,packet_id: 1,delay: 0.3404362201690674
205.188.12.91-131.202.240.87-443-42522-6,packet_id: 1,delay: 0.5282385349273682
131.202.240.150-199.212.24.172-56874-443-6,packet_id: 1,delay: 0.6733689308166504
131.202.240.150-199.212.24.172-56874-443-6,packet_id: 2,delay: 0.65740966796875
131.202.240.150-199.212.24.172-56874-443-6,packet_id: 3,delay: 0.6575682163238525
131.202.240.150-199.212.24.172-56874-443-6,packet_id: 4,delay: 0.6216247081756592
131.202.240.150-199.212.24.172-56874-443-6,packet_id: 5,delay: 0.6804111003875732
131.202.240.150-199.212.24.172-56874-443-6,packet_id: 6,delay: 0.6802465915679932
131.202.240.150-199.212.24.172-56874-443-6,packet_id: 7,delay: 0.6574070453643799
131.202.240.150-199.212.24.172-56874-443-6,packet_id: 8,delay: 0.6766197681427002
131.202.240.150-199.212.24.172-56874-443-6,packet_id: 9,delay: 0.6689550876617432
131.202.240.150-199.212.24.172-56874-443-6,packet_id: 10,delay: 0.687619686126709
131.202.240.150-199.212.24.172-56874-443-6,packet_id: 11,delay: 0.6681673526763916
131.202.240.150-199.212.24.172-56874-443-6,packet_id: 12,delay: 0.6718969345092773
131.202.240.150-199.212.24.172-56874-443-6,packet_id: 13,delay: 0.6741409301757812
131.202.240.150-199.212.24.172-56874-443-6,packet_id: 14,delay: 0.6866090297698975
131.202.240.150-199.212.24.172-56874-443-6,packet_id: 15,delay: 0.6837596893310547
131.202.240.150-199.212.24.172-56874-443-6,packet_id: 16,delay: 0.6979146003723145
131.202.240.150-199.212.24.172-56874-443-6,packet_id: 17,delay: 0.6474859714508057
131.202.240.150-199.212.24.172-56874-443-6,packet_id: 18,delay: 0.6600780487060547
131.202.240.150-199.212.24.172-56874-443-6,packet_id: 19,delay: 0.6717193126678467
131.202.240.150-199.212.24.172-56874-443-6,packet_id: 20,delay: 0.6616342067718506
131.202.240.150-199.212.24.172-56874-443-6,packet_id: 21,delay: 0.6304833889007568
131.202.240.150-199.212.24.172-56874-443-6,packet_id: 22,delay: 0.6833019256591797
131.202.240.150-199.212.24.172-56874-443-6,packet_id: 23,delay: 0.6710066795349121
131.202.240.150-199.212.24.172-56874-443-6,packet_id: 24,delay: 0.6761083602905273
131.202.240.150-199.212.24.172-56874-443-6,packet_id: 25,delay: 0.6683993339538574
131.202.240.150-199.212.24.172-56874-443-6,packet_id: 26,delay: 0.6787543296813965
131.202.240.150-199.212.24.172-56874-443-6,packet_id: 27,delay: 0.6947522163391113
131.202.240.150-199.212.24.172-56874-443-6,packet_id: 28,delay: 0.675971269607544
131.202.240.150-199.212.24.172-56874-443-6,packet_id: 29,delay: 0.6402816772460938
131.202.240.150-199.212.24.172-56874-443-6,packet_id: 30,delay: 0.6537671089172363
131.202.240.150-199.212.24.172-56874-443-6,packet_id: 31,delay: 0.6572887897491455
131.202.240.150-199.212.24.172-56874-443-6,packet_id: 32,delay: 0.6664938926696777
131.202.240.242-68.67.153.2-5887-80-6,packet_id: 1,delay: 0.3447866439819336
10.8.8.178-216.58.208.46-38246-443-6,packet_id: 1,delay: 0.520392656326294
131.202.240.242-69.172.216.55-5957-443-6,packet_id: 1,delay: 0.5551273822784424
10.8.8.178-216.58.208.46-38264-443-6,packet_id: 1,delay: 0.6177127361297607
10.8.8.178-216.58.208.46-38264-443-6,packet_id: 2,delay: 0.5957391262054443
10.8.8.178-216.58.208.46-38264-443-6,packet_id: 3,delay: 0.6133699417114258
10.8.8.178-216.58.208.46-38264-443-6,packet_id: 4,delay: 0.6121435165405273
131.202.240.242-74.125.193.16-5535-995-6,packet_id: 1,delay: 0.5162124633789062
173.194.196.16-131.202.240.242-465-5488-6,packet_id: 1,delay: 0.2871439456939697
216.58.210.14-10.8.8.130-443-45184-6,packet_id: 1,delay: 0.5855016708374023
216.58.210.14-10.8.8.130-443-45184-6,packet_id: 2,delay: 0.5946681499481201
216.58.210.14-10.8.8.130-443-45184-6,packet_id: 3,delay: 0.5863058567047119
216.58.210.14-10.8.8.130-443-45184-6,packet_id: 4,delay: 0.606147050857544
216.58.210.14-10.8.8.130-443-45184-6,packet_id: 5,delay: 0.5516378879547119
216.58.210.14-10.8.8.130-443-45184-6,packet_id: 6,delay: 0.5954387187957764
216.58.210.14-10.8.8.130-443-45184-6,packet_id: 7,delay: 0.5825419425964355
216.58.210.14-10.8.8.130-443-45184-6,packet_id: 8,delay: 0.5866043567657471
216.58.210.14-10.8.8.130-443-45184-6,packet_id: 9,delay: 0.5917065143585205
216.58.210.14-10.8.8.130-443-45184-6,packet_id: 10,delay: 0.5840432643890381
216.58.210.14-10.8.8.130-443-45184-6,packet_id: 11,delay: 0.5783586502075195
216.58.210.14-10.8.8.130-443-45184-6,packet_id: 12,delay: 0.5881319046020508
216.58.210.14-10.8.8.130-443-45184-6,packet_id: 13,delay: 0.5816864967346191
216.58.210.14-10.8.8.130-443-45184-6,packet_id: 14,delay: 0.5858588218688965
216.58.210.14-10.8.8.130-443-45184-6,packet_id: 15,delay: 0.576653242111206
216.58.210.14-10.8.8.130-443-45184-6,packet_id: 16,delay: 0.5868818759918213
216.58.210.14-10.8.8.130-443-45184-6,packet_id: 17,delay: 0.5919749736785889
216.58.210.14-10.8.8.130-443-45184-6,packet_id: 18,delay: 0.5756444931030273
216.58.210.14-10.8.8.130-443-45184-6,packet_id: 19,delay: 0.5870535373687744
216.58.210.14-10.8.8.130-443-45184-6,packet_id: 20,delay: 0.5938630104064941
131.202.240.242-131.202.240.87-5619-42322-6,packet_id: 1,delay: 0.22681164741516113
131.202.240.242-131.202.240.87-5619-42322-6,packet_id: 2,delay: 0.20304036140441895
131.202.240.242-131.202.240.87-5619-42322-6,packet_id: 3,delay: 0.2105851173400879
131.202.240.242-131.202.240.87-5619-42322-6,packet_id: 4,delay: 0.20153355598449707
131.202.240.242-131.202.240.87-5619-42322-6,packet_id: 5,delay: 0.19798660278320312
131.202.240.242-131.202.240.87-5619-42322-6,packet_id: 6,delay: 0.22091007232666016
131.202.240.242-131.202.240.87-5619-42322-6,packet_id: 7,delay: 0.19064950942993164
131.202.240.242-131.202.240.87-5619-42322-6,packet_id: 8,delay: 0.19132661819458008
131.202.240.242-131.202.240.87-5619-42322-6,packet_id: 9,delay: 0.18317794799804688
131.202.240.242-131.202.240.87-5619-42322-6,packet_id: 10,delay: 0.25209593772888184
131.202.240.242-131.202.240.87-5619-42322-6,packet_id: 11,delay: 0.27086758613586426
131.202.240.242-131.202.240.87-5619-42322-6,packet_id: 12,delay: 0.28054046630859375
131.202.240.242-131.202.240.87-5619-42322-6,packet_id: 13,delay: 0.2683522701263428
131.202.240.242-131.202.240.87-5619-42322-6,packet_id: 14,delay: 0.10921978950500488
131.202.240.242-131.202.240.87-5619-42322-6,packet_id: 15,delay: 0.12618064880371094
131.202.240.242-131.202.240.87-5619-42322-6,packet_id: 16,delay: 0.11493206024169922
131.202.240.242-131.202.240.87-5619-42322-6,packet_id: 17,delay: 0.20654726028442383
131.202.240.242-131.202.240.87-5619-42322-6,packet_id: 18,delay: 0.1947028636932373
131.202.240.242-131.202.240.87-5619-42322-6,packet_id: 19,delay: 0.19450759887695312
131.202.240.242-131.202.240.87-5619-42322-6,packet_id: 20,delay: 0.1982123851776123
131.202.240.242-131.202.240.87-5619-42322-6,packet_id: 21,delay: 0.27455759048461914
131.202.240.242-131.202.240.87-5619-42322-6,packet_id: 22,delay: 0.18192148208618164
131.202.240.242-131.202.240.87-5619-42322-6,packet_id: 23,delay: 0.18587613105773926
131.202.240.242-131.202.240.87-5619-42322-6,packet_id: 24,delay: 0.19458413124084473
131.202.240.242-131.202.240.87-5619-42322-6,packet_id: 25,delay: 0.19523215293884277
131.202.240.242-131.202.240.87-5619-42322-6,packet_id: 26,delay: 0.21166348457336426
131.202.240.242-131.202.240.87-5619-42322-6,packet_id: 27,delay: 0.18328309059143066
131.202.240.242-131.202.240.87-5619-42322-6,packet_id: 28,delay: 0.18569159507751465
131.202.240.242-131.202.240.87-5619-42322-6,packet_id: 29,delay: 0.18649697303771973
178.237.18.202-10.8.8.130-443-34342-6,packet_id: 1,delay: 0.3576951026916504
178.237.18.202-10.8.8.130-443-34342-6,packet_id: 2,delay: 0.3536689281463623
178.237.18.202-10.8.8.130-443-34342-6,packet_id: 3,delay: 0.3652009963989258
178.237.18.202-10.8.8.130-443-34342-6,packet_id: 4,delay: 0.35753750801086426
178.237.18.202-10.8.8.130-443-34342-6,packet_id: 5,delay: 0.34296131134033203
178.237.18.202-10.8.8.130-443-34342-6,packet_id: 6,delay: 0.34426331520080566
208.117.251.116-10.8.8.138-443-56550-6,packet_id: 1,delay: 0.484417200088501
208.117.251.116-10.8.8.138-443-56550-6,packet_id: 2,delay: 0.47231411933898926
208.117.251.116-10.8.8.138-443-56550-6,packet_id: 3,delay: 0.48532819747924805
208.117.251.116-10.8.8.138-443-56550-6,packet_id: 4,delay: 0.49945497512817383
208.117.251.116-10.8.8.138-443-56550-6,packet_id: 5,delay: 0.4662160873413086
173.194.196.16-131.202.240.242-465-5492-6,packet_id: 1,delay: 0.2845120429992676
74.125.70.16-131.202.240.242-995-5479-6,packet_id: 1,delay: 0.21228837966918945
173.194.196.16-131.202.240.242-465-5524-6,packet_id: 1,delay: 0.28917908668518066
173.194.196.16-131.202.240.242-465-5527-6,packet_id: 1,delay: 0.30548739433288574
10.8.8.178-216.58.210.35-59222-443-6,packet_id: 1,delay: 0.26291942596435547
10.8.8.178-216.58.210.35-59252-443-6,packet_id: 1,delay: 0.2641110420227051
10.8.8.178-216.58.210.46-39796-443-6,packet_id: 1,delay: 0.25359463691711426
10.8.8.178-216.58.210.46-39796-443-6,packet_id: 2,delay: 0.23811817169189453
10.8.8.178-216.58.210.46-39796-443-6,packet_id: 3,delay: 0.2549147605895996
10.8.8.178-216.58.210.46-39796-443-6,packet_id: 4,delay: 0.25153446197509766
10.8.8.178-216.58.210.46-39796-443-6,packet_id: 5,delay: 0.25167179107666016
10.8.8.178-216.58.210.46-39796-443-6,packet_id: 6,delay: 0.25574684143066406
208.117.251.116-10.8.8.138-443-56560-6,packet_id: 1,delay: 0.4790785312652588
208.117.251.116-10.8.8.138-443-56560-6,packet_id: 2,delay: 0.4789764881134033
208.117.251.116-10.8.8.138-443-56560-6,packet_id: 3,delay: 0.45763421058654785
178.237.18.202-131.202.240.242-443-31773-6,packet_id: 1,delay: 0.252239465713501
208.117.251.116-10.8.8.138-443-56577-6,packet_id: 1,delay: 0.45259833335876465
208.117.251.116-10.8.8.138-443-56587-6,packet_id: 1,delay: 0.4340856075286865
208.117.251.116-10.8.8.138-443-56597-6,packet_id: 1,delay: 0.46356987953186035
10.8.8.178-216.58.210.78-44923-443-6,packet_id: 1,delay: 0.2558274269104004
10.8.8.178-216.58.210.78-44923-443-6,packet_id: 2,delay: 0.19652724266052246
208.117.251.116-10.8.8.138-443-56603-6,packet_id: 1,delay: 0.49578118324279785
208.117.251.116-10.8.8.138-443-56605-6,packet_id: 1,delay: 0.46411967277526855
208.117.251.116-10.8.8.138-443-56605-6,packet_id: 2,delay: 0.45647144317626953
208.117.251.116-10.8.8.138-443-56622-6,packet_id: 1,delay: 0.4633035659790039
208.117.251.116-10.8.8.138-443-56622-6,packet_id: 2,delay: 0.45254945755004883
208.117.251.116-10.8.8.138-443-56633-6,packet_id: 1,delay: 0.47165846824645996
208.117.251.116-10.8.8.138-443-56633-6,packet_id: 2,delay: 0.4476935863494873
208.117.251.116-10.8.8.138-443-56641-6,packet_id: 1,delay: 0.45932745933532715
131.202.240.150-199.212.24.173-53736-443-6,packet_id: 1,delay: 0.5134477615356445
204.83.155.169-10.0.2.15-32620-54963-6,packet_id: 1,delay: 0.763704776763916
204.83.155.169-10.0.2.15-32620-55727-6,packet_id: 1,delay: 0.7371344566345215
131.202.240.150-199.212.24.173-54334-443-6,packet_id: 1,delay: 0.43015217781066895
131.202.240.150-199.212.24.173-54334-443-6,packet_id: 2,delay: 0.43228650093078613
131.202.240.150-199.212.24.173-54334-443-6,packet_id: 3,delay: 0.42649030685424805
131.202.240.150-199.212.24.173-54334-443-6,packet_id: 4,delay: 0.4172244071960449
131.202.240.150-199.212.24.173-54334-443-6,packet_id: 5,delay: 0.4369199275970459
131.202.240.150-199.212.24.173-54334-443-6,packet_id: 6,delay: 0.4400498867034912
131.202.240.242-157.56.126.188-5589-443-6,packet_id: 1,delay: 0.3674294948577881
131.202.240.242-157.56.126.188-5589-443-6,packet_id: 2,delay: 0.376558780670166
131.202.240.242-157.56.126.188-5589-443-6,packet_id: 3,delay: 0.3728821277618408
131.202.240.242-157.56.126.188-5589-443-6,packet_id: 4,delay: 0.3784656524658203
131.202.240.242-157.56.126.188-5589-443-6,packet_id: 5,delay: 0.3742208480834961
131.202.240.242-157.56.126.188-5589-443-6,packet_id: 6,delay: 0.3817291259765625
131.202.240.242-157.56.126.188-5589-443-6,packet_id: 7,delay: 0.3806028366088867
131.202.240.242-157.56.126.188-5589-443-6,packet_id: 8,delay: 0.39878106117248535
131.202.240.242-157.56.126.188-5589-443-6,packet_id: 9,delay: 0.4156224727630615
131.202.240.150-199.212.24.173-54540-443-6,packet_id: 1,delay: 0.42875170707702637
131.202.240.150-199.212.24.173-54540-443-6,packet_id: 2,delay: 0.4364752769470215
131.202.240.150-199.212.24.173-54540-443-6,packet_id: 3,delay: 0.43665575981140137
131.202.240.150-199.212.24.173-54540-443-6,packet_id: 4,delay: 0.44075703620910645
131.202.240.150-199.212.24.173-54540-443-6,packet_id: 5,delay: 0.439100980758667
131.202.240.150-199.212.24.173-54540-443-6,packet_id: 6,delay: 0.44620752334594727
131.202.240.150-199.212.24.173-54540-443-6,packet_id: 7,delay: 0.43795013427734375
131.202.240.150-199.212.24.173-54540-443-6,packet_id: 8,delay: 0.4334390163421631
131.202.240.150-199.212.24.173-54540-443-6,packet_id: 9,delay: 0.438950777053833
216.58.219.206-131.202.240.150-443-59290-6,packet_id: 1,delay: 0.3207263946533203
157.56.126.188-131.202.240.242-443-5589-6,packet_id: 1,delay: 0.4208805561065674
157.56.126.188-131.202.240.242-443-5589-6,packet_id: 2,delay: 0.3557746410369873
157.56.126.188-131.202.240.242-443-5589-6,packet_id: 3,delay: 0.38309240341186523
157.56.126.188-131.202.240.242-443-5589-6,packet_id: 4,delay: 0.4079556465148926
157.56.126.188-131.202.240.242-443-5589-6,packet_id: 5,delay: 0.39664530754089355
157.56.126.188-131.202.240.242-443-5589-6,packet_id: 6,delay: 0.41165685653686523
157.56.126.188-131.202.240.242-443-5589-6,packet_id: 7,delay: 0.39932775497436523
157.56.126.188-131.202.240.242-443-5589-6,packet_id: 8,delay: 0.4179525375366211
157.56.126.188-131.202.240.242-443-5589-6,packet_id: 9,delay: 0.39793920516967773
157.56.126.188-131.202.240.242-443-5589-6,packet_id: 10,delay: 0.3945014476776123
157.56.126.188-131.202.240.242-443-5589-6,packet_id: 11,delay: 0.37239599227905273
157.56.126.188-131.202.240.242-443-5589-6,packet_id: 12,delay: 0.37679409980773926
157.56.126.188-131.202.240.242-443-5589-6,packet_id: 13,delay: 0.3787047863006592
216.58.219.206-131.202.240.150-443-59539-6,packet_id: 1,delay: 0.3365042209625244
216.58.219.206-131.202.240.150-443-59539-6,packet_id: 2,delay: 0.3287312984466553
209.148.205.41-10.8.8.138-80-57838-6,packet_id: 1,delay: 0.6938180923461914
131.202.240.242-173.194.196.16-5500-465-6,packet_id: 1,delay: 0.2870304584503174
209.148.205.41-10.8.8.138-443-60124-6,packet_id: 1,delay: 0.72806715965271
209.148.205.41-10.8.8.138-443-60124-6,packet_id: 2,delay: 0.6885461807250977
209.148.205.41-10.8.8.138-443-60124-6,packet_id: 3,delay: 0.6818737983703613
209.148.205.41-10.8.8.138-443-60124-6,packet_id: 4,delay: 0.6704351902008057
209.148.205.41-10.8.8.138-443-60124-6,packet_id: 5,delay: 0.652968168258667
209.148.205.41-10.8.8.138-443-60124-6,packet_id: 6,delay: 0.6496281623840332
209.148.205.41-10.8.8.138-443-60124-6,packet_id: 7,delay: 0.660069465637207
209.148.205.41-10.8.8.138-443-60124-6,packet_id: 8,delay: 0.6545846462249756
209.148.205.41-10.8.8.138-443-60124-6,packet_id: 9,delay: 0.6405606269836426
209.148.205.41-10.8.8.138-443-60124-6,packet_id: 10,delay: 0.6809403896331787
131.202.240.242-173.194.196.16-5529-465-6,packet_id: 1,delay: 0.2896411418914795
173.194.67.16-10.8.8.234-465-37826-6,packet_id: 1,delay: 0.44492340087890625
209.148.205.35-10.8.8.138-443-42010-6,packet_id: 1,delay: 0.4788186550140381
209.148.205.35-10.8.8.138-443-42010-6,packet_id: 2,delay: 0.47293829917907715
209.148.205.35-10.8.8.138-443-42010-6,packet_id: 3,delay: 0.4703369140625
209.148.205.35-10.8.8.138-443-42010-6,packet_id: 4,delay: 0.45682716369628906
209.148.205.35-10.8.8.138-443-42010-6,packet_id: 5,delay: 0.4672560691833496
209.148.205.35-10.8.8.138-443-42010-6,packet_id: 6,delay: 0.4680659770965576
209.148.205.35-10.8.8.138-443-42010-6,packet_id: 7,delay: 0.47107410430908203
209.148.205.35-10.8.8.138-443-42010-6,packet_id: 8,delay: 0.47279953956604004
209.148.205.35-10.8.8.138-443-42010-6,packet_id: 9,delay: 0.4721102714538574
209.148.205.35-10.8.8.138-443-42010-6,packet_id: 10,delay: 0.4829134941101074
216.58.219.230-131.202.240.150-443-35187-6,packet_id: 1,delay: 0.6801810264587402
131.202.240.242-173.252.100.27-32576-443-6,packet_id: 1,delay: 0.29720258712768555
173.194.67.16-10.8.8.234-465-37857-6,packet_id: 1,delay: 0.37664318084716797
216.58.219.230-131.202.240.242-443-5999-6,packet_id: 1,delay: 0.4808957576751709
131.202.240.242-178.237.18.202-31773-443-6,packet_id: 1,delay: 0.3500211238861084
173.194.67.16-10.8.8.234-465-37860-6,packet_id: 1,delay: 0.45922327041625977
131.202.240.150-199.212.24.173-54563-443-6,packet_id: 1,delay: 0.4175834655761719
131.202.240.150-199.212.24.173-54563-443-6,packet_id: 2,delay: 0.4363894462585449
131.202.240.150-199.212.24.173-54563-443-6,packet_id: 3,delay: 0.3962726593017578
131.202.240.150-199.212.24.173-54563-443-6,packet_id: 4,delay: 0.41936707496643066
131.202.240.150-199.212.24.173-54563-443-6,packet_id: 5,delay: 0.4308176040649414
131.202.240.150-199.212.24.173-54563-443-6,packet_id: 6,delay: 0.4389216899871826
131.202.240.150-199.212.24.173-54563-443-6,packet_id: 7,delay: 0.4322021007537842
131.202.240.150-199.212.24.173-54563-443-6,packet_id: 8,delay: 0.4280402660369873
131.202.240.242-216.58.219.230-5999-443-6,packet_id: 1,delay: 0.47978949546813965
173.194.67.16-10.8.8.234-465-37865-6,packet_id: 1,delay: 0.45473337173461914
173.194.67.16-10.8.8.234-465-37872-6,packet_id: 1,delay: 0.41910815238952637
209.148.205.41-131.202.240.150-443-34177-6,packet_id: 1,delay: 0.5227653980255127
209.148.205.41-131.202.240.150-443-34177-6,packet_id: 2,delay: 0.5115885734558105
131.202.240.150-199.212.24.174-43919-443-6,packet_id: 1,delay: 0.6357693672180176
131.202.240.150-199.212.24.174-43919-443-6,packet_id: 2,delay: 0.6266231536865234
131.202.240.150-199.212.24.174-43919-443-6,packet_id: 3,delay: 0.6224772930145264
131.202.240.150-199.212.24.174-43919-443-6,packet_id: 4,delay: 0.6066703796386719
209.148.205.35-10.8.8.138-443-42190-6,packet_id: 1,delay: 0.4824495315551758
209.148.205.35-10.8.8.138-443-42190-6,packet_id: 2,delay: 0.4729487895965576
209.148.205.35-10.8.8.138-443-42190-6,packet_id: 3,delay: 0.4659593105316162
209.148.205.35-10.8.8.138-443-42190-6,packet_id: 4,delay: 0.46190595626831055
209.148.205.35-10.8.8.138-443-42190-6,packet_id: 5,delay: 0.46254563331604004
209.148.205.35-10.8.8.138-443-42190-6,packet_id: 6,delay: 0.43462133407592773
209.148.205.35-10.8.8.138-443-42190-6,packet_id: 7,delay: 0.4394211769104004
209.148.205.35-10.8.8.138-443-42190-6,packet_id: 8,delay: 0.4470982551574707
209.148.205.35-10.8.8.138-443-42190-6,packet_id: 9,delay: 0.4656715393066406
209.148.205.35-10.8.8.138-443-42190-6,packet_id: 10,delay: 0.4673585891723633
209.148.205.35-10.8.8.138-443-42190-6,packet_id: 11,delay: 0.4653017520904541
209.148.205.35-10.8.8.138-443-42190-6,packet_id: 12,delay: 0.44388890266418457
209.148.205.35-10.8.8.138-443-42190-6,packet_id: 13,delay: 0.45143818855285645
209.148.205.35-10.8.8.138-443-42190-6,packet_id: 14,delay: 0.474048376083374
209.148.205.35-10.8.8.138-443-42190-6,packet_id: 15,delay: 0.47442030906677246
209.148.205.35-10.8.8.138-443-42190-6,packet_id: 16,delay: 0.4615166187286377
209.148.205.35-10.8.8.138-443-42190-6,packet_id: 17,delay: 0.4596879482269287
209.148.205.35-10.8.8.138-443-42190-6,packet_id: 18,delay: 0.4592249393463135
209.148.205.35-10.8.8.138-443-42190-6,packet_id: 19,delay: 0.44313478469848633
209.148.205.35-10.8.8.138-443-42190-6,packet_id: 20,delay: 0.46062803268432617
209.148.205.35-10.8.8.138-443-42190-6,packet_id: 21,delay: 0.44898080825805664
209.148.205.35-10.8.8.138-443-42190-6,packet_id: 22,delay: 0.45847368240356445
209.148.205.41-131.202.240.150-443-34203-6,packet_id: 1,delay: 0.5019726753234863
131.202.240.150-199.212.24.175-58587-443-6,packet_id: 1,delay: 0.2797093391418457
131.202.240.150-199.212.24.175-58600-443-6,packet_id: 1,delay: 0.2619044780731201
131.202.240.150-199.212.24.175-58600-443-6,packet_id: 2,delay: 0.2562592029571533
131.202.240.150-199.212.24.175-58936-443-6,packet_id: 1,delay: 0.2748897075653076
131.202.240.150-199.212.24.175-58977-443-6,packet_id: 1,delay: 0.24424052238464355
131.202.240.150-209.148.205.16-44144-80-6,packet_id: 1,delay: 0.33426594734191895
131.202.240.150-209.148.205.35-56435-443-6,packet_id: 1,delay: 0.3705911636352539
131.202.240.150-209.148.205.35-56578-443-6,packet_id: 1,delay: 0.3926401138305664
131.202.240.150-209.148.205.35-56578-443-6,packet_id: 2,delay: 0.3976144790649414
131.202.240.150-209.148.205.35-56578-443-6,packet_id: 3,delay: 0.4018819332122803
131.202.240.150-209.148.205.35-56578-443-6,packet_id: 4,delay: 0.395721435546875
131.202.240.150-209.148.205.35-56578-443-6,packet_id: 5,delay: 0.39124035835266113
216.58.208.46-10.8.8.110-80-33072-6,packet_id: 1,delay: 0.5207424163818359
216.58.208.46-10.8.8.178-443-38243-6,packet_id: 1,delay: 0.607703685760498
216.58.208.46-10.8.8.178-443-38243-6,packet_id: 2,delay: 0.5914778709411621
216.58.208.46-10.8.8.178-443-38243-6,packet_id: 3,delay: 0.6191174983978271
216.58.208.46-10.8.8.178-443-38243-6,packet_id: 4,delay: 0.5949921607971191
216.58.208.46-10.8.8.178-443-38243-6,packet_id: 5,delay: 0.6256628036499023
216.58.208.46-10.8.8.178-443-38243-6,packet_id: 6,delay: 0.596804141998291
216.58.208.46-10.8.8.178-443-38243-6,packet_id: 7,delay: 0.5997121334075928
216.58.208.46-10.8.8.178-443-38243-6,packet_id: 8,delay: 0.5932714939117432
131.202.240.150-209.148.205.41-34177-443-6,packet_id: 1,delay: 0.5798883438110352
131.202.240.150-209.148.205.41-34177-443-6,packet_id: 2,delay: 0.5807349681854248
131.202.240.150-209.148.205.41-34177-443-6,packet_id: 3,delay: 0.5923407077789307
131.202.240.150-209.148.205.41-34177-443-6,packet_id: 4,delay: 0.5956637859344482
131.202.240.150-209.148.205.41-34177-443-6,packet_id: 5,delay: 0.5895676612854004
131.202.240.150-209.148.205.41-34177-443-6,packet_id: 6,delay: 0.57889723777771
131.202.240.150-209.148.205.41-34177-443-6,packet_id: 7,delay: 0.6024529933929443
24.36.174.173-10.0.2.15-47044-55027-6,packet_id: 1,delay: 0.7263884544372559
216.58.208.35-10.8.8.178-443-52158-6,packet_id: 1,delay: 0.5116457939147949
216.58.208.35-10.8.8.178-443-52158-6,packet_id: 2,delay: 0.5207602977752686
74.125.69.16-131.202.240.87-993-10714-6,packet_id: 1,delay: 0.5316202640533447
74.125.69.16-131.202.240.87-993-10714-6,packet_id: 2,delay: 0.5476987361907959
74.125.69.16-131.202.240.87-993-10714-6,packet_id: 3,delay: 0.5381643772125244
74.125.69.16-131.202.240.87-993-10714-6,packet_id: 4,delay: 0.5389320850372314
74.125.69.16-131.202.240.87-993-10714-6,packet_id: 5,delay: 0.41567349433898926
74.125.69.16-131.202.240.87-993-10714-6,packet_id: 6,delay: 0.46244072914123535
74.125.69.16-131.202.240.87-993-10714-6,packet_id: 7,delay: 0.4649333953857422
131.202.240.150-209.148.205.41-34203-443-6,packet_id: 1,delay: 0.5873827934265137
131.202.240.150-209.148.205.41-34203-443-6,packet_id: 2,delay: 0.5800442695617676
131.202.240.150-209.148.205.41-34203-443-6,packet_id: 3,delay: 0.587395191192627
131.202.240.150-209.148.205.41-34203-443-6,packet_id: 4,delay: 0.5956153869628906
131.202.240.150-209.148.205.41-34203-443-6,packet_id: 5,delay: 0.5844213962554932
131.202.240.150-209.148.205.41-34203-443-6,packet_id: 6,delay: 0.5889298915863037
131.202.240.150-209.148.205.41-34203-443-6,packet_id: 7,delay: 0.6098992824554443
131.202.240.150-209.148.205.41-34203-443-6,packet_id: 8,delay: 0.5858240127563477
131.202.240.150-209.148.205.41-34203-443-6,packet_id: 9,delay: 0.5872621536254883
131.202.240.150-209.148.205.41-34203-443-6,packet_id: 10,delay: 0.5713794231414795
131.202.240.150-209.148.205.41-34203-443-6,packet_id: 11,delay: 0.5813946723937988
131.202.240.150-209.148.205.41-34203-443-6,packet_id: 12,delay: 0.5858364105224609
131.202.240.150-209.148.205.41-34203-443-6,packet_id: 13,delay: 0.5775425434112549
131.202.240.150-209.148.205.41-34203-443-6,packet_id: 14,delay: 0.57509446144104
131.202.240.150-209.148.205.41-34203-443-6,packet_id: 15,delay: 0.615441083908081
131.202.240.150-209.148.205.41-34203-443-6,packet_id: 16,delay: 0.5861105918884277
216.58.208.46-10.8.8.178-443-38264-6,packet_id: 1,delay: 0.6074709892272949
216.58.208.46-10.8.8.178-443-38264-6,packet_id: 2,delay: 0.596898078918457
216.58.208.46-10.8.8.178-443-38264-6,packet_id: 3,delay: 0.6087157726287842
216.58.208.46-10.8.8.178-443-38264-6,packet_id: 4,delay: 0.6184632778167725
216.58.208.46-10.8.8.178-443-38264-6,packet_id: 5,delay: 0.6219391822814941
216.58.208.46-10.8.8.178-443-38264-6,packet_id: 6,delay: 0.6092524528503418
216.58.208.46-10.8.8.178-443-38264-6,packet_id: 7,delay: 0.5981786251068115
216.58.208.46-10.8.8.178-443-38264-6,packet_id: 8,delay: 0.5786595344543457
216.58.208.46-10.8.8.178-443-38264-6,packet_id: 9,delay: 0.6000747680664062
216.58.208.46-10.8.8.178-443-38264-6,packet_id: 10,delay: 0.5936131477355957
216.58.208.46-10.8.8.178-443-38264-6,packet_id: 11,delay: 0.6107380390167236
216.58.208.46-10.8.8.178-443-38264-6,packet_id: 12,delay: 0.5994086265563965
216.58.208.46-10.8.8.178-443-38264-6,packet_id: 13,delay: 0.5973501205444336
216.58.208.46-10.8.8.178-443-38264-6,packet_id: 14,delay: 0.6494011878967285
209.148.205.35-131.202.240.150-443-56578-6,packet_id: 1,delay: 0.30322813987731934
209.148.205.35-131.202.240.150-443-56578-6,packet_id: 2,delay: 0.31561994552612305
209.148.205.35-131.202.240.150-443-56578-6,packet_id: 3,delay: 0.3112952709197998
209.148.205.35-131.202.240.150-443-56578-6,packet_id: 4,delay: 0.29413414001464844
74.125.69.16-131.202.240.87-993-10715-6,packet_id: 1,delay: 0.4758491516113281
74.125.69.16-131.202.240.87-993-10715-6,packet_id: 2,delay: 0.48399972915649414
74.125.69.16-131.202.240.87-993-10715-6,packet_id: 3,delay: 0.466555118560791
38.124.168.119-131.202.240.87-80-65089-6,packet_id: 1,delay: 0.39145946502685547
173.194.210.188-131.202.240.242-5228-32506-6,packet_id: 1,delay: 0.39528918266296387
173.252.100.27-10.8.8.178-443-47132-6,packet_id: 1,delay: 0.28974223136901855
173.252.100.27-10.8.8.178-443-47132-6,packet_id: 2,delay: 0.29735255241394043
173.252.100.27-10.8.8.178-443-47132-6,packet_id: 3,delay: 0.2715613842010498
173.252.100.27-10.8.8.178-443-47132-6,packet_id: 4,delay: 0.2784266471862793
173.252.100.27-10.8.8.178-443-47132-6,packet_id: 5,delay: 0.27811384201049805
173.252.100.27-10.8.8.178-443-47132-6,packet_id: 6,delay: 0.18579792976379395
173.252.100.27-10.8.8.178-443-47132-6,packet_id: 7,delay: 0.27091479301452637
173.252.100.27-10.8.8.178-443-47132-6,packet_id: 8,delay: 0.18780899047851562
173.252.100.27-10.8.8.178-443-47132-6,packet_id: 9,delay: 0.19615650177001953
173.252.100.27-10.8.8.178-443-47132-6,packet_id: 10,delay: 0.2655773162841797
173.252.100.27-10.8.8.178-443-47132-6,packet_id: 11,delay: 0.2627856731414795
70.80.25.101-10.0.2.15-64982-38947-6,packet_id: 1,delay: 0.5055365562438965
74.125.69.16-131.202.240.87-993-10743-6,packet_id: 1,delay: 0.4754002094268799
131.202.240.150-209.148.205.41-43673-80-6,packet_id: 1,delay: 0.5782124996185303
173.252.100.27-131.202.240.87-443-64842-6,packet_id: 1,delay: 0.20314621925354004
173.252.100.27-131.202.240.87-443-64842-6,packet_id: 2,delay: 0.20933127403259277
173.252.100.27-131.202.240.87-443-64842-6,packet_id: 3,delay: 0.13686275482177734
173.252.100.27-131.202.240.87-443-64842-6,packet_id: 4,delay: 0.12917661666870117
173.252.100.27-131.202.240.87-443-64842-6,packet_id: 5,delay: 0.12405681610107422
173.252.100.27-131.202.240.87-443-64842-6,packet_id: 6,delay: 0.3061809539794922
173.252.100.27-131.202.240.87-443-64842-6,packet_id: 7,delay: 0.23863649368286133
173.252.100.27-131.202.240.242-443-32576-6,packet_id: 1,delay: 0.19708657264709473
173.252.100.27-131.202.240.242-443-32576-6,packet_id: 2,delay: 0.20593047142028809
23.235.40.143-131.202.240.150-443-54394-6,packet_id: 1,delay: 0.5840878486633301
23.235.40.143-131.202.240.150-443-54394-6,packet_id: 2,delay: 0.5836293697357178
23.235.40.143-131.202.240.150-443-54394-6,packet_id: 3,delay: 0.5829715728759766
91.190.216.125-10.8.8.130-12350-38182-6,packet_id: 1,delay: 0.5279948711395264
66.220.156.2-10.8.8.130-443-42513-6,packet_id: 1,delay: 0.5768635272979736
66.220.156.2-10.8.8.130-443-42513-6,packet_id: 2,delay: 0.5814640522003174
66.220.156.2-10.8.8.130-443-42513-6,packet_id: 3,delay: 0.5942068099975586
66.220.156.2-10.8.8.130-443-42513-6,packet_id: 4,delay: 0.5608530044555664
66.220.156.2-10.8.8.130-443-42513-6,packet_id: 5,delay: 0.5690169334411621
66.220.156.2-10.8.8.130-443-42513-6,packet_id: 6,delay: 0.561333179473877
66.220.156.2-10.8.8.130-443-42513-6,packet_id: 7,delay: 0.5733256340026855
66.220.156.2-10.8.8.130-443-42513-6,packet_id: 8,delay: 0.5827932357788086
66.220.156.2-10.8.8.130-443-42513-6,packet_id: 9,delay: 0.5856738090515137
216.58.210.3-10.8.8.130-443-34918-6,packet_id: 1,delay: 0.3862748146057129
216.58.210.3-10.8.8.130-443-34920-6,packet_id: 1,delay: 0.378021240234375
216.58.210.3-10.8.8.130-443-34920-6,packet_id: 2,delay: 0.3920154571533203
173.194.78.16-10.0.2.15-993-52882-6,packet_id: 1,delay: 0.3827023506164551
68.67.153.2-131.202.240.242-443-5900-6,packet_id: 1,delay: 0.2648344039916992
216.58.210.3-10.8.8.130-443-34927-6,packet_id: 1,delay: 0.38475513458251953
216.58.210.3-10.8.8.130-443-34927-6,packet_id: 2,delay: 0.3925023078918457
64.233.183.16-10.0.2.15-993-43558-6,packet_id: 1,delay: 0.6556839942932129
64.233.183.16-10.0.2.15-993-43558-6,packet_id: 2,delay: 0.6804506778717041
64.233.183.16-10.0.2.15-993-43558-6,packet_id: 3,delay: 0.6610183715820312
74.125.207.16-10.0.2.15-465-42849-6,packet_id: 1,delay: 0.4475436210632324
2.30.116.54-10.8.8.130-58139-48835-6,packet_id: 1,delay: 0.17846369743347168
2.30.116.54-10.8.8.130-58139-48835-6,packet_id: 2,delay: 0.16208744049072266
2.30.116.54-10.8.8.130-58139-48835-6,packet_id: 3,delay: 0.1838526725769043
2.30.116.54-10.8.8.130-58139-48835-6,packet_id: 4,delay: 0.277071475982666
2.30.116.54-10.8.8.130-58139-48835-6,packet_id: 5,delay: 0.2747011184692383
74.125.207.16-10.0.2.15-465-42904-6,packet_id: 1,delay: 0.4631950855255127
74.125.207.16-10.0.2.15-465-42911-6,packet_id: 1,delay: 0.4759542942047119
64.233.183.16-10.0.2.15-995-51739-6,packet_id: 1,delay: 0.6447007656097412
74.125.207.16-10.0.2.15-465-42921-6,packet_id: 1,delay: 0.46257543563842773
74.125.207.16-10.0.2.15-465-48940-6,packet_id: 1,delay: 0.4639170169830322
2.30.116.54-10.8.8.178-58139-43020-6,packet_id: 1,delay: 0.29105687141418457
2.30.116.54-10.8.8.178-58139-43020-6,packet_id: 2,delay: 0.3142857551574707
2.30.116.54-10.8.8.178-58139-43020-6,packet_id: 3,delay: 0.30583882331848145
2.30.116.54-10.8.8.178-58139-43020-6,packet_id: 4,delay: 0.3127899169921875
2.30.116.54-10.8.8.178-58139-43020-6,packet_id: 5,delay: 0.19548511505126953
2.30.116.54-10.8.8.178-58139-43020-6,packet_id: 6,delay: 0.2044360637664795
74.125.207.16-10.0.2.15-465-48942-6,packet_id: 1,delay: 0.49125218391418457
74.125.207.16-10.0.2.15-465-48980-6,packet_id: 1,delay: 0.47272205352783203
74.125.207.16-10.0.2.15-465-48995-6,packet_id: 1,delay: 0.3820469379425049
74.125.207.16-10.0.2.15-465-49016-6,packet_id: 1,delay: 0.4794430732727051
74.125.207.16-10.0.2.15-995-51319-6,packet_id: 1,delay: 0.45833921432495117
74.125.207.16-10.0.2.15-995-51323-6,packet_id: 1,delay: 0.4555954933166504
69.172.216.55-131.202.240.242-443-5957-6,packet_id: 1,delay: 0.49003076553344727
68.67.153.211-131.202.240.242-443-5932-6,packet_id: 1,delay: 0.5075230598449707
77.103.197.35-10.8.8.130-47872-52719-6,packet_id: 1,delay: 0.3277418613433838
216.58.219.238-131.202.240.150-443-48018-6,packet_id: 1,delay: 0.3720564842224121
178.237.17.103-10.8.8.178-443-51318-6,packet_id: 1,delay: 0.2410578727722168
178.237.17.103-10.8.8.178-443-51318-6,packet_id: 2,delay: 0.2363128662109375
178.237.17.103-10.8.8.178-443-51318-6,packet_id: 3,delay: 0.23186755180358887
24.156.130.203-10.8.8.138-80-55782-6,packet_id: 1,delay: 0.7339513301849365
24.156.130.203-10.8.8.138-80-55782-6,packet_id: 2,delay: 0.746319055557251
24.156.130.203-10.8.8.138-80-55782-6,packet_id: 3,delay: 0.7315664291381836
24.156.130.203-10.8.8.138-80-55782-6,packet_id: 4,delay: 0.7274336814880371
24.156.130.203-10.8.8.138-80-55782-6,packet_id: 5,delay: 0.737722635269165
24.156.130.203-10.8.8.138-80-55782-6,packet_id: 6,delay: 0.7596282958984375
24.156.130.203-10.8.8.138-80-55782-6,packet_id: 7,delay: 0.7357292175292969
24.156.130.203-10.8.8.138-80-55782-6,packet_id: 8,delay: 0.7409052848815918
24.156.130.203-10.8.8.138-80-55782-6,packet_id: 9,delay: 0.7390391826629639
24.156.130.203-10.8.8.138-80-55782-6,packet_id: 10,delay: 0.7259762287139893
216.58.210.35-10.8.8.178-443-59247-6,packet_id: 1,delay: 0.24428367614746094
86.4.212.228-10.8.8.130-59222-59320-6,packet_id: 1,delay: 0.2990305423736572
86.4.212.228-10.8.8.130-59222-59320-6,packet_id: 2,delay: 0.2771172523498535
63.245.216.134-10.8.8.178-443-49841-6,packet_id: 1,delay: 0.37467288970947266
216.58.210.35-10.8.8.178-443-59252-6,packet_id: 1,delay: 0.24775171279907227
86.4.212.228-10.8.8.178-59222-52449-6,packet_id: 1,delay: 0.33029985427856445
86.4.212.228-10.8.8.178-59222-52449-6,packet_id: 2,delay: 0.33367919921875
86.4.212.228-10.8.8.178-59222-52449-6,packet_id: 3,delay: 0.3236844539642334
86.4.212.228-10.8.8.178-59222-52449-6,packet_id: 4,delay: 0.3272061347961426
86.4.212.228-10.8.8.178-59222-52449-6,packet_id: 5,delay: 0.3203697204589844
86.4.212.228-10.8.8.178-59222-52449-6,packet_id: 6,delay: 0.3271665573120117
86.4.212.228-10.8.8.178-59222-52449-6,packet_id: 7,delay: 0.3279588222503662
216.58.208.37-10.8.8.178-443-51920-6,packet_id: 1,delay: 0.2798323631286621
216.58.208.37-10.8.8.178-443-51939-6,packet_id: 1,delay: 0.2849748134613037
68.67.176.42-131.202.240.87-443-11439-6,packet_id: 1,delay: 0.6103641986846924
64.233.184.16-10.8.8.110-465-37409-6,packet_id: 1,delay: 0.3852558135986328
64.233.184.16-10.8.8.110-465-37417-6,packet_id: 1,delay: 0.3919792175292969
64.4.23.162-10.0.2.15-40019-46839-6,packet_id: 1,delay: 0.4417128562927246
216.58.210.46-10.8.8.178-443-39796-6,packet_id: 1,delay: 0.26064419746398926
216.58.210.46-10.8.8.178-443-39796-6,packet_id: 2,delay: 0.24593687057495117
216.58.210.46-10.8.8.178-443-39796-6,packet_id: 3,delay: 0.25043630599975586
64.233.184.16-10.8.8.110-465-37425-6,packet_id: 1,delay: 0.39103150367736816
64.233.184.16-10.8.8.110-465-37440-6,packet_id: 1,delay: 0.39353156089782715
64.233.184.16-10.8.8.234-993-56880-6,packet_id: 1,delay: 0.5472431182861328
64.233.184.16-10.8.8.234-993-56887-6,packet_id: 1,delay: 0.5263347625732422
64.233.184.16-10.8.8.234-993-56887-6,packet_id: 2,delay: 0.543708086013794
74.125.133.16-10.8.8.234-993-51039-6,packet_id: 1,delay: 0.5145695209503174
23.192.162.186-10.8.8.178-443-46884-6,packet_id: 1,delay: 0.26344895362854004
74.125.133.16-10.8.8.234-993-51040-6,packet_id: 1,delay: 0.5210118293762207
74.125.133.16-10.8.8.234-993-51055-6,packet_id: 1,delay: 0.5246915817260742
74.125.133.16-10.8.8.234-993-51055-6,packet_id: 2,delay: 0.5257570743560791
74.125.133.16-10.8.8.234-993-51055-6,packet_id: 3,delay: 0.5322768688201904
74.125.133.16-10.8.8.234-993-51055-6,packet_id: 4,delay: 0.551109790802002
74.125.133.16-10.8.8.234-993-51055-6,packet_id: 5,delay: 0.5421137809753418
74.125.133.16-10.8.8.234-993-51055-6,packet_id: 6,delay: 0.5404431819915771
74.125.133.16-10.8.8.234-993-51055-6,packet_id: 7,delay: 0.5291476249694824
74.125.133.16-10.8.8.234-993-51055-6,packet_id: 8,delay: 0.5260214805603027
74.125.133.16-10.8.8.234-993-51055-6,packet_id: 9,delay: 0.5187499523162842
74.125.133.16-10.8.8.234-993-51055-6,packet_id: 10,delay: 0.5199923515319824
74.125.133.16-10.8.8.234-993-51055-6,packet_id: 11,delay: 0.5234930515289307
74.125.133.16-10.8.8.234-993-51055-6,packet_id: 12,delay: 0.522352933883667
74.125.133.16-10.8.8.234-993-51055-6,packet_id: 13,delay: 0.440518856048584
74.125.133.16-10.8.8.234-993-51055-6,packet_id: 14,delay: 0.5250771045684814
74.125.133.16-10.8.8.234-993-51056-6,packet_id: 1,delay: 0.5354833602905273
74.125.133.16-10.8.8.234-993-51056-6,packet_id: 2,delay: 0.5275588035583496
74.125.133.16-10.8.8.234-993-51056-6,packet_id: 3,delay: 0.5153443813323975
74.125.133.16-10.8.8.234-993-51056-6,packet_id: 4,delay: 0.5077972412109375
74.125.133.16-10.8.8.234-993-51056-6,packet_id: 5,delay: 0.5274810791015625
74.125.133.16-10.8.8.234-993-51056-6,packet_id: 6,delay: 0.5165717601776123
74.125.133.16-10.8.8.234-993-51056-6,packet_id: 7,delay: 0.5301642417907715
74.125.133.16-10.8.8.234-993-51056-6,packet_id: 8,delay: 0.5352561473846436
74.125.133.16-10.8.8.234-993-51056-6,packet_id: 9,delay: 0.5240225791931152
74.125.133.16-10.8.8.234-993-51056-6,packet_id: 10,delay: 0.548130989074707
74.125.133.16-10.8.8.234-993-51056-6,packet_id: 11,delay: 0.5355474948883057
64.233.167.16-10.0.2.15-993-58426-6,packet_id: 1,delay: 0.3894486427307129
64.233.167.16-10.0.2.15-993-58426-6,packet_id: 2,delay: 0.3732755184173584
74.125.202.16-131.202.240.87-993-10798-6,packet_id: 1,delay: 0.12992620468139648
Average Packet Delay,0.4404501152038574
