108.175.39.202-131.202.240.150-80-40884-6,packet_id: 1,delay: 0.3439772129058838
108.175.39.202-131.202.240.150-80-40884-6,packet_id: 2,delay: 0.3293790817260742
10.8.8.110-63.245.216.132-39035-443-6,packet_id: 1,delay: 0.4290750026702881
199.16.156.201-131.202.240.150-443-37303-6,packet_id: 1,delay: 0.33287906646728516
10.8.8.110-63.245.216.134-46949-443-6,packet_id: 1,delay: 0.5199079513549805
10.8.8.110-64.233.184.16-37404-465-6,packet_id: 1,delay: 0.19566035270690918
10.8.8.110-64.233.184.16-37424-465-6,packet_id: 1,delay: 0.2049083709716797
10.8.8.110-64.233.184.16-37428-465-6,packet_id: 1,delay: 0.23237037658691406
10.8.8.110-64.233.184.16-37433-465-6,packet_id: 1,delay: 0.21788358688354492
137.117.177.33-10.8.8.178-443-40028-6,packet_id: 1,delay: 0.498244047164917
10.0.2.15-24.140.134.21-45746-45411-6,packet_id: 1,delay: 0.4277219772338867
10.0.2.15-64.233.183.16-43558-993-6,packet_id: 1,delay: 0.36210179328918457
10.0.2.15-64.233.183.16-43558-993-6,packet_id: 2,delay: 0.36435770988464355
173.194.123.101-131.202.240.150-443-53805-6,packet_id: 1,delay: 0.33144259452819824
131.202.240.87-64.12.27.65-64714-443-6,packet_id: 1,delay: 0.3459653854370117
10.0.2.15-74.125.71.16-51269-465-6,packet_id: 1,delay: 0.40378713607788086
108.175.43.161-131.202.240.150-80-57196-6,packet_id: 1,delay: 0.07261419296264648
108.175.43.161-131.202.240.150-80-57196-6,packet_id: 2,delay: 0.0737144947052002
108.175.43.161-131.202.240.150-80-57196-6,packet_id: 3,delay: 0.08320426940917969
108.175.43.161-131.202.240.150-80-57196-6,packet_id: 4,delay: 0.0788722038269043
108.175.43.161-131.202.240.150-80-57196-6,packet_id: 5,delay: 0.07141637802124023
108.175.43.161-131.202.240.150-80-57196-6,packet_id: 6,delay: 0.07546448707580566
108.175.43.161-131.202.240.150-80-57196-6,packet_id: 7,delay: 0.07699728012084961
131.202.240.87-65.55.2.6-11378-443-6,packet_id: 1,delay: 0.38817381858825684
10.0.2.15-74.125.207.16-42905-465-6,packet_id: 1,delay: 0.13826251029968262
108.175.42.181-131.202.240.150-80-58287-6,packet_id: 1,delay: 0.2130722999572754
108.175.42.181-131.202.240.150-80-58287-6,packet_id: 2,delay: 0.2087092399597168
108.175.42.181-131.202.240.150-80-58287-6,packet_id: 3,delay: 0.20513415336608887
108.175.42.181-131.202.240.150-80-58287-6,packet_id: 4,delay: 0.22028231620788574
108.175.42.181-131.202.240.150-80-58287-6,packet_id: 5,delay: 0.22583508491516113
173.194.20.107-131.202.240.150-443-44157-6,packet_id: 1,delay: 0.17486357688903809
173.194.20.107-131.202.240.150-443-44157-6,packet_id: 2,delay: 0.20981478691101074
173.194.20.107-131.202.240.150-443-44157-6,packet_id: 3,delay: 0.20707154273986816
173.194.20.107-131.202.240.150-443-44157-6,packet_id: 4,delay: 0.2024219036102295
173.194.20.107-131.202.240.150-443-44157-6,packet_id: 5,delay: 0.17399168014526367
173.194.20.107-131.202.240.150-443-44157-6,packet_id: 6,delay: 0.17361712455749512
173.194.20.107-131.202.240.150-443-44157-6,packet_id: 7,delay: 0.18661952018737793
173.194.20.107-131.202.240.150-443-44157-6,packet_id: 8,delay: 0.18555855751037598
173.194.20.107-131.202.240.150-443-44157-6,packet_id: 9,delay: 0.1813795566558838
131.202.240.87-68.67.153.40-11386-80-6,packet_id: 1,delay: 0.49474143981933594
10.0.2.15-74.125.207.16-42924-465-6,packet_id: 1,delay: 0.3141627311706543
157.56.192.53-10.8.8.130-443-33104-6,packet_id: 1,delay: 0.4814884662628174
157.56.192.53-10.8.8.130-443-33104-6,packet_id: 2,delay: 0.4914693832397461
108.175.43.146-131.202.240.150-80-60056-6,packet_id: 1,delay: 0.28154921531677246
108.175.43.146-131.202.240.150-80-60056-6,packet_id: 2,delay: 0.27464985847473145
108.175.43.146-131.202.240.150-80-60056-6,packet_id: 3,delay: 0.26962804794311523
108.175.43.146-131.202.240.150-80-60056-6,packet_id: 4,delay: 0.2707686424255371
108.175.43.146-131.202.240.150-80-60056-6,packet_id: 5,delay: 0.2625749111175537
108.175.43.146-131.202.240.150-80-60056-6,packet_id: 6,delay: 0.26604557037353516
108.175.43.146-131.202.240.150-80-60056-6,packet_id: 7,delay: 0.2777440547943115
108.175.43.146-131.202.240.150-80-60056-6,packet_id: 8,delay: 0.2848629951477051
131.202.240.87-74.125.69.16-10714-993-6,packet_id: 1,delay: 0.4041156768798828
10.0.2.15-74.125.207.16-48993-465-6,packet_id: 1,delay: 0.4637413024902344
131.202.240.87-74.125.69.16-10741-993-6,packet_id: 1,delay: 0.406693696975708
131.202.240.87-74.125.69.16-10741-993-6,packet_id: 2,delay: 0.41269516944885254
131.202.240.87-74.125.69.16-10741-993-6,packet_id: 3,delay: 0.40384411811828613
10.0.2.15-74.125.207.16-49005-465-6,packet_id: 1,delay: 0.2999091148376465
10.0.2.15-137.116.32.77-34727-443-6,packet_id: 1,delay: 0.5311346054077148
10.0.2.15-204.83.155.169-54967-32620-6,packet_id: 1,delay: 0.7645993232727051
131.202.240.87-74.125.69.16-10743-993-6,packet_id: 1,delay: 0.40950703620910645
10.0.2.15-216.58.208.46-53913-80-6,packet_id: 1,delay: 0.7388174533843994
131.202.240.87-74.125.134.188-64960-5228-6,packet_id: 1,delay: 0.6267569065093994
131.202.240.87-74.125.202.16-10773-993-6,packet_id: 1,delay: 0.5509493350982666
131.202.240.87-74.125.202.16-10798-993-6,packet_id: 1,delay: 0.5711908340454102
131.202.240.87-105.237.177.132-42322-50244-6,packet_id: 1,delay: 0.2674844264984131
131.202.240.87-107.21.103.88-11343-443-6,packet_id: 1,delay: 0.40386366844177246
131.202.240.87-131.202.240.242-42322-5619-6,packet_id: 1,delay: 0.42350053787231445
131.202.240.87-131.202.240.242-42322-5619-6,packet_id: 2,delay: 0.42058658599853516
131.202.240.87-131.202.240.242-42322-5619-6,packet_id: 3,delay: 0.41673803329467773
131.202.240.87-131.202.240.242-42322-5619-6,packet_id: 4,delay: 0.4389209747314453
131.202.240.87-131.202.240.242-42322-5619-6,packet_id: 5,delay: 0.4244108200073242
131.202.240.87-131.202.240.242-42322-5619-6,packet_id: 6,delay: 0.41312456130981445
131.202.240.87-131.202.240.242-42322-5619-6,packet_id: 7,delay: 0.4170353412628174
131.202.240.87-131.202.240.242-42322-5619-6,packet_id: 8,delay: 0.39795875549316406
131.202.240.87-131.202.240.242-42322-5619-6,packet_id: 9,delay: 0.38841748237609863
131.202.240.87-131.202.240.242-42322-5619-6,packet_id: 10,delay: 0.26348066329956055
131.202.240.87-131.202.240.242-42322-5619-6,packet_id: 11,delay: 0.4083518981933594
131.202.240.87-131.202.240.242-42322-5619-6,packet_id: 12,delay: 0.41115903854370117
131.202.240.87-131.202.240.242-42322-5619-6,packet_id: 13,delay: 0.4025838375091553
131.202.240.87-131.202.240.242-42322-5619-6,packet_id: 14,delay: 0.40875887870788574
131.202.240.87-131.202.240.242-42322-5619-6,packet_id: 15,delay: 0.38602662086486816
131.202.240.87-131.202.240.242-42322-5619-6,packet_id: 16,delay: 0.402057409286499
131.202.240.87-131.202.240.242-42322-5619-6,packet_id: 17,delay: 0.3944718837738037
131.202.240.87-131.202.240.242-42322-5619-6,packet_id: 18,delay: 0.3972921371459961
131.202.240.87-131.202.240.242-42322-5619-6,packet_id: 19,delay: 0.26416921615600586
131.202.240.87-131.202.240.242-42322-5619-6,packet_id: 20,delay: 0.2407829761505127
131.202.240.87-131.202.240.242-42322-5619-6,packet_id: 21,delay: 0.24421477317810059
131.202.240.87-131.202.240.242-42322-5619-6,packet_id: 22,delay: 0.26381587982177734
131.202.240.87-131.202.240.242-42322-5619-6,packet_id: 23,delay: 0.24855351448059082
131.202.240.87-131.202.240.242-42322-5619-6,packet_id: 24,delay: 0.2608225345611572
131.202.240.87-131.202.240.242-42322-5619-6,packet_id: 25,delay: 0.24957752227783203
131.202.240.87-131.202.240.242-42322-5619-6,packet_id: 26,delay: 0.24759197235107422
131.202.240.87-131.202.240.242-42322-5619-6,packet_id: 27,delay: 0.2846696376800537
131.202.240.87-131.202.240.242-42322-5619-6,packet_id: 28,delay: 0.2742135524749756
131.202.240.87-131.202.240.242-42322-5619-6,packet_id: 29,delay: 0.27192234992980957
131.202.240.87-131.202.240.242-42322-5619-6,packet_id: 30,delay: 0.45061206817626953
131.202.240.87-131.202.240.242-42322-5619-6,packet_id: 31,delay: 0.40055012702941895
131.202.240.87-131.202.240.242-42322-5619-6,packet_id: 32,delay: 0.4036836624145508
131.202.240.87-131.202.240.242-42322-5619-6,packet_id: 33,delay: 0.27141475677490234
131.202.240.87-131.202.240.242-42322-5619-6,packet_id: 34,delay: 0.4072835445404053
131.202.240.87-131.202.240.242-42322-5619-6,packet_id: 35,delay: 0.26411008834838867
131.202.240.87-131.202.240.242-42322-5619-6,packet_id: 36,delay: 0.44350147247314453
131.202.240.87-131.202.240.242-42322-5619-6,packet_id: 37,delay: 0.4299764633178711
131.202.240.87-131.202.240.242-42322-5619-6,packet_id: 38,delay: 0.42252087593078613
131.202.6.26-131.202.240.87-13000-64719-6,packet_id: 1,delay: 0.6027095317840576
131.202.6.26-131.202.240.87-13000-64719-6,packet_id: 2,delay: 0.6034910678863525
131.202.6.26-131.202.240.87-13000-64719-6,packet_id: 3,delay: 0.5878145694732666
142.1.33.2-10.0.2.15-3230-56467-6,packet_id: 1,delay: 0.6474814414978027
199.212.24.174-131.202.240.150-443-43919-6,packet_id: 1,delay: 0.3378868103027344
173.194.67.189-10.8.8.178-443-57866-6,packet_id: 1,delay: 0.5172173976898193
173.194.67.189-10.8.8.178-443-57926-6,packet_id: 1,delay: 0.5005974769592285
173.194.67.189-10.8.8.178-443-57926-6,packet_id: 2,delay: 0.5121431350708008
173.194.67.189-10.8.8.178-443-57926-6,packet_id: 3,delay: 0.5203568935394287
173.194.67.189-10.8.8.178-443-57926-6,packet_id: 4,delay: 0.5403144359588623
173.194.67.189-10.8.8.178-443-57926-6,packet_id: 5,delay: 0.5245611667633057
173.194.67.189-10.8.8.178-443-57926-6,packet_id: 6,delay: 0.5336716175079346
173.194.67.189-10.8.8.178-443-57926-6,packet_id: 7,delay: 0.5189826488494873
173.194.67.189-10.8.8.178-443-57926-6,packet_id: 8,delay: 0.5139517784118652
173.194.67.189-10.8.8.178-443-57926-6,packet_id: 9,delay: 0.35986924171447754
131.202.240.150-23.50.75.27-45724-80-6,packet_id: 1,delay: 0.33539795875549316
173.194.78.189-10.8.8.130-443-60098-6,packet_id: 1,delay: 0.441251277923584
173.194.78.189-10.8.8.130-443-60098-6,packet_id: 2,delay: 0.4337456226348877
173.194.78.189-10.8.8.130-443-60098-6,packet_id: 3,delay: 0.30002927780151367
131.202.240.150-23.235.40.143-54394-443-6,packet_id: 1,delay: 0.5019161701202393
131.202.240.150-23.235.40.143-54394-443-6,packet_id: 2,delay: 0.5304603576660156
131.202.240.150-23.235.40.143-54394-443-6,packet_id: 3,delay: 0.525484561920166
131.202.240.150-23.235.40.143-54394-443-6,packet_id: 4,delay: 0.5244948863983154
131.202.240.150-23.235.40.143-54394-443-6,packet_id: 5,delay: 0.6940939426422119
199.212.24.173-131.202.240.150-443-54334-6,packet_id: 1,delay: 0.3474760055541992
10.8.8.130-2.30.116.54-48835-58139-6,packet_id: 1,delay: 0.524146318435669
10.8.8.130-2.30.116.54-48835-58139-6,packet_id: 2,delay: 0.3781418800354004
10.8.8.130-2.30.116.54-48835-58139-6,packet_id: 3,delay: 0.5512080192565918
157.56.52.13-10.0.2.15-40011-34332-6,packet_id: 1,delay: 0.6406171321868896
157.56.52.13-10.0.2.15-40011-34332-6,packet_id: 2,delay: 0.6850919723510742
10.8.8.138-24.156.130.203-55782-80-6,packet_id: 1,delay: 0.41437792778015137
10.8.8.138-24.156.130.203-55782-80-6,packet_id: 2,delay: 0.40764760971069336
10.8.8.138-24.156.130.203-55782-80-6,packet_id: 3,delay: 0.40388035774230957
10.8.8.138-24.156.130.203-55782-80-6,packet_id: 4,delay: 0.4149465560913086
199.212.24.175-131.202.240.150-443-58600-6,packet_id: 1,delay: 0.35945582389831543
131.202.240.150-108.175.39.202-40884-80-6,packet_id: 1,delay: 0.6802186965942383
131.202.240.150-108.175.39.202-40884-80-6,packet_id: 2,delay: 0.6649758815765381
131.202.240.150-108.175.39.202-40884-80-6,packet_id: 3,delay: 0.6800246238708496
131.202.240.150-108.175.39.202-40884-80-6,packet_id: 4,delay: 0.6575324535369873
131.202.240.150-108.175.39.202-40884-80-6,packet_id: 5,delay: 0.6702818870544434
131.202.240.150-108.175.39.202-40884-80-6,packet_id: 6,delay: 0.6662037372589111
131.202.240.150-108.175.39.202-40884-80-6,packet_id: 7,delay: 0.6563646793365479
131.202.240.150-108.175.39.202-40884-80-6,packet_id: 8,delay: 0.6450114250183105
131.202.240.150-108.175.39.202-40884-80-6,packet_id: 9,delay: 0.6796445846557617
131.202.240.150-108.175.39.202-40884-80-6,packet_id: 10,delay: 0.6626439094543457
131.202.240.150-108.175.39.202-40884-80-6,packet_id: 11,delay: 0.6609036922454834
131.202.240.150-108.175.39.202-40884-80-6,packet_id: 12,delay: 0.65740966796875
131.202.240.150-108.175.39.202-40884-80-6,packet_id: 13,delay: 0.6616222858428955
131.202.240.150-108.175.39.202-40884-80-6,packet_id: 14,delay: 0.6687314510345459
131.202.240.150-108.175.39.202-40884-80-6,packet_id: 15,delay: 0.6567575931549072
131.202.240.150-108.175.39.202-40884-80-6,packet_id: 16,delay: 0.6557559967041016
137.116.32.77-10.0.2.15-443-34727-6,packet_id: 1,delay: 0.329268217086792
199.212.24.175-131.202.240.150-443-58936-6,packet_id: 1,delay: 0.17375969886779785
157.56.52.13-10.8.8.178-40011-56909-6,packet_id: 1,delay: 0.4766693115234375
10.8.8.130-2.101.222.231-34461-9396-6,packet_id: 1,delay: 0.3627798557281494
10.8.8.130-2.101.222.231-34461-9396-6,packet_id: 2,delay: 0.33661723136901855
10.8.8.130-2.101.222.231-34461-9396-6,packet_id: 3,delay: 0.6670231819152832
10.8.8.130-2.101.222.231-34461-9396-6,packet_id: 4,delay: 0.5061311721801758
10.8.8.130-2.101.222.231-34461-9396-6,packet_id: 5,delay: 0.5008089542388916
10.8.8.138-107.22.243.234-35936-443-6,packet_id: 1,delay: 0.2885918617248535
10.8.8.138-185.2.220.137-43533-80-6,packet_id: 1,delay: 0.45895814895629883
10.8.8.138-185.2.220.137-43533-80-6,packet_id: 2,delay: 0.4500441551208496
10.8.8.138-185.2.220.137-43533-80-6,packet_id: 3,delay: 0.4756958484649658
10.8.8.138-185.2.220.137-43533-80-6,packet_id: 4,delay: 0.46872448921203613
10.8.8.138-185.2.220.137-43533-80-6,packet_id: 5,delay: 0.46952199935913086
10.8.8.138-185.2.220.137-43533-80-6,packet_id: 6,delay: 0.462141752243042
10.8.8.138-185.2.220.137-43533-80-6,packet_id: 7,delay: 0.46259331703186035
10.8.8.138-185.2.220.137-43533-80-6,packet_id: 8,delay: 0.4577617645263672
10.8.8.138-185.2.220.137-43533-80-6,packet_id: 9,delay: 0.43416881561279297
10.8.8.138-185.2.220.137-43533-80-6,packet_id: 10,delay: 0.44486546516418457
10.8.8.138-185.2.220.137-43533-80-6,packet_id: 11,delay: 0.44700145721435547
10.8.8.138-185.2.220.137-43533-80-6,packet_id: 12,delay: 0.45311594009399414
10.8.8.138-185.2.220.137-43533-80-6,packet_id: 13,delay: 0.43474578857421875
10.8.8.138-185.2.220.137-43533-80-6,packet_id: 14,delay: 0.43757176399230957
10.8.8.138-185.2.220.137-43533-80-6,packet_id: 15,delay: 0.43040013313293457
10.8.8.138-185.2.220.137-43533-80-6,packet_id: 16,delay: 0.45786046981811523
10.8.8.138-185.2.220.137-43533-80-6,packet_id: 17,delay: 0.4736025333404541
10.8.8.138-185.2.220.137-43533-80-6,packet_id: 18,delay: 0.46286487579345703
10.8.8.138-185.2.220.137-43533-80-6,packet_id: 19,delay: 0.47101640701293945
10.8.8.138-185.2.220.137-43533-80-6,packet_id: 20,delay: 0.42992186546325684
10.8.8.138-185.2.220.137-43533-80-6,packet_id: 21,delay: 0.4492220878601074
10.8.8.138-185.2.220.137-43533-80-6,packet_id: 22,delay: 0.4586493968963623
10.8.8.138-185.2.220.137-43533-80-6,packet_id: 23,delay: 0.4588449001312256
10.8.8.138-185.2.220.137-43533-80-6,packet_id: 24,delay: 0.4626352787017822
10.8.8.138-185.2.220.137-43533-80-6,packet_id: 25,delay: 0.45331692695617676
10.8.8.138-185.2.220.137-43533-80-6,packet_id: 26,delay: 0.4527757167816162
10.8.8.138-185.2.220.137-43533-80-6,packet_id: 27,delay: 0.47332167625427246
10.8.8.138-185.2.220.137-43533-80-6,packet_id: 28,delay: 0.4586524963378906
10.8.8.138-185.2.220.137-43533-80-6,packet_id: 29,delay: 0.4411282539367676
10.8.8.138-185.2.220.137-43533-80-6,packet_id: 30,delay: 0.44552159309387207
10.8.8.138-185.2.220.137-43533-80-6,packet_id: 31,delay: 0.4447047710418701
10.8.8.138-185.2.220.137-43533-80-6,packet_id: 32,delay: 0.46079349517822266
10.8.8.138-185.2.220.137-43533-80-6,packet_id: 33,delay: 0.45079827308654785
10.8.8.138-185.2.220.137-43533-80-6,packet_id: 34,delay: 0.44639062881469727
10.8.8.138-185.2.220.137-43533-80-6,packet_id: 35,delay: 0.4665243625640869
10.8.8.138-185.2.220.137-43533-80-6,packet_id: 36,delay: 0.4886503219604492
10.8.8.138-185.2.220.137-43533-80-6,packet_id: 37,delay: 0.4996213912963867
10.8.8.138-185.2.220.137-43533-80-6,packet_id: 38,delay: 0.49220776557922363
10.8.8.138-185.2.220.137-43533-80-6,packet_id: 39,delay: 0.5078818798065186
10.8.8.138-185.2.220.137-43533-80-6,packet_id: 40,delay: 0.4810013771057129
10.8.8.138-185.2.220.137-43533-80-6,packet_id: 41,delay: 0.5146923065185547
10.8.8.138-185.2.220.137-43533-80-6,packet_id: 42,delay: 0.46846938133239746
10.8.8.138-185.2.220.137-43533-80-6,packet_id: 43,delay: 0.4478418827056885
10.8.8.138-185.2.220.137-43533-80-6,packet_id: 44,delay: 0.47910094261169434
10.8.8.138-185.2.220.137-43533-80-6,packet_id: 45,delay: 0.4687974452972412
10.8.8.138-185.2.220.137-43533-80-6,packet_id: 46,delay: 0.47754812240600586
10.8.8.138-185.2.220.137-43533-80-6,packet_id: 47,delay: 0.4752018451690674
10.8.8.138-185.2.220.137-43533-80-6,packet_id: 48,delay: 0.4567558765411377
10.8.8.138-185.2.220.137-43533-80-6,packet_id: 49,delay: 0.4681277275085449
10.8.8.130-66.220.156.2-42513-443-6,packet_id: 1,delay: 0.419980525970459
10.8.8.130-66.220.156.2-42513-443-6,packet_id: 2,delay: 0.44104957580566406
10.8.8.130-66.220.156.2-42513-443-6,packet_id: 3,delay: 0.41858792304992676
10.8.8.130-66.220.156.2-42513-443-6,packet_id: 4,delay: 0.4231147766113281
10.8.8.130-66.220.156.2-42513-443-6,packet_id: 5,delay: 0.39621400833129883
10.8.8.130-66.220.156.2-42513-443-6,packet_id: 6,delay: 0.40092039108276367
10.8.8.130-66.220.156.2-42513-443-6,packet_id: 7,delay: 0.4006006717681885
10.8.8.130-66.220.156.2-42513-443-6,packet_id: 8,delay: 0.4341771602630615
10.8.8.130-66.220.156.2-42513-443-6,packet_id: 9,delay: 0.4057924747467041
10.8.8.130-66.220.156.2-42513-443-6,packet_id: 10,delay: 0.40891504287719727
131.202.240.87-134.170.19.124-10864-443-6,packet_id: 1,delay: 0.6410634517669678
131.202.240.87-134.170.19.124-10864-443-6,packet_id: 2,delay: 0.623715877532959
131.202.240.87-134.170.19.124-10864-443-6,packet_id: 3,delay: 0.6309795379638672
131.202.240.87-134.170.19.124-10864-443-6,packet_id: 4,delay: 0.6272764205932617
131.202.240.87-134.170.19.124-10864-443-6,packet_id: 5,delay: 0.6428732872009277
131.202.240.87-134.170.19.124-10864-443-6,packet_id: 6,delay: 0.46382713317871094
131.202.240.87-134.170.19.124-10864-443-6,packet_id: 7,delay: 0.6151919364929199
131.202.240.87-134.170.19.124-10864-443-6,packet_id: 8,delay: 0.6220371723175049
131.202.240.87-134.170.19.124-10864-443-6,packet_id: 9,delay: 0.46930408477783203
131.202.240.150-108.175.42.181-58287-80-6,packet_id: 1,delay: 0.3725464344024658
131.202.240.150-108.175.42.181-58287-80-6,packet_id: 2,delay: 0.37355709075927734
131.202.240.150-108.175.42.181-58287-80-6,packet_id: 3,delay: 0.3712325096130371
131.202.240.150-108.175.42.181-58287-80-6,packet_id: 4,delay: 0.379223108291626
131.202.240.150-108.175.42.181-58287-80-6,packet_id: 5,delay: 0.37812232971191406
131.202.240.150-108.175.42.181-58287-80-6,packet_id: 6,delay: 0.3829324245452881
131.202.240.150-108.175.42.181-58287-80-6,packet_id: 7,delay: 0.4068562984466553
131.202.240.150-108.175.42.181-58287-80-6,packet_id: 8,delay: 0.3747866153717041
131.202.240.150-108.175.42.181-58287-80-6,packet_id: 9,delay: 0.38754868507385254
131.202.240.150-108.175.42.181-58287-80-6,packet_id: 10,delay: 0.39532971382141113
131.202.240.150-108.175.42.181-58287-80-6,packet_id: 11,delay: 0.3817112445831299
10.8.8.130-77.103.197.35-52719-47872-6,packet_id: 1,delay: 0.1327686309814453
131.202.240.87-173.194.196.16-10784-465-6,packet_id: 1,delay: 0.381547212600708
10.8.8.130-86.4.212.228-59320-59222-6,packet_id: 1,delay: 0.27567052841186523
10.8.8.130-86.4.212.228-59320-59222-6,packet_id: 2,delay: 0.293473482131958
10.8.8.130-86.4.212.228-59320-59222-6,packet_id: 3,delay: 0.3049194812774658
10.8.8.130-86.4.212.228-59320-59222-6,packet_id: 4,delay: 0.2932395935058594
131.202.240.87-173.194.196.16-10790-465-6,packet_id: 1,delay: 0.39186525344848633
131.202.240.87-173.252.100.27-64842-443-6,packet_id: 1,delay: 0.5359461307525635
131.202.240.87-173.252.100.27-64842-443-6,packet_id: 2,delay: 0.5324468612670898
131.202.240.87-173.252.100.27-64842-443-6,packet_id: 3,delay: 0.5280652046203613
131.202.240.87-173.252.100.27-64842-443-6,packet_id: 4,delay: 0.5375521183013916
131.202.240.87-173.252.100.27-64842-443-6,packet_id: 5,delay: 0.5492122173309326
131.202.240.87-173.252.100.27-64842-443-6,packet_id: 6,delay: 0.5549228191375732
10.8.8.130-157.56.192.53-33104-443-6,packet_id: 1,delay: 0.28689050674438477
10.8.8.130-157.56.192.53-33104-443-6,packet_id: 2,delay: 0.2849106788635254
10.8.8.130-157.56.192.53-33104-443-6,packet_id: 3,delay: 0.41608691215515137
205.188.12.43-10.8.8.130-443-44917-6,packet_id: 1,delay: 0.5769996643066406
205.188.12.43-10.8.8.130-443-44917-6,packet_id: 2,delay: 0.5932738780975342
205.188.12.43-10.8.8.130-443-44917-6,packet_id: 3,delay: 0.5898232460021973
10.8.8.130-173.194.78.189-60098-443-6,packet_id: 1,delay: 0.6063907146453857
10.8.8.130-173.194.78.189-60098-443-6,packet_id: 2,delay: 0.5952842235565186
10.8.8.130-173.194.78.189-60098-443-6,packet_id: 3,delay: 0.6425700187683105
10.8.8.130-173.194.78.189-60098-443-6,packet_id: 4,delay: 0.6249535083770752
10.8.8.130-173.194.78.189-60098-443-6,packet_id: 5,delay: 0.47796058654785156
10.8.8.130-173.194.78.189-60098-443-6,packet_id: 6,delay: 0.4674797058105469
131.202.240.87-178.237.17.103-42530-443-6,packet_id: 1,delay: 0.39797472953796387
131.202.240.87-178.237.17.103-42530-443-6,packet_id: 2,delay: 0.4096100330352783
134.170.19.124-131.202.240.87-443-10864-6,packet_id: 1,delay: 0.4632270336151123
134.170.19.124-131.202.240.87-443-10864-6,packet_id: 2,delay: 0.4765896797180176
134.170.19.124-131.202.240.87-443-10864-6,packet_id: 3,delay: 0.4713466167449951
134.170.19.124-131.202.240.87-443-10864-6,packet_id: 4,delay: 0.45998287200927734
134.170.19.124-131.202.240.87-443-10864-6,packet_id: 5,delay: 0.4659616947174072
134.170.19.124-131.202.240.87-443-10864-6,packet_id: 6,delay: 0.45813822746276855
134.170.19.124-131.202.240.87-443-10864-6,packet_id: 7,delay: 0.4583301544189453
134.170.19.124-131.202.240.87-443-10864-6,packet_id: 8,delay: 0.45921897888183594
134.170.19.124-131.202.240.87-443-10864-6,packet_id: 9,delay: 0.47670769691467285
134.170.19.124-131.202.240.87-443-10864-6,packet_id: 10,delay: 0.47066640853881836
205.188.12.43-131.202.240.242-443-31783-6,packet_id: 1,delay: 0.6028368473052979
131.202.240.87-205.188.12.91-42522-443-6,packet_id: 1,delay: 0.46851515769958496
131.202.240.87-205.188.12.91-42522-443-6,packet_id: 2,delay: 0.4801168441772461
131.202.240.150-108.175.43.146-60056-80-6,packet_id: 1,delay: 0.4160621166229248
131.202.240.150-108.175.43.146-60056-80-6,packet_id: 2,delay: 0.422687292098999
131.202.240.150-108.175.43.146-60056-80-6,packet_id: 3,delay: 0.4118351936340332
131.202.240.150-108.175.43.146-60056-80-6,packet_id: 4,delay: 0.41897034645080566
131.202.240.150-108.175.43.146-60056-80-6,packet_id: 5,delay: 0.4239978790283203
131.202.240.150-108.175.43.146-60056-80-6,packet_id: 6,delay: 0.40921592712402344
131.202.240.150-108.175.43.146-60056-80-6,packet_id: 7,delay: 0.39518117904663086
131.202.240.150-108.175.43.146-60056-80-6,packet_id: 8,delay: 0.44351696968078613
131.202.240.150-108.175.43.146-60056-80-6,packet_id: 9,delay: 0.44619035720825195
131.202.240.150-108.175.43.146-60056-80-6,packet_id: 10,delay: 0.4351491928100586
131.202.240.150-108.175.43.146-60056-80-6,packet_id: 11,delay: 0.42081427574157715
131.202.240.150-108.175.43.146-60056-80-6,packet_id: 12,delay: 0.4733271598815918
131.202.240.150-108.175.43.146-60056-80-6,packet_id: 13,delay: 0.43292832374572754
131.202.240.150-108.175.43.146-60056-80-6,packet_id: 14,delay: 0.44294309616088867
131.202.240.150-108.175.43.146-60056-80-6,packet_id: 15,delay: 0.4539642333984375
131.202.240.150-108.175.43.146-60056-80-6,packet_id: 16,delay: 0.47367119789123535
131.202.240.150-108.175.43.146-60056-80-6,packet_id: 17,delay: 0.45818305015563965
131.202.240.150-108.175.43.146-60056-80-6,packet_id: 18,delay: 0.4303586483001709
131.202.240.150-108.175.43.146-60056-80-6,packet_id: 19,delay: 0.28214240074157715
184.29.105.106-131.202.240.150-80-45466-6,packet_id: 1,delay: 0.5831174850463867
131.202.240.87-209.148.205.35-64882-443-6,packet_id: 1,delay: 0.35120344161987305
10.8.8.130-178.237.18.202-34342-443-6,packet_id: 1,delay: 0.4636044502258301
10.8.8.130-178.237.18.202-34342-443-6,packet_id: 2,delay: 0.46425414085388184
10.8.8.130-178.237.18.202-34342-443-6,packet_id: 3,delay: 0.46588945388793945
10.8.8.130-205.188.12.43-44917-443-6,packet_id: 1,delay: 0.40177178382873535
10.8.8.130-205.188.12.43-44917-443-6,packet_id: 2,delay: 0.4163072109222412
10.8.8.130-216.58.210.3-34920-443-6,packet_id: 1,delay: 0.2116224765777588
10.8.8.130-216.58.210.3-34920-443-6,packet_id: 2,delay: 0.19594526290893555
10.8.8.130-216.58.210.3-34920-443-6,packet_id: 3,delay: 0.22373580932617188
173.194.194.16-10.0.2.15-995-58959-6,packet_id: 1,delay: 0.3381478786468506
208.118.125.54-131.202.240.87-49266-42322-6,packet_id: 1,delay: 0.5676133632659912
74.125.71.16-10.0.2.15-465-51254-6,packet_id: 1,delay: 0.418917179107666
10.8.8.130-216.58.210.3-34927-443-6,packet_id: 1,delay: 0.2164757251739502
68.67.153.146-131.202.240.87-443-11327-6,packet_id: 1,delay: 0.5589382648468018
10.8.8.178-2.30.116.54-43020-58139-6,packet_id: 1,delay: 0.5416014194488525
10.8.8.178-2.30.116.54-43020-58139-6,packet_id: 2,delay: 0.4948272705078125
10.8.8.178-2.30.116.54-43020-58139-6,packet_id: 3,delay: 0.35633373260498047
10.8.8.178-2.30.116.54-43020-58139-6,packet_id: 4,delay: 0.5455152988433838
10.8.8.178-2.30.116.54-43020-58139-6,packet_id: 5,delay: 0.5243291854858398
10.8.8.178-2.30.116.54-43020-58139-6,packet_id: 6,delay: 0.5399134159088135
74.125.71.16-10.8.8.234-993-56529-6,packet_id: 1,delay: 0.39653873443603516
74.125.71.16-10.8.8.234-993-56529-6,packet_id: 2,delay: 0.4008944034576416
74.125.71.16-10.8.8.234-993-56529-6,packet_id: 3,delay: 0.7227737903594971
10.8.8.130-216.58.210.3-34930-443-6,packet_id: 1,delay: 0.21585607528686523
185.2.220.137-10.8.8.138-80-43533-6,packet_id: 1,delay: 0.13709330558776855
185.2.220.137-10.8.8.138-80-43533-6,packet_id: 2,delay: 0.1454944610595703
185.2.220.137-10.8.8.138-80-43533-6,packet_id: 3,delay: 0.15510153770446777
185.2.220.137-10.8.8.138-80-43533-6,packet_id: 4,delay: 0.15362834930419922
185.2.220.137-10.8.8.138-80-43533-6,packet_id: 5,delay: 0.15173625946044922
185.2.220.137-10.8.8.138-80-43533-6,packet_id: 6,delay: 0.14006781578063965
185.2.220.137-10.8.8.138-80-43533-6,packet_id: 7,delay: 0.1521294116973877
185.2.220.137-10.8.8.138-80-43533-6,packet_id: 8,delay: 0.15693998336791992
185.2.220.137-10.8.8.138-80-43533-6,packet_id: 9,delay: 0.14452862739562988
185.2.220.137-10.8.8.138-80-43533-6,packet_id: 10,delay: 0.1561732292175293
185.2.220.137-10.8.8.138-80-43533-6,packet_id: 11,delay: 0.13686633110046387
185.2.220.137-10.8.8.138-80-43533-6,packet_id: 12,delay: 0.13698959350585938
185.2.220.137-10.8.8.138-80-43533-6,packet_id: 13,delay: 0.14321351051330566
185.2.220.137-10.8.8.138-80-43533-6,packet_id: 14,delay: 0.1449146270751953
185.2.220.137-10.8.8.138-80-43533-6,packet_id: 15,delay: 0.1303389072418213
185.2.220.137-10.8.8.138-80-43533-6,packet_id: 16,delay: 0.14587712287902832
185.2.220.137-10.8.8.138-80-43533-6,packet_id: 17,delay: 0.14552593231201172
185.2.220.137-10.8.8.138-80-43533-6,packet_id: 18,delay: 0.14702558517456055
185.2.220.137-10.8.8.138-80-43533-6,packet_id: 19,delay: 0.14872336387634277
185.2.220.137-10.8.8.138-80-43533-6,packet_id: 20,delay: 0.13283276557922363
185.2.220.137-10.8.8.138-80-43533-6,packet_id: 21,delay: 0.1543138027191162
185.2.220.137-10.8.8.138-80-43533-6,packet_id: 22,delay: 0.14388823509216309
185.2.220.137-10.8.8.138-80-43533-6,packet_id: 23,delay: 0.16344404220581055
185.2.220.137-10.8.8.138-80-43533-6,packet_id: 24,delay: 0.13205194473266602
185.2.220.137-10.8.8.138-80-43533-6,packet_id: 25,delay: 0.13688421249389648
185.2.220.137-10.8.8.138-80-43533-6,packet_id: 26,delay: 0.1408376693725586
185.2.220.137-10.8.8.138-80-43533-6,packet_id: 27,delay: 0.13222646713256836
185.2.220.137-10.8.8.138-80-43533-6,packet_id: 28,delay: 0.13679218292236328
185.2.220.137-10.8.8.138-80-43533-6,packet_id: 29,delay: 0.1440112590789795
185.2.220.137-10.8.8.138-80-43533-6,packet_id: 30,delay: 0.14189553260803223
185.2.220.137-10.8.8.138-80-43533-6,packet_id: 31,delay: 0.14703893661499023
185.2.220.137-10.8.8.138-80-43533-6,packet_id: 32,delay: 0.13542628288269043
185.2.220.137-10.8.8.138-80-43533-6,packet_id: 33,delay: 0.1504075527191162
185.2.220.137-10.8.8.138-80-43533-6,packet_id: 34,delay: 0.1378324031829834
185.2.220.137-10.8.8.138-80-43533-6,packet_id: 35,delay: 0.1557927131652832
185.2.220.137-10.8.8.138-80-43533-6,packet_id: 36,delay: 0.13715124130249023
185.2.220.137-10.8.8.138-80-43533-6,packet_id: 37,delay: 0.16378211975097656
185.2.220.137-10.8.8.138-80-43533-6,packet_id: 38,delay: 0.15867090225219727
185.2.220.137-10.8.8.138-80-43533-6,packet_id: 39,delay: 0.14035820960998535
185.2.220.137-10.8.8.138-80-43533-6,packet_id: 40,delay: 0.1428828239440918
185.2.220.137-10.8.8.138-80-43533-6,packet_id: 41,delay: 0.137373685836792
185.2.220.137-10.8.8.138-80-43533-6,packet_id: 42,delay: 0.13299560546875
185.2.220.137-10.8.8.138-80-43533-6,packet_id: 43,delay: 0.15922045707702637
185.2.220.137-10.8.8.138-80-43533-6,packet_id: 44,delay: 0.15841341018676758
185.2.220.137-10.8.8.138-80-43533-6,packet_id: 45,delay: 0.1945352554321289
185.2.220.137-10.8.8.138-80-43533-6,packet_id: 46,delay: 0.17740631103515625
185.2.220.137-10.8.8.138-80-43533-6,packet_id: 47,delay: 0.13221359252929688
185.2.220.137-10.8.8.138-80-43533-6,packet_id: 48,delay: 0.1697852611541748
185.2.220.137-10.8.8.138-80-43533-6,packet_id: 49,delay: 0.15862488746643066
185.2.220.137-10.8.8.138-80-43533-6,packet_id: 50,delay: 0.12491345405578613
185.2.220.137-10.8.8.138-80-43533-6,packet_id: 51,delay: 0.1346292495727539
185.2.220.137-10.8.8.138-80-43533-6,packet_id: 52,delay: 0.15572476387023926
185.2.220.137-10.8.8.138-80-43533-6,packet_id: 53,delay: 0.16393232345581055
185.2.220.137-10.8.8.138-80-43533-6,packet_id: 54,delay: 0.1400589942932129
185.2.220.137-10.8.8.138-80-43533-6,packet_id: 55,delay: 0.15364670753479004
185.2.220.137-10.8.8.138-80-43533-6,packet_id: 56,delay: 0.1554863452911377
185.2.220.137-10.8.8.138-80-43533-6,packet_id: 57,delay: 0.1440131664276123
185.2.220.137-10.8.8.138-80-43533-6,packet_id: 58,delay: 0.15863800048828125
185.2.220.137-10.8.8.138-80-43533-6,packet_id: 59,delay: 0.1579279899597168
185.2.220.137-10.8.8.138-80-43533-6,packet_id: 60,delay: 0.16785454750061035
185.2.220.137-10.8.8.138-80-43533-6,packet_id: 61,delay: 0.1571657657623291
185.2.220.137-10.8.8.138-80-43533-6,packet_id: 62,delay: 0.15532684326171875
185.2.220.137-10.8.8.138-80-43533-6,packet_id: 63,delay: 0.14984941482543945
185.2.220.137-10.8.8.138-80-43533-6,packet_id: 64,delay: 0.14719915390014648
185.2.220.137-10.8.8.138-80-43533-6,packet_id: 65,delay: 0.15048527717590332
185.2.220.137-10.8.8.138-80-43533-6,packet_id: 66,delay: 0.15044808387756348
185.2.220.137-10.8.8.138-80-43533-6,packet_id: 67,delay: 0.1298389434814453
185.2.220.137-10.8.8.138-80-43533-6,packet_id: 68,delay: 0.1430201530456543
185.2.220.137-10.8.8.138-80-43533-6,packet_id: 69,delay: 0.1455991268157959
185.2.220.137-10.8.8.138-80-43533-6,packet_id: 70,delay: 0.16610336303710938
185.2.220.137-10.8.8.138-80-43533-6,packet_id: 71,delay: 0.142686128616333
185.2.220.137-10.8.8.138-80-43533-6,packet_id: 72,delay: 0.14053702354431152
185.2.220.137-10.8.8.138-80-43533-6,packet_id: 73,delay: 0.13643360137939453
185.2.220.137-10.8.8.138-80-43533-6,packet_id: 74,delay: 0.132645845413208
185.2.220.137-10.8.8.138-80-43533-6,packet_id: 75,delay: 0.1558845043182373
185.2.220.137-10.8.8.138-80-43533-6,packet_id: 76,delay: 0.15036702156066895
185.2.220.137-10.8.8.138-80-43533-6,packet_id: 77,delay: 0.14653635025024414
185.2.220.137-10.8.8.138-80-43533-6,packet_id: 78,delay: 0.16221857070922852
185.2.220.137-10.8.8.138-80-43533-6,packet_id: 79,delay: 0.1427443027496338
185.2.220.137-10.8.8.138-80-43533-6,packet_id: 80,delay: 0.14781475067138672
185.2.220.137-10.8.8.138-80-43533-6,packet_id: 81,delay: 0.15171146392822266
185.2.220.137-10.8.8.138-80-43533-6,packet_id: 82,delay: 0.1502223014831543
10.8.8.234-74.125.71.16-56545-993-6,packet_id: 1,delay: 0.39882707595825195
10.8.8.234-74.125.71.16-56545-993-6,packet_id: 2,delay: 0.4035494327545166
10.8.8.130-216.58.210.14-45184-443-6,packet_id: 1,delay: 0.2854180335998535
10.8.8.130-216.58.210.14-45184-443-6,packet_id: 2,delay: 0.2775537967681885
10.8.8.130-216.58.210.14-45184-443-6,packet_id: 3,delay: 0.30742549896240234
10.8.8.130-216.58.210.14-45184-443-6,packet_id: 4,delay: 0.6253037452697754
10.8.8.130-216.58.210.14-45184-443-6,packet_id: 5,delay: 0.6115314960479736
10.8.8.130-216.58.210.14-45184-443-6,packet_id: 6,delay: 0.6508913040161133
10.8.8.130-216.58.210.14-45184-443-6,packet_id: 7,delay: 0.6397383213043213
10.8.8.130-216.58.210.14-45184-443-6,packet_id: 8,delay: 0.6392719745635986
10.8.8.130-216.58.210.14-45184-443-6,packet_id: 9,delay: 0.4801781177520752
10.8.8.130-216.58.210.14-45184-443-6,packet_id: 10,delay: 0.45590758323669434
10.8.8.130-216.58.210.14-45184-443-6,packet_id: 11,delay: 0.3041374683380127
10.8.8.130-216.58.210.14-45184-443-6,packet_id: 12,delay: 0.6243736743927002
10.8.8.130-216.58.210.14-45184-443-6,packet_id: 13,delay: 0.6443462371826172
10.8.8.130-216.58.210.14-45184-443-6,packet_id: 14,delay: 0.6434292793273926
10.8.8.130-216.58.210.14-45184-443-6,packet_id: 15,delay: 0.6395838260650635
10.8.8.130-216.58.210.14-45184-443-6,packet_id: 16,delay: 0.6132256984710693
173.194.123.124-131.202.240.242-443-5983-6,packet_id: 1,delay: 0.2898256778717041
216.58.210.78-10.8.8.178-443-44923-6,packet_id: 1,delay: 0.42932915687561035
216.58.210.78-10.8.8.178-443-44923-6,packet_id: 2,delay: 0.44179224967956543
216.58.210.78-10.8.8.178-443-44923-6,packet_id: 3,delay: 0.44807958602905273
216.58.210.78-10.8.8.178-443-44923-6,packet_id: 4,delay: 0.44126391410827637
10.8.8.234-74.125.133.16-51040-993-6,packet_id: 1,delay: 0.20628046989440918
10.8.8.234-74.125.133.16-51055-993-6,packet_id: 1,delay: 0.17866945266723633
10.8.8.234-74.125.133.16-51055-993-6,packet_id: 2,delay: 0.2066349983215332
10.8.8.234-74.125.133.16-51055-993-6,packet_id: 3,delay: 0.214463472366333
10.8.8.234-74.125.133.16-51055-993-6,packet_id: 4,delay: 0.21331334114074707
10.8.8.234-74.125.133.16-51055-993-6,packet_id: 5,delay: 0.21265387535095215
10.8.8.234-74.125.133.16-51055-993-6,packet_id: 6,delay: 0.2091517448425293
10.8.8.234-74.125.133.16-51055-993-6,packet_id: 7,delay: 0.3907279968261719
10.8.8.234-74.125.133.16-51055-993-6,packet_id: 8,delay: 0.3834571838378906
10.8.8.178-23.67.255.209-39285-443-6,packet_id: 1,delay: 0.41764068603515625
10.8.8.178-23.192.162.186-46878-443-6,packet_id: 1,delay: 0.4007716178894043
131.202.240.150-108.175.43.161-57196-80-6,packet_id: 1,delay: 0.4353189468383789
131.202.240.150-108.175.43.161-57196-80-6,packet_id: 2,delay: 0.41017794609069824
131.202.240.150-108.175.43.161-57196-80-6,packet_id: 3,delay: 0.3771960735321045
131.202.240.150-108.175.43.161-57196-80-6,packet_id: 4,delay: 0.3799245357513428
131.202.240.150-108.175.43.161-57196-80-6,packet_id: 5,delay: 0.39459896087646484
131.202.240.150-108.175.43.161-57196-80-6,packet_id: 6,delay: 0.3942751884460449
131.202.240.150-108.175.43.161-57196-80-6,packet_id: 7,delay: 0.38676881790161133
131.202.240.150-108.175.43.161-57196-80-6,packet_id: 8,delay: 0.39364171028137207
131.202.240.150-108.175.43.161-57196-80-6,packet_id: 9,delay: 0.42604780197143555
131.202.240.150-108.175.43.161-57196-80-6,packet_id: 10,delay: 0.40758657455444336
131.202.240.150-108.175.43.161-57196-80-6,packet_id: 11,delay: 0.38294243812561035
131.202.240.150-108.175.43.161-57196-80-6,packet_id: 12,delay: 0.37671947479248047
131.202.240.150-108.175.43.161-57196-80-6,packet_id: 13,delay: 0.3628098964691162
131.202.240.150-108.175.43.161-57196-80-6,packet_id: 14,delay: 0.39523911476135254
131.202.240.150-108.175.43.161-57196-80-6,packet_id: 15,delay: 0.38928866386413574
131.202.240.150-108.175.43.161-57196-80-6,packet_id: 16,delay: 0.3803989887237549
131.202.240.150-108.175.43.161-57196-80-6,packet_id: 17,delay: 0.3764021396636963
10.8.8.178-63.245.217.113-38085-443-6,packet_id: 1,delay: 0.2956564426422119
10.8.8.178-63.245.217.113-38086-443-6,packet_id: 1,delay: 0.30117368698120117
10.8.8.178-86.4.212.228-52449-59222-6,packet_id: 1,delay: 0.45070314407348633
10.8.8.178-134.170.25.26-54269-443-6,packet_id: 1,delay: 0.3701803684234619
10.8.8.178-134.170.25.26-54269-443-6,packet_id: 2,delay: 0.3785529136657715
10.8.8.234-74.125.133.16-51056-993-6,packet_id: 1,delay: 0.21553659439086914
10.8.8.234-74.125.133.16-51056-993-6,packet_id: 2,delay: 0.21146154403686523
10.8.8.234-74.125.133.16-51056-993-6,packet_id: 3,delay: 0.2172374725341797
10.8.8.234-74.125.133.16-51056-993-6,packet_id: 4,delay: 0.2226717472076416
10.8.8.234-74.125.133.16-51056-993-6,packet_id: 5,delay: 0.2545809745788574
10.8.8.234-74.125.133.16-51056-993-6,packet_id: 6,delay: 0.22148633003234863
10.8.8.234-74.125.133.16-51056-993-6,packet_id: 7,delay: 0.2104792594909668
10.8.8.234-74.125.133.16-51056-993-6,packet_id: 8,delay: 0.22852039337158203
10.8.8.178-173.194.67.94-34123-443-6,packet_id: 1,delay: 0.3798642158508301
10.8.8.178-173.194.67.94-34123-443-6,packet_id: 2,delay: 0.3532238006591797
10.8.8.138-185.2.220.137-43535-80-6,packet_id: 1,delay: 0.4504070281982422
10.8.8.178-173.194.67.189-57926-443-6,packet_id: 1,delay: 0.34729504585266113
10.8.8.178-173.194.67.189-57926-443-6,packet_id: 2,delay: 0.37506818771362305
10.8.8.178-173.194.67.189-57926-443-6,packet_id: 3,delay: 0.35169053077697754
10.8.8.178-173.194.67.189-57926-443-6,packet_id: 4,delay: 0.34755611419677734
10.8.8.178-173.194.67.189-57926-443-6,packet_id: 5,delay: 0.3679537773132324
10.8.8.178-173.194.67.189-57926-443-6,packet_id: 6,delay: 0.6763169765472412
10.8.8.138-208.117.251.116-56550-443-6,packet_id: 1,delay: 0.44834232330322266
10.8.8.138-208.117.251.116-56550-443-6,packet_id: 2,delay: 0.31807398796081543
10.8.8.138-208.117.251.116-56550-443-6,packet_id: 3,delay: 0.29387879371643066
10.8.8.138-208.117.251.116-56557-443-6,packet_id: 1,delay: 0.4590163230895996
10.8.8.138-208.117.251.116-56568-443-6,packet_id: 1,delay: 0.2947423458099365
10.8.8.234-173.194.67.16-37858-465-6,packet_id: 1,delay: 0.3340110778808594
10.8.8.138-208.117.251.116-56577-443-6,packet_id: 1,delay: 0.46981263160705566
10.8.8.138-208.117.251.116-56577-443-6,packet_id: 2,delay: 0.45506858825683594
10.8.8.234-173.194.67.16-37875-465-6,packet_id: 1,delay: 0.5103020668029785
10.8.8.178-173.252.100.27-47132-443-6,packet_id: 1,delay: 0.34695959091186523
10.8.8.178-173.252.100.27-47132-443-6,packet_id: 2,delay: 0.33394575119018555
10.8.8.178-173.252.100.27-47132-443-6,packet_id: 3,delay: 0.3383903503417969
10.8.8.178-173.252.100.27-47132-443-6,packet_id: 4,delay: 0.32491230964660645
10.8.8.178-173.252.100.27-47132-443-6,packet_id: 5,delay: 0.4940347671508789
10.8.8.178-173.252.100.27-47132-443-6,packet_id: 6,delay: 0.4825313091278076
10.8.8.234-173.194.67.16-37877-465-6,packet_id: 1,delay: 0.35364699363708496
10.8.8.138-208.117.251.116-56622-443-6,packet_id: 1,delay: 0.30687904357910156
10.8.8.138-208.117.251.116-56622-443-6,packet_id: 2,delay: 0.2823755741119385
10.8.8.234-173.194.67.16-37883-465-6,packet_id: 1,delay: 0.4816908836364746
10.8.8.138-208.117.251.116-56647-443-6,packet_id: 1,delay: 0.45453310012817383
10.8.8.138-208.117.251.116-56647-443-6,packet_id: 2,delay: 0.4424762725830078
131.202.240.150-173.194.20.107-44157-443-6,packet_id: 1,delay: 0.3375101089477539
131.202.240.150-173.194.20.107-44157-443-6,packet_id: 2,delay: 0.33913230895996094
131.202.240.150-173.194.20.107-44157-443-6,packet_id: 3,delay: 0.3595924377441406
131.202.240.150-173.194.20.107-44157-443-6,packet_id: 4,delay: 0.3386108875274658
10.8.8.138-209.148.205.35-42190-443-6,packet_id: 1,delay: 0.13836050033569336
10.8.8.138-209.148.205.35-42190-443-6,packet_id: 2,delay: 0.12655282020568848
10.8.8.138-209.148.205.35-42190-443-6,packet_id: 3,delay: 0.14229512214660645
10.8.8.138-209.148.205.35-42190-443-6,packet_id: 4,delay: 0.12648725509643555
10.8.8.178-178.237.17.103-51318-443-6,packet_id: 1,delay: 0.3539142608642578
10.8.8.178-178.237.17.103-51318-443-6,packet_id: 2,delay: 0.20683741569519043
10.8.8.178-178.237.17.103-51318-443-6,packet_id: 3,delay: 0.3767263889312744
10.8.8.178-178.237.17.103-51318-443-6,packet_id: 4,delay: 0.39615559577941895
10.8.8.178-178.237.17.103-51318-443-6,packet_id: 5,delay: 0.35869383811950684
205.188.12.91-10.8.8.178-443-48911-6,packet_id: 1,delay: 0.39067506790161133
199.212.24.172-131.202.240.150-443-56874-6,packet_id: 1,delay: 0.3426547050476074
199.212.24.172-131.202.240.150-443-56874-6,packet_id: 2,delay: 0.35251903533935547
199.212.24.172-131.202.240.150-443-56874-6,packet_id: 3,delay: 0.3455159664154053
199.212.24.172-131.202.240.150-443-56874-6,packet_id: 4,delay: 0.3377838134765625
199.212.24.172-131.202.240.150-443-56874-6,packet_id: 5,delay: 0.33784914016723633
199.212.24.172-131.202.240.150-443-56874-6,packet_id: 6,delay: 0.30893707275390625
199.212.24.172-131.202.240.150-443-56874-6,packet_id: 7,delay: 0.3565948009490967
199.212.24.172-131.202.240.150-443-56874-6,packet_id: 8,delay: 0.349853515625
131.202.240.150-184.73.252.179-39085-80-6,packet_id: 1,delay: 0.28409767150878906
205.188.12.91-131.202.240.87-443-42522-6,packet_id: 1,delay: 0.6179590225219727
131.202.240.150-199.127.194.212-41858-443-6,packet_id: 1,delay: 0.19407916069030762
131.202.240.150-199.212.24.172-56874-443-6,packet_id: 1,delay: 0.4842090606689453
131.202.240.150-199.212.24.172-56874-443-6,packet_id: 2,delay: 0.49057555198669434
131.202.240.150-199.212.24.172-56874-443-6,packet_id: 3,delay: 0.4701352119445801
131.202.240.150-199.212.24.172-56874-443-6,packet_id: 4,delay: 0.4988291263580322
131.202.240.150-199.212.24.172-56874-443-6,packet_id: 5,delay: 0.5251598358154297
131.202.240.150-199.212.24.172-56874-443-6,packet_id: 6,delay: 0.5427086353302002
131.202.240.150-199.212.24.172-56874-443-6,packet_id: 7,delay: 0.525346040725708
131.202.240.150-199.212.24.172-56874-443-6,packet_id: 8,delay: 0.4907863140106201
131.202.240.150-199.212.24.172-56874-443-6,packet_id: 9,delay: 0.5074784755706787
131.202.240.150-199.212.24.172-56874-443-6,packet_id: 10,delay: 0.5017726421356201
131.202.240.150-199.212.24.172-56874-443-6,packet_id: 11,delay: 0.5633392333984375
131.202.240.150-199.212.24.172-56874-443-6,packet_id: 12,delay: 0.5713324546813965
131.202.240.150-199.212.24.172-56874-443-6,packet_id: 13,delay: 0.5671634674072266
131.202.240.150-199.212.24.172-56874-443-6,packet_id: 14,delay: 0.5625426769256592
131.202.240.150-199.212.24.172-56874-443-6,packet_id: 15,delay: 0.5133857727050781
131.202.240.150-199.212.24.172-56874-443-6,packet_id: 16,delay: 0.5209128856658936
131.202.240.150-199.212.24.172-56874-443-6,packet_id: 17,delay: 0.5631134510040283
131.202.240.150-199.212.24.172-56874-443-6,packet_id: 18,delay: 0.5121979713439941
131.202.240.150-199.212.24.172-56874-443-6,packet_id: 19,delay: 0.5079805850982666
131.202.240.150-199.212.24.172-56874-443-6,packet_id: 20,delay: 0.5289247035980225
131.202.240.150-199.212.24.172-56874-443-6,packet_id: 21,delay: 0.5288126468658447
131.202.240.150-199.212.24.172-56874-443-6,packet_id: 22,delay: 0.48560070991516113
131.202.240.150-199.212.24.172-56874-443-6,packet_id: 23,delay: 0.5060749053955078
131.202.240.150-199.212.24.172-56874-443-6,packet_id: 24,delay: 0.5054247379302979
131.202.240.150-199.212.24.172-56874-443-6,packet_id: 25,delay: 0.5011377334594727
131.202.240.150-199.212.24.172-56874-443-6,packet_id: 26,delay: 0.5200953483581543
131.202.240.150-199.212.24.172-56874-443-6,packet_id: 27,delay: 0.5246031284332275
131.202.240.150-199.212.24.172-56874-443-6,packet_id: 28,delay: 0.5296456813812256
131.202.240.150-199.212.24.172-56874-443-6,packet_id: 29,delay: 0.519392728805542
131.202.240.150-199.212.24.172-56874-443-6,packet_id: 30,delay: 0.5167191028594971
131.202.240.150-199.212.24.172-56874-443-6,packet_id: 31,delay: 0.48978233337402344
131.202.240.150-199.212.24.172-56874-443-6,packet_id: 32,delay: 0.48889636993408203
10.8.8.178-205.188.12.91-48911-443-6,packet_id: 1,delay: 0.4036521911621094
10.8.8.178-216.58.208.35-52205-443-6,packet_id: 1,delay: 0.3601558208465576
10.8.8.178-216.58.208.37-51920-443-6,packet_id: 1,delay: 0.5137448310852051
10.8.8.178-216.58.208.46-38243-443-6,packet_id: 1,delay: 0.7674398422241211
10.8.8.178-216.58.208.46-38243-443-6,packet_id: 2,delay: 0.765871524810791
10.8.8.178-216.58.208.46-38243-443-6,packet_id: 3,delay: 0.757502555847168
10.8.8.178-216.58.208.46-38243-443-6,packet_id: 4,delay: 0.7105879783630371
10.8.8.178-216.58.208.46-38243-443-6,packet_id: 5,delay: 0.5695762634277344
209.148.205.33-131.202.240.150-80-41146-6,packet_id: 1,delay: 0.6500186920166016
216.58.210.14-10.8.8.130-443-45184-6,packet_id: 1,delay: 0.47986936569213867
216.58.210.14-10.8.8.130-443-45184-6,packet_id: 2,delay: 0.48003053665161133
216.58.210.14-10.8.8.130-443-45184-6,packet_id: 3,delay: 0.46279430389404297
216.58.210.14-10.8.8.130-443-45184-6,packet_id: 4,delay: 0.46482181549072266
216.58.210.14-10.8.8.130-443-45184-6,packet_id: 5,delay: 0.4563472270965576
216.58.210.14-10.8.8.130-443-45184-6,packet_id: 6,delay: 0.47111988067626953
216.58.210.14-10.8.8.130-443-45184-6,packet_id: 7,delay: 0.4740912914276123
216.58.210.14-10.8.8.130-443-45184-6,packet_id: 8,delay: 0.5014345645904541
216.58.210.14-10.8.8.130-443-45184-6,packet_id: 9,delay: 0.4358508586883545
216.58.210.14-10.8.8.130-443-45184-6,packet_id: 10,delay: 0.4514603614807129
216.58.210.14-10.8.8.130-443-45184-6,packet_id: 11,delay: 0.47551941871643066
216.58.210.14-10.8.8.130-443-45184-6,packet_id: 12,delay: 0.4720571041107178
216.58.210.14-10.8.8.130-443-45184-6,packet_id: 13,delay: 0.5141232013702393
216.58.210.14-10.8.8.130-443-45184-6,packet_id: 14,delay: 0.4716308116912842
216.58.210.14-10.8.8.130-443-45184-6,packet_id: 15,delay: 0.4929018020629883
216.58.210.14-10.8.8.130-443-45184-6,packet_id: 16,delay: 0.5014994144439697
216.58.210.14-10.8.8.130-443-45184-6,packet_id: 17,delay: 0.4473555088043213
216.58.210.14-10.8.8.130-443-45184-6,packet_id: 18,delay: 0.45885157585144043
216.58.210.14-10.8.8.130-443-45184-6,packet_id: 19,delay: 0.45366859436035156
216.58.210.14-10.8.8.130-443-45184-6,packet_id: 20,delay: 0.4475698471069336
10.8.8.178-216.58.208.46-38246-443-6,packet_id: 1,delay: 0.4100799560546875
178.237.18.202-10.8.8.130-443-34342-6,packet_id: 1,delay: 0.5090527534484863
178.237.18.202-10.8.8.130-443-34342-6,packet_id: 2,delay: 0.5194802284240723
178.237.18.202-10.8.8.130-443-34342-6,packet_id: 3,delay: 0.5156741142272949
178.237.18.202-10.8.8.130-443-34342-6,packet_id: 4,delay: 0.4976317882537842
178.237.18.202-10.8.8.130-443-34342-6,packet_id: 5,delay: 0.47194623947143555
178.237.18.202-10.8.8.130-443-34342-6,packet_id: 6,delay: 0.4988558292388916
10.8.8.178-216.58.208.46-38264-443-6,packet_id: 1,delay: 0.41169023513793945
10.8.8.178-216.58.208.46-38264-443-6,packet_id: 2,delay: 0.41142773628234863
10.8.8.178-216.58.208.46-38264-443-6,packet_id: 3,delay: 0.4174807071685791
10.8.8.178-216.58.208.46-38264-443-6,packet_id: 4,delay: 0.7495279312133789
131.202.240.242-68.67.153.2-5887-80-6,packet_id: 1,delay: 0.47200942039489746
173.194.196.16-131.202.240.242-465-5488-6,packet_id: 1,delay: 0.3621346950531006
131.202.240.242-69.172.216.55-5957-443-6,packet_id: 1,delay: 0.4119679927825928
173.194.196.16-131.202.240.242-465-5492-6,packet_id: 1,delay: 0.3775954246520996
208.117.251.116-10.8.8.138-443-56550-6,packet_id: 1,delay: 0.18776369094848633
208.117.251.116-10.8.8.138-443-56550-6,packet_id: 2,delay: 0.2103426456451416
208.117.251.116-10.8.8.138-443-56550-6,packet_id: 3,delay: 0.1576862335205078
208.117.251.116-10.8.8.138-443-56550-6,packet_id: 4,delay: 0.15017247200012207
208.117.251.116-10.8.8.138-443-56550-6,packet_id: 5,delay: 0.19110393524169922
131.202.240.242-74.125.193.16-5535-995-6,packet_id: 1,delay: 0.3570420742034912
173.194.196.16-131.202.240.242-465-5524-6,packet_id: 1,delay: 0.3419332504272461
74.125.70.16-131.202.240.242-995-5479-6,packet_id: 1,delay: 0.26859545707702637
131.202.240.242-131.202.240.87-5619-42322-6,packet_id: 1,delay: 0.42336606979370117
131.202.240.242-131.202.240.87-5619-42322-6,packet_id: 2,delay: 0.42519283294677734
131.202.240.242-131.202.240.87-5619-42322-6,packet_id: 3,delay: 0.42037081718444824
131.202.240.242-131.202.240.87-5619-42322-6,packet_id: 4,delay: 0.48001909255981445
131.202.240.242-131.202.240.87-5619-42322-6,packet_id: 5,delay: 0.4459819793701172
131.202.240.242-131.202.240.87-5619-42322-6,packet_id: 6,delay: 0.42858099937438965
131.202.240.242-131.202.240.87-5619-42322-6,packet_id: 7,delay: 0.42203664779663086
131.202.240.242-131.202.240.87-5619-42322-6,packet_id: 8,delay: 0.43297886848449707
131.202.240.242-131.202.240.87-5619-42322-6,packet_id: 9,delay: 0.43016910552978516
131.202.240.242-131.202.240.87-5619-42322-6,packet_id: 10,delay: 0.42035889625549316
131.202.240.242-131.202.240.87-5619-42322-6,packet_id: 11,delay: 0.2582366466522217
131.202.240.242-131.202.240.87-5619-42322-6,packet_id: 12,delay: 0.26204848289489746
131.202.240.242-131.202.240.87-5619-42322-6,packet_id: 13,delay: 0.24854540824890137
131.202.240.242-131.202.240.87-5619-42322-6,packet_id: 14,delay: 0.26909613609313965
131.202.240.242-131.202.240.87-5619-42322-6,packet_id: 15,delay: 0.2850034236907959
131.202.240.242-131.202.240.87-5619-42322-6,packet_id: 16,delay: 0.27807164192199707
131.202.240.242-131.202.240.87-5619-42322-6,packet_id: 17,delay: 0.4126749038696289
131.202.240.242-131.202.240.87-5619-42322-6,packet_id: 18,delay: 0.40737104415893555
131.202.240.242-131.202.240.87-5619-42322-6,packet_id: 19,delay: 0.42551636695861816
131.202.240.242-131.202.240.87-5619-42322-6,packet_id: 20,delay: 0.39521360397338867
131.202.240.242-131.202.240.87-5619-42322-6,packet_id: 21,delay: 0.27034616470336914
131.202.240.242-131.202.240.87-5619-42322-6,packet_id: 22,delay: 0.27965760231018066
131.202.240.242-131.202.240.87-5619-42322-6,packet_id: 23,delay: 0.2583329677581787
131.202.240.242-131.202.240.87-5619-42322-6,packet_id: 24,delay: 0.25140905380249023
131.202.240.242-131.202.240.87-5619-42322-6,packet_id: 25,delay: 0.44300365447998047
131.202.240.242-131.202.240.87-5619-42322-6,packet_id: 26,delay: 0.41710472106933594
131.202.240.242-131.202.240.87-5619-42322-6,packet_id: 27,delay: 0.4073212146759033
131.202.240.242-131.202.240.87-5619-42322-6,packet_id: 28,delay: 0.43544602394104004
131.202.240.242-131.202.240.87-5619-42322-6,packet_id: 29,delay: 0.4124016761779785
173.194.196.16-131.202.240.242-465-5527-6,packet_id: 1,delay: 0.360917329788208
10.8.8.178-216.58.210.35-59222-443-6,packet_id: 1,delay: 0.38892674446105957
10.8.8.178-216.58.210.35-59252-443-6,packet_id: 1,delay: 0.39664483070373535
178.237.18.202-131.202.240.242-443-31773-6,packet_id: 1,delay: 0.2624399662017822
10.8.8.178-216.58.210.46-39796-443-6,packet_id: 1,delay: 0.38971757888793945
10.8.8.178-216.58.210.46-39796-443-6,packet_id: 2,delay: 0.19080018997192383
10.8.8.178-216.58.210.46-39796-443-6,packet_id: 3,delay: 0.20616960525512695
10.8.8.178-216.58.210.46-39796-443-6,packet_id: 4,delay: 0.22974038124084473
10.8.8.178-216.58.210.46-39796-443-6,packet_id: 5,delay: 0.23192381858825684
10.8.8.178-216.58.210.46-39796-443-6,packet_id: 6,delay: 0.21895718574523926
208.117.251.116-10.8.8.138-443-56560-6,packet_id: 1,delay: 0.45298004150390625
208.117.251.116-10.8.8.138-443-56560-6,packet_id: 2,delay: 0.44574856758117676
208.117.251.116-10.8.8.138-443-56560-6,packet_id: 3,delay: 0.45856404304504395
208.117.251.116-10.8.8.138-443-56577-6,packet_id: 1,delay: 0.4598827362060547
208.117.251.116-10.8.8.138-443-56587-6,packet_id: 1,delay: 0.14574313163757324
10.8.8.178-216.58.210.78-44923-443-6,packet_id: 1,delay: 0.42604970932006836
10.8.8.178-216.58.210.78-44923-443-6,packet_id: 2,delay: 0.41921114921569824
208.117.251.116-10.8.8.138-443-56597-6,packet_id: 1,delay: 0.13488078117370605
208.117.251.116-10.8.8.138-443-56603-6,packet_id: 1,delay: 0.14707446098327637
208.117.251.116-10.8.8.138-443-56605-6,packet_id: 1,delay: 0.4464454650878906
208.117.251.116-10.8.8.138-443-56605-6,packet_id: 2,delay: 0.48316431045532227
208.117.251.116-10.8.8.138-443-56622-6,packet_id: 1,delay: 0.49291038513183594
208.117.251.116-10.8.8.138-443-56622-6,packet_id: 2,delay: 0.4884519577026367
208.117.251.116-10.8.8.138-443-56633-6,packet_id: 1,delay: 0.1394362449645996
208.117.251.116-10.8.8.138-443-56633-6,packet_id: 2,delay: 0.11494064331054688
208.117.251.116-10.8.8.138-443-56641-6,packet_id: 1,delay: 0.4452970027923584
131.202.240.150-199.212.24.173-53736-443-6,packet_id: 1,delay: 0.3315589427947998
131.202.240.150-199.212.24.173-54334-443-6,packet_id: 1,delay: 0.3314664363861084
131.202.240.150-199.212.24.173-54334-443-6,packet_id: 2,delay: 0.3410649299621582
131.202.240.150-199.212.24.173-54334-443-6,packet_id: 3,delay: 0.32396554946899414
131.202.240.150-199.212.24.173-54334-443-6,packet_id: 4,delay: 0.34006834030151367
131.202.240.150-199.212.24.173-54334-443-6,packet_id: 5,delay: 0.35167598724365234
131.202.240.150-199.212.24.173-54334-443-6,packet_id: 6,delay: 0.3517158031463623
204.83.155.169-10.0.2.15-32620-54963-6,packet_id: 1,delay: 0.412182092666626
204.83.155.169-10.0.2.15-32620-55727-6,packet_id: 1,delay: 0.43845653533935547
131.202.240.150-199.212.24.173-54540-443-6,packet_id: 1,delay: 0.3620336055755615
131.202.240.150-199.212.24.173-54540-443-6,packet_id: 2,delay: 0.35037660598754883
131.202.240.150-199.212.24.173-54540-443-6,packet_id: 3,delay: 0.3438589572906494
131.202.240.150-199.212.24.173-54540-443-6,packet_id: 4,delay: 0.3185114860534668
131.202.240.150-199.212.24.173-54540-443-6,packet_id: 5,delay: 0.34082889556884766
131.202.240.150-199.212.24.173-54540-443-6,packet_id: 6,delay: 0.3358461856842041
131.202.240.150-199.212.24.173-54540-443-6,packet_id: 7,delay: 0.347383975982666
131.202.240.150-199.212.24.173-54540-443-6,packet_id: 8,delay: 0.34258317947387695
131.202.240.150-199.212.24.173-54540-443-6,packet_id: 9,delay: 0.30073022842407227
131.202.240.242-157.56.126.188-5589-443-6,packet_id: 1,delay: 0.22655153274536133
131.202.240.242-157.56.126.188-5589-443-6,packet_id: 2,delay: 0.21785640716552734
131.202.240.242-157.56.126.188-5589-443-6,packet_id: 3,delay: 0.22388577461242676
131.202.240.242-157.56.126.188-5589-443-6,packet_id: 4,delay: 0.21537446975708008
131.202.240.242-157.56.126.188-5589-443-6,packet_id: 5,delay: 0.2146303653717041
131.202.240.242-157.56.126.188-5589-443-6,packet_id: 6,delay: 0.22777676582336426
131.202.240.242-157.56.126.188-5589-443-6,packet_id: 7,delay: 0.22058677673339844
131.202.240.242-157.56.126.188-5589-443-6,packet_id: 8,delay: 0.2412738800048828
131.202.240.242-157.56.126.188-5589-443-6,packet_id: 9,delay: 0.22356677055358887
209.148.205.41-10.8.8.138-80-57838-6,packet_id: 1,delay: 0.6508326530456543
209.148.205.41-10.8.8.138-443-60124-6,packet_id: 1,delay: 0.3629329204559326
209.148.205.41-10.8.8.138-443-60124-6,packet_id: 2,delay: 0.36976075172424316
209.148.205.41-10.8.8.138-443-60124-6,packet_id: 3,delay: 0.37326693534851074
209.148.205.41-10.8.8.138-443-60124-6,packet_id: 4,delay: 0.38933420181274414
209.148.205.41-10.8.8.138-443-60124-6,packet_id: 5,delay: 0.38478946685791016
209.148.205.41-10.8.8.138-443-60124-6,packet_id: 6,delay: 0.37856626510620117
209.148.205.41-10.8.8.138-443-60124-6,packet_id: 7,delay: 0.40277647972106934
209.148.205.41-10.8.8.138-443-60124-6,packet_id: 8,delay: 0.38124728202819824
209.148.205.41-10.8.8.138-443-60124-6,packet_id: 9,delay: 0.34737181663513184
209.148.205.41-10.8.8.138-443-60124-6,packet_id: 10,delay: 0.3476707935333252
157.56.126.188-131.202.240.242-443-5589-6,packet_id: 1,delay: 0.38208842277526855
157.56.126.188-131.202.240.242-443-5589-6,packet_id: 2,delay: 0.3784804344177246
157.56.126.188-131.202.240.242-443-5589-6,packet_id: 3,delay: 0.375197172164917
157.56.126.188-131.202.240.242-443-5589-6,packet_id: 4,delay: 0.40621089935302734
157.56.126.188-131.202.240.242-443-5589-6,packet_id: 5,delay: 0.42396044731140137
157.56.126.188-131.202.240.242-443-5589-6,packet_id: 6,delay: 0.3388361930847168
157.56.126.188-131.202.240.242-443-5589-6,packet_id: 7,delay: 0.23838281631469727
157.56.126.188-131.202.240.242-443-5589-6,packet_id: 8,delay: 0.23197126388549805
157.56.126.188-131.202.240.242-443-5589-6,packet_id: 9,delay: 0.19730329513549805
157.56.126.188-131.202.240.242-443-5589-6,packet_id: 10,delay: 0.21129536628723145
157.56.126.188-131.202.240.242-443-5589-6,packet_id: 11,delay: 0.2052474021911621
157.56.126.188-131.202.240.242-443-5589-6,packet_id: 12,delay: 0.1897895336151123
157.56.126.188-131.202.240.242-443-5589-6,packet_id: 13,delay: 0.2061936855316162
216.58.219.206-131.202.240.150-443-59290-6,packet_id: 1,delay: 0.23142123222351074
216.58.219.206-131.202.240.150-443-59539-6,packet_id: 1,delay: 0.22816181182861328
216.58.219.206-131.202.240.150-443-59539-6,packet_id: 2,delay: 0.25005626678466797
131.202.240.150-199.212.24.173-54563-443-6,packet_id: 1,delay: 0.3392367362976074
131.202.240.150-199.212.24.173-54563-443-6,packet_id: 2,delay: 0.3266305923461914
131.202.240.150-199.212.24.173-54563-443-6,packet_id: 3,delay: 0.3517289161682129
131.202.240.150-199.212.24.173-54563-443-6,packet_id: 4,delay: 0.3498849868774414
131.202.240.150-199.212.24.173-54563-443-6,packet_id: 5,delay: 0.32799339294433594
131.202.240.150-199.212.24.173-54563-443-6,packet_id: 6,delay: 0.3233811855316162
131.202.240.150-199.212.24.173-54563-443-6,packet_id: 7,delay: 0.33273983001708984
131.202.240.150-199.212.24.173-54563-443-6,packet_id: 8,delay: 0.3549478054046631
216.58.219.230-131.202.240.150-443-35187-6,packet_id: 1,delay: 0.3525528907775879
209.148.205.35-10.8.8.138-443-42010-6,packet_id: 1,delay: 0.1458296775817871
209.148.205.35-10.8.8.138-443-42010-6,packet_id: 2,delay: 0.152695894241333
209.148.205.35-10.8.8.138-443-42010-6,packet_id: 3,delay: 0.18782925605773926
209.148.205.35-10.8.8.138-443-42010-6,packet_id: 4,delay: 0.16018009185791016
209.148.205.35-10.8.8.138-443-42010-6,packet_id: 5,delay: 0.15695691108703613
209.148.205.35-10.8.8.138-443-42010-6,packet_id: 6,delay: 0.14780664443969727
209.148.205.35-10.8.8.138-443-42010-6,packet_id: 7,delay: 0.16287827491760254
209.148.205.35-10.8.8.138-443-42010-6,packet_id: 8,delay: 0.17070221900939941
209.148.205.35-10.8.8.138-443-42010-6,packet_id: 9,delay: 0.16430234909057617
209.148.205.35-10.8.8.138-443-42010-6,packet_id: 10,delay: 0.14536380767822266
216.58.219.230-131.202.240.242-443-5999-6,packet_id: 1,delay: 0.2966001033782959
131.202.240.242-173.194.196.16-5500-465-6,packet_id: 1,delay: 0.5495948791503906
173.194.67.16-10.8.8.234-465-37826-6,packet_id: 1,delay: 0.6889007091522217
131.202.240.242-173.194.196.16-5529-465-6,packet_id: 1,delay: 0.4946894645690918
173.194.67.16-10.8.8.234-465-37857-6,packet_id: 1,delay: 0.3287053108215332
131.202.240.242-173.252.100.27-32576-443-6,packet_id: 1,delay: 0.5313103199005127
173.194.67.16-10.8.8.234-465-37860-6,packet_id: 1,delay: 0.6794629096984863
209.148.205.41-131.202.240.150-443-34177-6,packet_id: 1,delay: 0.26883625984191895
209.148.205.41-131.202.240.150-443-34177-6,packet_id: 2,delay: 0.2816429138183594
131.202.240.242-178.237.18.202-31773-443-6,packet_id: 1,delay: 0.4942030906677246
173.194.67.16-10.8.8.234-465-37865-6,packet_id: 1,delay: 0.34194159507751465
131.202.240.242-216.58.219.230-5999-443-6,packet_id: 1,delay: 0.5809617042541504
173.194.67.16-10.8.8.234-465-37872-6,packet_id: 1,delay: 0.6796998977661133
131.202.240.150-199.212.24.174-43919-443-6,packet_id: 1,delay: 0.34207868576049805
131.202.240.150-199.212.24.174-43919-443-6,packet_id: 2,delay: 0.3496379852294922
131.202.240.150-199.212.24.174-43919-443-6,packet_id: 3,delay: 0.3833951950073242
131.202.240.150-199.212.24.174-43919-443-6,packet_id: 4,delay: 0.35959672927856445
209.148.205.41-131.202.240.150-443-34203-6,packet_id: 1,delay: 0.27193546295166016
209.148.205.35-10.8.8.138-443-42190-6,packet_id: 1,delay: 0.13837695121765137
209.148.205.35-10.8.8.138-443-42190-6,packet_id: 2,delay: 0.14289450645446777
209.148.205.35-10.8.8.138-443-42190-6,packet_id: 3,delay: 0.17118406295776367
209.148.205.35-10.8.8.138-443-42190-6,packet_id: 4,delay: 0.15447592735290527
209.148.205.35-10.8.8.138-443-42190-6,packet_id: 5,delay: 0.1512293815612793
209.148.205.35-10.8.8.138-443-42190-6,packet_id: 6,delay: 0.14237141609191895
209.148.205.35-10.8.8.138-443-42190-6,packet_id: 7,delay: 0.1597447395324707
209.148.205.35-10.8.8.138-443-42190-6,packet_id: 8,delay: 0.14341068267822266
209.148.205.35-10.8.8.138-443-42190-6,packet_id: 9,delay: 0.13500595092773438
209.148.205.35-10.8.8.138-443-42190-6,packet_id: 10,delay: 0.1364915370941162
209.148.205.35-10.8.8.138-443-42190-6,packet_id: 11,delay: 0.13880491256713867
209.148.205.35-10.8.8.138-443-42190-6,packet_id: 12,delay: 0.13225007057189941
209.148.205.35-10.8.8.138-443-42190-6,packet_id: 13,delay: 0.1599733829498291
209.148.205.35-10.8.8.138-443-42190-6,packet_id: 14,delay: 0.13469409942626953
209.148.205.35-10.8.8.138-443-42190-6,packet_id: 15,delay: 0.13486194610595703
209.148.205.35-10.8.8.138-443-42190-6,packet_id: 16,delay: 0.1596355438232422
209.148.205.35-10.8.8.138-443-42190-6,packet_id: 17,delay: 0.13926935195922852
209.148.205.35-10.8.8.138-443-42190-6,packet_id: 18,delay: 0.1271347999572754
209.148.205.35-10.8.8.138-443-42190-6,packet_id: 19,delay: 0.14754104614257812
209.148.205.35-10.8.8.138-443-42190-6,packet_id: 20,delay: 0.15164542198181152
209.148.205.35-10.8.8.138-443-42190-6,packet_id: 21,delay: 0.13610339164733887
209.148.205.35-10.8.8.138-443-42190-6,packet_id: 22,delay: 0.15086579322814941
131.202.240.150-199.212.24.175-58587-443-6,packet_id: 1,delay: 0.34746885299682617
131.202.240.150-199.212.24.175-58600-443-6,packet_id: 1,delay: 0.35904574394226074
131.202.240.150-199.212.24.175-58600-443-6,packet_id: 2,delay: 0.3631894588470459
131.202.240.150-199.212.24.175-58936-443-6,packet_id: 1,delay: 0.3413236141204834
131.202.240.150-199.212.24.175-58977-443-6,packet_id: 1,delay: 0.34772706031799316
131.202.240.150-209.148.205.16-44144-80-6,packet_id: 1,delay: 0.2641918659210205
131.202.240.150-209.148.205.35-56435-443-6,packet_id: 1,delay: 0.22425365447998047
131.202.240.150-209.148.205.35-56578-443-6,packet_id: 1,delay: 0.38394808769226074
131.202.240.150-209.148.205.35-56578-443-6,packet_id: 2,delay: 0.38056230545043945
131.202.240.150-209.148.205.35-56578-443-6,packet_id: 3,delay: 0.38193440437316895
131.202.240.150-209.148.205.35-56578-443-6,packet_id: 4,delay: 0.38819050788879395
131.202.240.150-209.148.205.35-56578-443-6,packet_id: 5,delay: 0.22879695892333984
131.202.240.150-209.148.205.41-34177-443-6,packet_id: 1,delay: 0.2810342311859131
131.202.240.150-209.148.205.41-34177-443-6,packet_id: 2,delay: 0.29270052909851074
131.202.240.150-209.148.205.41-34177-443-6,packet_id: 3,delay: 0.2803816795349121
131.202.240.150-209.148.205.41-34177-443-6,packet_id: 4,delay: 0.28864049911499023
131.202.240.150-209.148.205.41-34177-443-6,packet_id: 5,delay: 0.28817129135131836
131.202.240.150-209.148.205.41-34177-443-6,packet_id: 6,delay: 0.27658987045288086
131.202.240.150-209.148.205.41-34177-443-6,packet_id: 7,delay: 0.2838010787963867
74.125.69.16-131.202.240.87-993-10714-6,packet_id: 1,delay: 0.5519218444824219
74.125.69.16-131.202.240.87-993-10714-6,packet_id: 2,delay: 0.5857546329498291
74.125.69.16-131.202.240.87-993-10714-6,packet_id: 3,delay: 0.5696923732757568
74.125.69.16-131.202.240.87-993-10714-6,packet_id: 4,delay: 0.561042308807373
74.125.69.16-131.202.240.87-993-10714-6,packet_id: 5,delay: 0.41717982292175293
74.125.69.16-131.202.240.87-993-10714-6,packet_id: 6,delay: 0.41265034675598145
74.125.69.16-131.202.240.87-993-10714-6,packet_id: 7,delay: 0.4299323558807373
216.58.208.46-10.8.8.110-80-33072-6,packet_id: 1,delay: 0.41388988494873047
131.202.240.150-209.148.205.41-34203-443-6,packet_id: 1,delay: 0.2855544090270996
131.202.240.150-209.148.205.41-34203-443-6,packet_id: 2,delay: 0.29349446296691895
131.202.240.150-209.148.205.41-34203-443-6,packet_id: 3,delay: 0.2941896915435791
131.202.240.150-209.148.205.41-34203-443-6,packet_id: 4,delay: 0.3049051761627197
131.202.240.150-209.148.205.41-34203-443-6,packet_id: 5,delay: 0.2893507480621338
131.202.240.150-209.148.205.41-34203-443-6,packet_id: 6,delay: 0.27925610542297363
131.202.240.150-209.148.205.41-34203-443-6,packet_id: 7,delay: 0.2914607524871826
131.202.240.150-209.148.205.41-34203-443-6,packet_id: 8,delay: 0.28693318367004395
131.202.240.150-209.148.205.41-34203-443-6,packet_id: 9,delay: 0.3165757656097412
131.202.240.150-209.148.205.41-34203-443-6,packet_id: 10,delay: 0.29576992988586426
131.202.240.150-209.148.205.41-34203-443-6,packet_id: 11,delay: 0.29224061965942383
131.202.240.150-209.148.205.41-34203-443-6,packet_id: 12,delay: 0.30755043029785156
131.202.240.150-209.148.205.41-34203-443-6,packet_id: 13,delay: 0.289233922958374
131.202.240.150-209.148.205.41-34203-443-6,packet_id: 14,delay: 0.28499722480773926
131.202.240.150-209.148.205.41-34203-443-6,packet_id: 15,delay: 0.29628419876098633
131.202.240.150-209.148.205.41-34203-443-6,packet_id: 16,delay: 0.2847869396209717
216.58.208.46-10.8.8.178-443-38243-6,packet_id: 1,delay: 0.5843381881713867
216.58.208.46-10.8.8.178-443-38243-6,packet_id: 2,delay: 0.6145379543304443
216.58.208.46-10.8.8.178-443-38243-6,packet_id: 3,delay: 0.5873243808746338
216.58.208.46-10.8.8.178-443-38243-6,packet_id: 4,delay: 0.604132890701294
216.58.208.46-10.8.8.178-443-38243-6,packet_id: 5,delay: 0.5879857540130615
216.58.208.46-10.8.8.178-443-38243-6,packet_id: 6,delay: 0.591566801071167
216.58.208.46-10.8.8.178-443-38243-6,packet_id: 7,delay: 0.5863535404205322
216.58.208.46-10.8.8.178-443-38243-6,packet_id: 8,delay: 0.5910565853118896
24.36.174.173-10.0.2.15-47044-55027-6,packet_id: 1,delay: 0.7424595355987549
209.148.205.35-131.202.240.150-443-56578-6,packet_id: 1,delay: 0.08129429817199707
209.148.205.35-131.202.240.150-443-56578-6,packet_id: 2,delay: 0.06716632843017578
209.148.205.35-131.202.240.150-443-56578-6,packet_id: 3,delay: 0.06849026679992676
209.148.205.35-131.202.240.150-443-56578-6,packet_id: 4,delay: 0.06801080703735352
74.125.69.16-131.202.240.87-993-10715-6,packet_id: 1,delay: 0.41118383407592773
74.125.69.16-131.202.240.87-993-10715-6,packet_id: 2,delay: 0.41791296005249023
74.125.69.16-131.202.240.87-993-10715-6,packet_id: 3,delay: 0.5689725875854492
216.58.208.35-10.8.8.178-443-52158-6,packet_id: 1,delay: 0.5062663555145264
216.58.208.35-10.8.8.178-443-52158-6,packet_id: 2,delay: 0.5020558834075928
38.124.168.119-131.202.240.87-80-65089-6,packet_id: 1,delay: 0.5335164070129395
70.80.25.101-10.0.2.15-64982-38947-6,packet_id: 1,delay: 0.1365649700164795
216.58.208.46-10.8.8.178-443-38264-6,packet_id: 1,delay: 0.6085209846496582
216.58.208.46-10.8.8.178-443-38264-6,packet_id: 2,delay: 0.5816202163696289
216.58.208.46-10.8.8.178-443-38264-6,packet_id: 3,delay: 0.4144570827484131
216.58.208.46-10.8.8.178-443-38264-6,packet_id: 4,delay: 0.4206876754760742
216.58.208.46-10.8.8.178-443-38264-6,packet_id: 5,delay: 0.4186818599700928
216.58.208.46-10.8.8.178-443-38264-6,packet_id: 6,delay: 0.40334272384643555
216.58.208.46-10.8.8.178-443-38264-6,packet_id: 7,delay: 0.40774106979370117
216.58.208.46-10.8.8.178-443-38264-6,packet_id: 8,delay: 0.41459012031555176
216.58.208.46-10.8.8.178-443-38264-6,packet_id: 9,delay: 0.4203956127166748
216.58.208.46-10.8.8.178-443-38264-6,packet_id: 10,delay: 0.4319941997528076
216.58.208.46-10.8.8.178-443-38264-6,packet_id: 11,delay: 0.4033236503601074
216.58.208.46-10.8.8.178-443-38264-6,packet_id: 12,delay: 0.4224703311920166
216.58.208.46-10.8.8.178-443-38264-6,packet_id: 13,delay: 0.4080164432525635
216.58.208.46-10.8.8.178-443-38264-6,packet_id: 14,delay: 0.42400670051574707
74.125.69.16-131.202.240.87-993-10743-6,packet_id: 1,delay: 0.5753934383392334
173.194.210.188-131.202.240.242-5228-32506-6,packet_id: 1,delay: 0.3664891719818115
173.252.100.27-10.8.8.178-443-47132-6,packet_id: 1,delay: 0.3476715087890625
173.252.100.27-10.8.8.178-443-47132-6,packet_id: 2,delay: 0.3429398536682129
173.252.100.27-10.8.8.178-443-47132-6,packet_id: 3,delay: 0.33455872535705566
173.252.100.27-10.8.8.178-443-47132-6,packet_id: 4,delay: 0.3472764492034912
173.252.100.27-10.8.8.178-443-47132-6,packet_id: 5,delay: 0.4960198402404785
173.252.100.27-10.8.8.178-443-47132-6,packet_id: 6,delay: 0.34889793395996094
173.252.100.27-10.8.8.178-443-47132-6,packet_id: 7,delay: 0.35135698318481445
173.252.100.27-10.8.8.178-443-47132-6,packet_id: 8,delay: 0.32483816146850586
173.252.100.27-10.8.8.178-443-47132-6,packet_id: 9,delay: 0.34705400466918945
173.252.100.27-10.8.8.178-443-47132-6,packet_id: 10,delay: 0.5195260047912598
173.252.100.27-10.8.8.178-443-47132-6,packet_id: 11,delay: 0.5229167938232422
131.202.240.150-209.148.205.41-43673-80-6,packet_id: 1,delay: 0.2598707675933838
173.252.100.27-131.202.240.87-443-64842-6,packet_id: 1,delay: 0.54695725440979
173.252.100.27-131.202.240.87-443-64842-6,packet_id: 2,delay: 0.5538887977600098
173.252.100.27-131.202.240.87-443-64842-6,packet_id: 3,delay: 0.3865218162536621
173.252.100.27-131.202.240.87-443-64842-6,packet_id: 4,delay: 0.38733506202697754
173.252.100.27-131.202.240.87-443-64842-6,packet_id: 5,delay: 0.36719846725463867
173.252.100.27-131.202.240.87-443-64842-6,packet_id: 6,delay: 0.5244615077972412
173.252.100.27-131.202.240.87-443-64842-6,packet_id: 7,delay: 0.38796281814575195
173.252.100.27-131.202.240.242-443-32576-6,packet_id: 1,delay: 0.3417513370513916
173.252.100.27-131.202.240.242-443-32576-6,packet_id: 2,delay: 0.3567771911621094
23.235.40.143-131.202.240.150-443-54394-6,packet_id: 1,delay: 0.3377666473388672
23.235.40.143-131.202.240.150-443-54394-6,packet_id: 2,delay: 0.3482077121734619
23.235.40.143-131.202.240.150-443-54394-6,packet_id: 3,delay: 0.3655390739440918
66.220.156.2-10.8.8.130-443-42513-6,packet_id: 1,delay: 0.5552301406860352
66.220.156.2-10.8.8.130-443-42513-6,packet_id: 2,delay: 0.544166088104248
66.220.156.2-10.8.8.130-443-42513-6,packet_id: 3,delay: 0.5954446792602539
66.220.156.2-10.8.8.130-443-42513-6,packet_id: 4,delay: 0.5880322456359863
66.220.156.2-10.8.8.130-443-42513-6,packet_id: 5,delay: 0.5999147891998291
66.220.156.2-10.8.8.130-443-42513-6,packet_id: 6,delay: 0.5796186923980713
66.220.156.2-10.8.8.130-443-42513-6,packet_id: 7,delay: 0.5838594436645508
66.220.156.2-10.8.8.130-443-42513-6,packet_id: 8,delay: 0.5871050357818604
66.220.156.2-10.8.8.130-443-42513-6,packet_id: 9,delay: 0.5837509632110596
91.190.216.125-10.8.8.130-12350-38182-6,packet_id: 1,delay: 0.49282360076904297
64.233.183.16-10.0.2.15-993-43558-6,packet_id: 1,delay: 0.5235960483551025
64.233.183.16-10.0.2.15-993-43558-6,packet_id: 2,delay: 0.5245471000671387
64.233.183.16-10.0.2.15-993-43558-6,packet_id: 3,delay: 0.37317991256713867
64.233.183.16-10.0.2.15-995-51739-6,packet_id: 1,delay: 0.35454225540161133
74.125.207.16-10.0.2.15-465-42849-6,packet_id: 1,delay: 0.15962910652160645
216.58.210.3-10.8.8.130-443-34918-6,packet_id: 1,delay: 0.3672826290130615
68.67.153.2-131.202.240.242-443-5900-6,packet_id: 1,delay: 0.29210758209228516
74.125.207.16-10.0.2.15-465-42904-6,packet_id: 1,delay: 0.4901108741760254
216.58.210.3-10.8.8.130-443-34920-6,packet_id: 1,delay: 0.3914015293121338
216.58.210.3-10.8.8.130-443-34920-6,packet_id: 2,delay: 0.3862786293029785
173.194.78.16-10.0.2.15-993-52882-6,packet_id: 1,delay: 0.5367586612701416
74.125.207.16-10.0.2.15-465-42911-6,packet_id: 1,delay: 0.14183497428894043
2.30.116.54-10.8.8.130-58139-48835-6,packet_id: 1,delay: 0.34442734718322754
2.30.116.54-10.8.8.130-58139-48835-6,packet_id: 2,delay: 0.3421809673309326
2.30.116.54-10.8.8.130-58139-48835-6,packet_id: 3,delay: 0.33306050300598145
2.30.116.54-10.8.8.130-58139-48835-6,packet_id: 4,delay: 0.34317612648010254
2.30.116.54-10.8.8.130-58139-48835-6,packet_id: 5,delay: 0.33251094818115234
74.125.207.16-10.0.2.15-465-42921-6,packet_id: 1,delay: 0.4613487720489502
216.58.210.3-10.8.8.130-443-34927-6,packet_id: 1,delay: 0.343839168548584
216.58.210.3-10.8.8.130-443-34927-6,packet_id: 2,delay: 0.37343287467956543
74.125.207.16-10.0.2.15-465-48940-6,packet_id: 1,delay: 0.46857309341430664
74.125.207.16-10.0.2.15-465-48942-6,packet_id: 1,delay: 0.14055633544921875
74.125.207.16-10.0.2.15-465-48980-6,packet_id: 1,delay: 0.14413166046142578
74.125.207.16-10.0.2.15-465-48995-6,packet_id: 1,delay: 0.1200261116027832
2.30.116.54-10.8.8.178-58139-43020-6,packet_id: 1,delay: 0.3292531967163086
2.30.116.54-10.8.8.178-58139-43020-6,packet_id: 2,delay: 0.36936092376708984
2.30.116.54-10.8.8.178-58139-43020-6,packet_id: 3,delay: 0.5021054744720459
2.30.116.54-10.8.8.178-58139-43020-6,packet_id: 4,delay: 0.3465414047241211
2.30.116.54-10.8.8.178-58139-43020-6,packet_id: 5,delay: 0.3349905014038086
2.30.116.54-10.8.8.178-58139-43020-6,packet_id: 6,delay: 0.36668920516967773
74.125.207.16-10.0.2.15-465-49016-6,packet_id: 1,delay: 0.44885921478271484
74.125.207.16-10.0.2.15-995-51319-6,packet_id: 1,delay: 0.45873165130615234
74.125.207.16-10.0.2.15-995-51323-6,packet_id: 1,delay: 0.16126370429992676
69.172.216.55-131.202.240.242-443-5957-6,packet_id: 1,delay: 0.4054844379425049
68.67.153.211-131.202.240.242-443-5932-6,packet_id: 1,delay: 0.493694543838501
216.58.219.238-131.202.240.150-443-48018-6,packet_id: 1,delay: 0.12771201133728027
77.103.197.35-10.8.8.130-47872-52719-6,packet_id: 1,delay: 0.1540217399597168
178.237.17.103-10.8.8.178-443-51318-6,packet_id: 1,delay: 0.360581636428833
178.237.17.103-10.8.8.178-443-51318-6,packet_id: 2,delay: 0.3649899959564209
178.237.17.103-10.8.8.178-443-51318-6,packet_id: 3,delay: 0.3587369918823242
24.156.130.203-10.8.8.138-80-55782-6,packet_id: 1,delay: 0.7107062339782715
24.156.130.203-10.8.8.138-80-55782-6,packet_id: 2,delay: 0.709174633026123
24.156.130.203-10.8.8.138-80-55782-6,packet_id: 3,delay: 0.7079212665557861
24.156.130.203-10.8.8.138-80-55782-6,packet_id: 4,delay: 0.7159123420715332
24.156.130.203-10.8.8.138-80-55782-6,packet_id: 5,delay: 0.7183265686035156
24.156.130.203-10.8.8.138-80-55782-6,packet_id: 6,delay: 0.704596757888794
24.156.130.203-10.8.8.138-80-55782-6,packet_id: 7,delay: 0.7507433891296387
24.156.130.203-10.8.8.138-80-55782-6,packet_id: 8,delay: 0.7352118492126465
24.156.130.203-10.8.8.138-80-55782-6,packet_id: 9,delay: 0.7215707302093506
24.156.130.203-10.8.8.138-80-55782-6,packet_id: 10,delay: 0.7081325054168701
63.245.216.134-10.8.8.178-443-49841-6,packet_id: 1,delay: 0.35657191276550293
216.58.208.37-10.8.8.178-443-51920-6,packet_id: 1,delay: 0.5173585414886475
216.58.208.37-10.8.8.178-443-51939-6,packet_id: 1,delay: 0.5017099380493164
86.4.212.228-10.8.8.130-59222-59320-6,packet_id: 1,delay: 0.2906656265258789
86.4.212.228-10.8.8.130-59222-59320-6,packet_id: 2,delay: 0.29897499084472656
216.58.210.35-10.8.8.178-443-59247-6,packet_id: 1,delay: 0.3454713821411133
216.58.210.35-10.8.8.178-443-59252-6,packet_id: 1,delay: 0.37062621116638184
86.4.212.228-10.8.8.178-59222-52449-6,packet_id: 1,delay: 0.30173301696777344
86.4.212.228-10.8.8.178-59222-52449-6,packet_id: 2,delay: 0.30457329750061035
86.4.212.228-10.8.8.178-59222-52449-6,packet_id: 3,delay: 0.2763521671295166
86.4.212.228-10.8.8.178-59222-52449-6,packet_id: 4,delay: 0.29013967514038086
86.4.212.228-10.8.8.178-59222-52449-6,packet_id: 5,delay: 0.2785460948944092
86.4.212.228-10.8.8.178-59222-52449-6,packet_id: 6,delay: 0.29635071754455566
86.4.212.228-10.8.8.178-59222-52449-6,packet_id: 7,delay: 0.2903866767883301
68.67.176.42-131.202.240.87-443-11439-6,packet_id: 1,delay: 0.6340668201446533
64.4.23.162-10.0.2.15-40019-46839-6,packet_id: 1,delay: 0.3581209182739258
64.233.184.16-10.8.8.110-465-37409-6,packet_id: 1,delay: 0.3696715831756592
216.58.210.46-10.8.8.178-443-39796-6,packet_id: 1,delay: 0.38988375663757324
216.58.210.46-10.8.8.178-443-39796-6,packet_id: 2,delay: 0.3792741298675537
216.58.210.46-10.8.8.178-443-39796-6,packet_id: 3,delay: 0.35494112968444824
64.233.184.16-10.8.8.110-465-37417-6,packet_id: 1,delay: 0.38516974449157715
64.233.184.16-10.8.8.110-465-37425-6,packet_id: 1,delay: 0.3695509433746338
64.233.184.16-10.8.8.110-465-37440-6,packet_id: 1,delay: 0.3747227191925049
64.233.184.16-10.8.8.234-993-56880-6,packet_id: 1,delay: 0.5037169456481934
64.233.184.16-10.8.8.234-993-56887-6,packet_id: 1,delay: 0.20001912117004395
64.233.184.16-10.8.8.234-993-56887-6,packet_id: 2,delay: 0.2159872055053711
23.192.162.186-10.8.8.178-443-46884-6,packet_id: 1,delay: 0.3461127281188965
74.125.133.16-10.8.8.234-993-51039-6,packet_id: 1,delay: 0.22871088981628418
74.125.133.16-10.8.8.234-993-51040-6,packet_id: 1,delay: 0.2301037311553955
74.125.133.16-10.8.8.234-993-51055-6,packet_id: 1,delay: 0.222642183303833
74.125.133.16-10.8.8.234-993-51055-6,packet_id: 2,delay: 0.19980931282043457
74.125.133.16-10.8.8.234-993-51055-6,packet_id: 3,delay: 0.2074892520904541
74.125.133.16-10.8.8.234-993-51055-6,packet_id: 4,delay: 0.21014881134033203
74.125.133.16-10.8.8.234-993-51055-6,packet_id: 5,delay: 0.20434117317199707
74.125.133.16-10.8.8.234-993-51055-6,packet_id: 6,delay: 0.208204984664917
74.125.133.16-10.8.8.234-993-51055-6,packet_id: 7,delay: 0.20677757263183594
74.125.133.16-10.8.8.234-993-51055-6,packet_id: 8,delay: 0.21556782722473145
74.125.133.16-10.8.8.234-993-51055-6,packet_id: 9,delay: 0.23083019256591797
74.125.133.16-10.8.8.234-993-51055-6,packet_id: 10,delay: 0.23899292945861816
74.125.133.16-10.8.8.234-993-51055-6,packet_id: 11,delay: 0.21345901489257812
74.125.133.16-10.8.8.234-993-51055-6,packet_id: 12,delay: 0.21361732482910156
74.125.133.16-10.8.8.234-993-51055-6,packet_id: 13,delay: 0.21778345108032227
74.125.133.16-10.8.8.234-993-51055-6,packet_id: 14,delay: 0.203812837600708
74.125.133.16-10.8.8.234-993-51056-6,packet_id: 1,delay: 0.5031578540802002
74.125.133.16-10.8.8.234-993-51056-6,packet_id: 2,delay: 0.5370292663574219
74.125.133.16-10.8.8.234-993-51056-6,packet_id: 3,delay: 0.38759541511535645
74.125.133.16-10.8.8.234-993-51056-6,packet_id: 4,delay: 0.3521089553833008
74.125.133.16-10.8.8.234-993-51056-6,packet_id: 5,delay: 0.2087407112121582
74.125.133.16-10.8.8.234-993-51056-6,packet_id: 6,delay: 0.2143235206604004
74.125.133.16-10.8.8.234-993-51056-6,packet_id: 7,delay: 0.1988210678100586
74.125.133.16-10.8.8.234-993-51056-6,packet_id: 8,delay: 0.19914722442626953
74.125.133.16-10.8.8.234-993-51056-6,packet_id: 9,delay: 0.22443747520446777
74.125.133.16-10.8.8.234-993-51056-6,packet_id: 10,delay: 0.20241546630859375
74.125.133.16-10.8.8.234-993-51056-6,packet_id: 11,delay: 0.21200919151306152
64.233.167.16-10.0.2.15-993-58426-6,packet_id: 1,delay: 0.506589412689209
64.233.167.16-10.0.2.15-993-58426-6,packet_id: 2,delay: 0.5061373710632324
74.125.202.16-131.202.240.87-993-10798-6,packet_id: 1,delay: 0.3909308910369873
Average Packet Delay,0.3727175402641296
