10.8.8.178-2.30.116.54-43020-58139-6,packet_id: 1,delay: 0.9697847366333008
10.8.8.178-2.30.116.54-43020-58139-6,packet_id: 2,delay: 0.9492247104644775
10.8.8.178-2.30.116.54-43020-58139-6,packet_id: 3,delay: 0.9618277549743652
10.8.8.178-2.30.116.54-43020-58139-6,packet_id: 4,delay: 0.9586126804351807
10.8.8.178-2.30.116.54-43020-58139-6,packet_id: 5,delay: 0.9800450801849365
10.8.8.178-2.30.116.54-43020-58139-6,packet_id: 6,delay: 0.9826188087463379
108.175.43.161-131.202.240.150-80-57196-6,packet_id: 1,delay: 0.6818423271179199
108.175.43.161-131.202.240.150-80-57196-6,packet_id: 2,delay: 0.6760318279266357
108.175.43.161-131.202.240.150-80-57196-6,packet_id: 3,delay: 0.6765034198760986
108.175.43.161-131.202.240.150-80-57196-6,packet_id: 4,delay: 0.652942419052124
108.175.43.161-131.202.240.150-80-57196-6,packet_id: 5,delay: 0.6885354518890381
108.175.43.161-131.202.240.150-80-57196-6,packet_id: 6,delay: 0.6903998851776123
108.175.43.161-131.202.240.150-80-57196-6,packet_id: 7,delay: 0.6997556686401367
10.8.8.130-2.30.116.54-48835-58139-6,packet_id: 1,delay: 0.7501070499420166
10.8.8.130-2.30.116.54-48835-58139-6,packet_id: 2,delay: 0.7471795082092285
10.8.8.130-2.30.116.54-48835-58139-6,packet_id: 3,delay: 0.7589294910430908
10.8.8.130-2.101.222.231-34461-9396-6,packet_id: 1,delay: 0.5972776412963867
10.8.8.130-2.101.222.231-34461-9396-6,packet_id: 2,delay: 0.6194064617156982
10.8.8.130-2.101.222.231-34461-9396-6,packet_id: 3,delay: 0.622065544128418
10.8.8.130-2.101.222.231-34461-9396-6,packet_id: 4,delay: 0.6158580780029297
10.8.8.130-2.101.222.231-34461-9396-6,packet_id: 5,delay: 0.601726770401001
10.0.2.15-24.140.134.21-45746-45411-6,packet_id: 1,delay: 0.7776799201965332
10.8.8.178-23.67.255.209-39285-443-6,packet_id: 1,delay: 0.9614670276641846
10.0.2.15-64.233.183.16-43558-993-6,packet_id: 1,delay: 0.7761728763580322
10.0.2.15-64.233.183.16-43558-993-6,packet_id: 2,delay: 0.7850356101989746
10.8.8.178-23.192.162.186-46878-443-6,packet_id: 1,delay: 1.026930570602417
157.56.126.188-131.202.240.242-443-5589-6,packet_id: 1,delay: 0.6973934173583984
157.56.126.188-131.202.240.242-443-5589-6,packet_id: 2,delay: 0.7195990085601807
157.56.126.188-131.202.240.242-443-5589-6,packet_id: 3,delay: 0.7075152397155762
157.56.126.188-131.202.240.242-443-5589-6,packet_id: 4,delay: 0.7208728790283203
157.56.126.188-131.202.240.242-443-5589-6,packet_id: 5,delay: 0.7103347778320312
157.56.126.188-131.202.240.242-443-5589-6,packet_id: 6,delay: 0.6957511901855469
157.56.126.188-131.202.240.242-443-5589-6,packet_id: 7,delay: 0.7080702781677246
157.56.126.188-131.202.240.242-443-5589-6,packet_id: 8,delay: 0.7023639678955078
157.56.126.188-131.202.240.242-443-5589-6,packet_id: 9,delay: 0.7160646915435791
157.56.126.188-131.202.240.242-443-5589-6,packet_id: 10,delay: 0.7128095626831055
157.56.126.188-131.202.240.242-443-5589-6,packet_id: 11,delay: 0.7215261459350586
157.56.126.188-131.202.240.242-443-5589-6,packet_id: 12,delay: 0.7094762325286865
157.56.126.188-131.202.240.242-443-5589-6,packet_id: 13,delay: 0.7260222434997559
10.8.8.178-63.245.217.113-38085-443-6,packet_id: 1,delay: 1.1629490852355957
10.0.2.15-74.125.71.16-51269-465-6,packet_id: 1,delay: 0.6624507904052734
10.8.8.178-63.245.217.113-38086-443-6,packet_id: 1,delay: 1.1719071865081787
10.0.2.15-74.125.207.16-42905-465-6,packet_id: 1,delay: 0.5360019207000732
10.8.8.178-86.4.212.228-52449-59222-6,packet_id: 1,delay: 0.9836809635162354
131.202.240.87-64.12.27.65-64714-443-6,packet_id: 1,delay: 0.5633771419525146
10.8.8.130-66.220.156.2-42513-443-6,packet_id: 1,delay: 0.7630767822265625
10.8.8.130-66.220.156.2-42513-443-6,packet_id: 2,delay: 0.7512874603271484
10.8.8.130-66.220.156.2-42513-443-6,packet_id: 3,delay: 0.7667491436004639
10.8.8.130-66.220.156.2-42513-443-6,packet_id: 4,delay: 0.7600116729736328
10.8.8.130-66.220.156.2-42513-443-6,packet_id: 5,delay: 0.7519869804382324
10.8.8.130-66.220.156.2-42513-443-6,packet_id: 6,delay: 0.7503128051757812
10.8.8.130-66.220.156.2-42513-443-6,packet_id: 7,delay: 0.7503645420074463
10.8.8.130-66.220.156.2-42513-443-6,packet_id: 8,delay: 0.7658326625823975
10.8.8.130-66.220.156.2-42513-443-6,packet_id: 9,delay: 0.7825601100921631
10.8.8.130-66.220.156.2-42513-443-6,packet_id: 10,delay: 0.7535192966461182
10.0.2.15-74.125.207.16-42924-465-6,packet_id: 1,delay: 0.538210391998291
10.8.8.178-134.170.25.26-54269-443-6,packet_id: 1,delay: 0.9536972045898438
10.8.8.178-134.170.25.26-54269-443-6,packet_id: 2,delay: 0.9766740798950195
131.202.240.87-65.55.2.6-11378-443-6,packet_id: 1,delay: 0.49074816703796387
10.0.2.15-74.125.207.16-48993-465-6,packet_id: 1,delay: 0.5255091190338135
131.202.240.87-68.67.153.40-11386-80-6,packet_id: 1,delay: 0.4431033134460449
10.0.2.15-74.125.207.16-49005-465-6,packet_id: 1,delay: 0.5284581184387207
10.8.8.178-173.194.67.94-34123-443-6,packet_id: 1,delay: 0.974956750869751
10.8.8.178-173.194.67.94-34123-443-6,packet_id: 2,delay: 1.005985975265503
131.202.240.87-74.125.69.16-10714-993-6,packet_id: 1,delay: 0.6981027126312256
10.0.2.15-137.116.32.77-34727-443-6,packet_id: 1,delay: 0.6618924140930176
131.202.240.87-74.125.69.16-10741-993-6,packet_id: 1,delay: 0.6865096092224121
131.202.240.87-74.125.69.16-10741-993-6,packet_id: 2,delay: 0.6768717765808105
131.202.240.87-74.125.69.16-10741-993-6,packet_id: 3,delay: 0.6928117275238037
10.8.8.138-24.156.130.203-55782-80-6,packet_id: 1,delay: 0.6128337383270264
10.8.8.138-24.156.130.203-55782-80-6,packet_id: 2,delay: 0.6219813823699951
10.8.8.138-24.156.130.203-55782-80-6,packet_id: 3,delay: 0.6066348552703857
10.8.8.138-24.156.130.203-55782-80-6,packet_id: 4,delay: 0.6177644729614258
10.0.2.15-204.83.155.169-54967-32620-6,packet_id: 1,delay: 0.7151966094970703
10.8.8.178-173.194.67.189-57926-443-6,packet_id: 1,delay: 1.083838701248169
10.8.8.178-173.194.67.189-57926-443-6,packet_id: 2,delay: 1.0918631553649902
10.8.8.178-173.194.67.189-57926-443-6,packet_id: 3,delay: 1.0851318836212158
10.8.8.178-173.194.67.189-57926-443-6,packet_id: 4,delay: 1.099785327911377
10.8.8.178-173.194.67.189-57926-443-6,packet_id: 5,delay: 1.069277286529541
10.8.8.178-173.194.67.189-57926-443-6,packet_id: 6,delay: 1.0740783214569092
157.56.192.53-10.8.8.130-443-33104-6,packet_id: 1,delay: 0.4136538505554199
157.56.192.53-10.8.8.130-443-33104-6,packet_id: 2,delay: 0.414844274520874
10.8.8.110-63.245.216.132-39035-443-6,packet_id: 1,delay: 0.44794535636901855
10.0.2.15-216.58.208.46-53913-80-6,packet_id: 1,delay: 0.6297798156738281
10.8.8.110-63.245.216.134-46949-443-6,packet_id: 1,delay: 0.21308469772338867
131.202.240.87-74.125.69.16-10743-993-6,packet_id: 1,delay: 0.6461856365203857
10.8.8.110-64.233.184.16-37404-465-6,packet_id: 1,delay: 0.3836023807525635
131.202.240.87-74.125.134.188-64960-5228-6,packet_id: 1,delay: 0.651923418045044
10.8.8.138-107.22.243.234-35936-443-6,packet_id: 1,delay: 0.3667905330657959
10.8.8.110-64.233.184.16-37424-465-6,packet_id: 1,delay: 0.3943774700164795
131.202.240.87-74.125.202.16-10773-993-6,packet_id: 1,delay: 0.8002307415008545
10.8.8.138-185.2.220.137-43533-80-6,packet_id: 1,delay: 0.4446249008178711
10.8.8.138-185.2.220.137-43533-80-6,packet_id: 2,delay: 0.44417786598205566
10.8.8.138-185.2.220.137-43533-80-6,packet_id: 3,delay: 0.4606626033782959
10.8.8.138-185.2.220.137-43533-80-6,packet_id: 4,delay: 0.46215009689331055
10.8.8.138-185.2.220.137-43533-80-6,packet_id: 5,delay: 0.45322299003601074
10.8.8.138-185.2.220.137-43533-80-6,packet_id: 6,delay: 0.46531152725219727
10.8.8.138-185.2.220.137-43533-80-6,packet_id: 7,delay: 0.4412100315093994
10.8.8.138-185.2.220.137-43533-80-6,packet_id: 8,delay: 0.47224879264831543
10.8.8.138-185.2.220.137-43533-80-6,packet_id: 9,delay: 0.44513416290283203
10.8.8.138-185.2.220.137-43533-80-6,packet_id: 10,delay: 0.4250023365020752
10.8.8.138-185.2.220.137-43533-80-6,packet_id: 11,delay: 0.43589115142822266
10.8.8.138-185.2.220.137-43533-80-6,packet_id: 12,delay: 0.42886900901794434
10.8.8.138-185.2.220.137-43533-80-6,packet_id: 13,delay: 0.42545485496520996
10.8.8.138-185.2.220.137-43533-80-6,packet_id: 14,delay: 0.43955111503601074
10.8.8.138-185.2.220.137-43533-80-6,packet_id: 15,delay: 0.4350430965423584
10.8.8.138-185.2.220.137-43533-80-6,packet_id: 16,delay: 0.42339038848876953
10.8.8.138-185.2.220.137-43533-80-6,packet_id: 17,delay: 0.4319722652435303
10.8.8.138-185.2.220.137-43533-80-6,packet_id: 18,delay: 0.42732882499694824
10.8.8.138-185.2.220.137-43533-80-6,packet_id: 19,delay: 0.4330911636352539
10.8.8.138-185.2.220.137-43533-80-6,packet_id: 20,delay: 0.4340965747833252
10.8.8.138-185.2.220.137-43533-80-6,packet_id: 21,delay: 0.43582987785339355
10.8.8.138-185.2.220.137-43533-80-6,packet_id: 22,delay: 0.43521642684936523
10.8.8.138-185.2.220.137-43533-80-6,packet_id: 23,delay: 0.4141049385070801
10.8.8.138-185.2.220.137-43533-80-6,packet_id: 24,delay: 0.43532490730285645
10.8.8.138-185.2.220.137-43533-80-6,packet_id: 25,delay: 0.4461350440979004
10.8.8.138-185.2.220.137-43533-80-6,packet_id: 26,delay: 0.4327728748321533
10.8.8.138-185.2.220.137-43533-80-6,packet_id: 27,delay: 0.4563484191894531
10.8.8.138-185.2.220.137-43533-80-6,packet_id: 28,delay: 0.4442589282989502
10.8.8.138-185.2.220.137-43533-80-6,packet_id: 29,delay: 0.4425644874572754
10.8.8.138-185.2.220.137-43533-80-6,packet_id: 30,delay: 0.4586663246154785
10.8.8.138-185.2.220.137-43533-80-6,packet_id: 31,delay: 0.4501962661743164
10.8.8.138-185.2.220.137-43533-80-6,packet_id: 32,delay: 0.44669604301452637
10.8.8.138-185.2.220.137-43533-80-6,packet_id: 33,delay: 0.44901132583618164
10.8.8.138-185.2.220.137-43533-80-6,packet_id: 34,delay: 0.4526853561401367
10.8.8.138-185.2.220.137-43533-80-6,packet_id: 35,delay: 0.4437980651855469
10.8.8.138-185.2.220.137-43533-80-6,packet_id: 36,delay: 0.4293651580810547
10.8.8.138-185.2.220.137-43533-80-6,packet_id: 37,delay: 0.44748616218566895
10.8.8.138-185.2.220.137-43533-80-6,packet_id: 38,delay: 0.42674875259399414
10.8.8.138-185.2.220.137-43533-80-6,packet_id: 39,delay: 0.46428370475769043
10.8.8.138-185.2.220.137-43533-80-6,packet_id: 40,delay: 0.44194936752319336
10.8.8.138-185.2.220.137-43533-80-6,packet_id: 41,delay: 0.4095640182495117
10.8.8.138-185.2.220.137-43533-80-6,packet_id: 42,delay: 0.4374868869781494
10.8.8.138-185.2.220.137-43533-80-6,packet_id: 43,delay: 0.43563079833984375
10.8.8.138-185.2.220.137-43533-80-6,packet_id: 44,delay: 0.44069361686706543
10.8.8.138-185.2.220.137-43533-80-6,packet_id: 45,delay: 0.4491863250732422
10.8.8.138-185.2.220.137-43533-80-6,packet_id: 46,delay: 0.4316105842590332
10.8.8.138-185.2.220.137-43533-80-6,packet_id: 47,delay: 0.4533686637878418
10.8.8.138-185.2.220.137-43533-80-6,packet_id: 48,delay: 0.43423962593078613
10.8.8.138-185.2.220.137-43533-80-6,packet_id: 49,delay: 0.44251489639282227
10.8.8.110-64.233.184.16-37428-465-6,packet_id: 1,delay: 0.39273881912231445
131.202.240.87-74.125.202.16-10798-993-6,packet_id: 1,delay: 0.7712316513061523
10.8.8.110-64.233.184.16-37433-465-6,packet_id: 1,delay: 0.35951781272888184
10.8.8.130-77.103.197.35-52719-47872-6,packet_id: 1,delay: 0.8436667919158936
10.8.8.178-173.252.100.27-47132-443-6,packet_id: 1,delay: 0.9663689136505127
10.8.8.178-173.252.100.27-47132-443-6,packet_id: 2,delay: 0.9863643646240234
10.8.8.178-173.252.100.27-47132-443-6,packet_id: 3,delay: 0.9716477394104004
10.8.8.178-173.252.100.27-47132-443-6,packet_id: 4,delay: 0.9587440490722656
10.8.8.178-173.252.100.27-47132-443-6,packet_id: 5,delay: 0.9714784622192383
10.8.8.178-173.252.100.27-47132-443-6,packet_id: 6,delay: 0.9870524406433105
131.202.240.87-105.237.177.132-42322-50244-6,packet_id: 1,delay: 0.5720069408416748
10.8.8.130-86.4.212.228-59320-59222-6,packet_id: 1,delay: 0.7499616146087646
10.8.8.130-86.4.212.228-59320-59222-6,packet_id: 2,delay: 0.7473065853118896
10.8.8.130-86.4.212.228-59320-59222-6,packet_id: 3,delay: 0.7478172779083252
10.8.8.130-86.4.212.228-59320-59222-6,packet_id: 4,delay: 0.752979040145874
131.202.240.87-107.21.103.88-11343-443-6,packet_id: 1,delay: 0.6244535446166992
131.202.240.87-131.202.240.242-42322-5619-6,packet_id: 1,delay: 0.5655090808868408
131.202.240.87-131.202.240.242-42322-5619-6,packet_id: 2,delay: 0.5661916732788086
131.202.240.87-131.202.240.242-42322-5619-6,packet_id: 3,delay: 0.5427665710449219
131.202.240.87-131.202.240.242-42322-5619-6,packet_id: 4,delay: 0.5453834533691406
131.202.240.87-131.202.240.242-42322-5619-6,packet_id: 5,delay: 0.5483493804931641
131.202.240.87-131.202.240.242-42322-5619-6,packet_id: 6,delay: 0.5455524921417236
131.202.240.87-131.202.240.242-42322-5619-6,packet_id: 7,delay: 0.539677619934082
131.202.240.87-131.202.240.242-42322-5619-6,packet_id: 8,delay: 0.545574426651001
131.202.240.87-131.202.240.242-42322-5619-6,packet_id: 9,delay: 0.552680253982544
131.202.240.87-131.202.240.242-42322-5619-6,packet_id: 10,delay: 0.5718657970428467
131.202.240.87-131.202.240.242-42322-5619-6,packet_id: 11,delay: 0.5823526382446289
131.202.240.87-131.202.240.242-42322-5619-6,packet_id: 12,delay: 0.5435531139373779
131.202.240.87-131.202.240.242-42322-5619-6,packet_id: 13,delay: 0.5326018333435059
131.202.240.87-131.202.240.242-42322-5619-6,packet_id: 14,delay: 0.5518088340759277
131.202.240.87-131.202.240.242-42322-5619-6,packet_id: 15,delay: 0.5556786060333252
131.202.240.87-131.202.240.242-42322-5619-6,packet_id: 16,delay: 0.5670442581176758
131.202.240.87-131.202.240.242-42322-5619-6,packet_id: 17,delay: 0.5563888549804688
131.202.240.87-131.202.240.242-42322-5619-6,packet_id: 18,delay: 0.5564193725585938
131.202.240.87-131.202.240.242-42322-5619-6,packet_id: 19,delay: 0.5552890300750732
131.202.240.87-131.202.240.242-42322-5619-6,packet_id: 20,delay: 0.5297062397003174
131.202.240.87-131.202.240.242-42322-5619-6,packet_id: 21,delay: 0.5439574718475342
131.202.240.87-131.202.240.242-42322-5619-6,packet_id: 22,delay: 0.5561151504516602
131.202.240.87-131.202.240.242-42322-5619-6,packet_id: 23,delay: 0.5910782814025879
131.202.240.87-131.202.240.242-42322-5619-6,packet_id: 24,delay: 0.5494580268859863
131.202.240.87-131.202.240.242-42322-5619-6,packet_id: 25,delay: 0.5672674179077148
131.202.240.87-131.202.240.242-42322-5619-6,packet_id: 26,delay: 0.561004638671875
131.202.240.87-131.202.240.242-42322-5619-6,packet_id: 27,delay: 0.5822925567626953
131.202.240.87-131.202.240.242-42322-5619-6,packet_id: 28,delay: 0.5652108192443848
131.202.240.87-131.202.240.242-42322-5619-6,packet_id: 29,delay: 0.5591597557067871
131.202.240.87-131.202.240.242-42322-5619-6,packet_id: 30,delay: 0.5565674304962158
131.202.240.87-131.202.240.242-42322-5619-6,packet_id: 31,delay: 0.5620455741882324
131.202.240.87-131.202.240.242-42322-5619-6,packet_id: 32,delay: 0.5689184665679932
131.202.240.87-131.202.240.242-42322-5619-6,packet_id: 33,delay: 0.5496764183044434
131.202.240.87-131.202.240.242-42322-5619-6,packet_id: 34,delay: 0.5807385444641113
131.202.240.87-131.202.240.242-42322-5619-6,packet_id: 35,delay: 0.5635888576507568
131.202.240.87-131.202.240.242-42322-5619-6,packet_id: 36,delay: 0.5675666332244873
131.202.240.87-131.202.240.242-42322-5619-6,packet_id: 37,delay: 0.5621151924133301
131.202.240.87-131.202.240.242-42322-5619-6,packet_id: 38,delay: 0.5646641254425049
10.8.8.130-157.56.192.53-33104-443-6,packet_id: 1,delay: 0.6963040828704834
10.8.8.130-157.56.192.53-33104-443-6,packet_id: 2,delay: 0.6716339588165283
10.8.8.130-157.56.192.53-33104-443-6,packet_id: 3,delay: 0.6720759868621826
10.8.8.178-178.237.17.103-51318-443-6,packet_id: 1,delay: 1.0740652084350586
10.8.8.178-178.237.17.103-51318-443-6,packet_id: 2,delay: 1.0701608657836914
10.8.8.178-178.237.17.103-51318-443-6,packet_id: 3,delay: 1.0714225769042969
10.8.8.178-178.237.17.103-51318-443-6,packet_id: 4,delay: 1.0657672882080078
10.8.8.178-178.237.17.103-51318-443-6,packet_id: 5,delay: 1.0734856128692627
10.8.8.130-173.194.78.189-60098-443-6,packet_id: 1,delay: 0.7577886581420898
10.8.8.130-173.194.78.189-60098-443-6,packet_id: 2,delay: 0.7613928318023682
10.8.8.130-173.194.78.189-60098-443-6,packet_id: 3,delay: 0.7595827579498291
10.8.8.130-173.194.78.189-60098-443-6,packet_id: 4,delay: 0.7564785480499268
10.8.8.130-173.194.78.189-60098-443-6,packet_id: 5,delay: 0.7450408935546875
10.8.8.130-173.194.78.189-60098-443-6,packet_id: 6,delay: 0.7536370754241943
10.8.8.178-205.188.12.91-48911-443-6,packet_id: 1,delay: 0.9592275619506836
10.8.8.178-216.58.208.35-52205-443-6,packet_id: 1,delay: 1.025559902191162
10.8.8.178-216.58.208.37-51920-443-6,packet_id: 1,delay: 1.0553152561187744
10.8.8.178-216.58.208.46-38243-443-6,packet_id: 1,delay: 0.88724684715271
10.8.8.178-216.58.208.46-38243-443-6,packet_id: 2,delay: 0.8536994457244873
10.8.8.178-216.58.208.46-38243-443-6,packet_id: 3,delay: 0.8556771278381348
10.8.8.178-216.58.208.46-38243-443-6,packet_id: 4,delay: 0.8805582523345947
10.8.8.178-216.58.208.46-38243-443-6,packet_id: 5,delay: 0.8650774955749512
10.8.8.130-178.237.18.202-34342-443-6,packet_id: 1,delay: 0.8267319202423096
10.8.8.130-178.237.18.202-34342-443-6,packet_id: 2,delay: 0.842017412185669
10.8.8.130-178.237.18.202-34342-443-6,packet_id: 3,delay: 0.8250453472137451
10.8.8.130-205.188.12.43-44917-443-6,packet_id: 1,delay: 0.7341761589050293
10.8.8.130-205.188.12.43-44917-443-6,packet_id: 2,delay: 0.7399203777313232
10.8.8.178-216.58.208.46-38246-443-6,packet_id: 1,delay: 0.8906986713409424
10.8.8.130-216.58.210.3-34920-443-6,packet_id: 1,delay: 0.8390645980834961
10.8.8.130-216.58.210.3-34920-443-6,packet_id: 2,delay: 0.8262231349945068
10.8.8.130-216.58.210.3-34920-443-6,packet_id: 3,delay: 0.8288023471832275
10.8.8.178-216.58.208.46-38264-443-6,packet_id: 1,delay: 0.893416166305542
10.8.8.178-216.58.208.46-38264-443-6,packet_id: 2,delay: 0.8980505466461182
10.8.8.178-216.58.208.46-38264-443-6,packet_id: 3,delay: 0.8992729187011719
10.8.8.178-216.58.208.46-38264-443-6,packet_id: 4,delay: 0.8722898960113525
108.175.43.146-131.202.240.150-80-60056-6,packet_id: 1,delay: 0.8072342872619629
108.175.43.146-131.202.240.150-80-60056-6,packet_id: 2,delay: 0.8270971775054932
108.175.43.146-131.202.240.150-80-60056-6,packet_id: 3,delay: 0.8294787406921387
108.175.43.146-131.202.240.150-80-60056-6,packet_id: 4,delay: 0.8142640590667725
108.175.43.146-131.202.240.150-80-60056-6,packet_id: 5,delay: 0.8293225765228271
108.175.43.146-131.202.240.150-80-60056-6,packet_id: 6,delay: 0.8316411972045898
108.175.43.146-131.202.240.150-80-60056-6,packet_id: 7,delay: 0.8141608238220215
108.175.43.146-131.202.240.150-80-60056-6,packet_id: 8,delay: 0.825197696685791
10.8.8.130-216.58.210.3-34927-443-6,packet_id: 1,delay: 0.8164691925048828
10.8.8.130-216.58.210.3-34930-443-6,packet_id: 1,delay: 0.8287382125854492
10.8.8.178-216.58.210.35-59222-443-6,packet_id: 1,delay: 0.881685733795166
10.8.8.130-216.58.210.14-45184-443-6,packet_id: 1,delay: 0.6115055084228516
10.8.8.130-216.58.210.14-45184-443-6,packet_id: 2,delay: 0.6114370822906494
10.8.8.130-216.58.210.14-45184-443-6,packet_id: 3,delay: 0.6276164054870605
10.8.8.130-216.58.210.14-45184-443-6,packet_id: 4,delay: 0.6416523456573486
10.8.8.130-216.58.210.14-45184-443-6,packet_id: 5,delay: 0.6360006332397461
10.8.8.130-216.58.210.14-45184-443-6,packet_id: 6,delay: 0.6261191368103027
10.8.8.130-216.58.210.14-45184-443-6,packet_id: 7,delay: 0.635800838470459
10.8.8.130-216.58.210.14-45184-443-6,packet_id: 8,delay: 0.6072289943695068
10.8.8.130-216.58.210.14-45184-443-6,packet_id: 9,delay: 0.6082289218902588
10.8.8.130-216.58.210.14-45184-443-6,packet_id: 10,delay: 0.6394670009613037
10.8.8.130-216.58.210.14-45184-443-6,packet_id: 11,delay: 0.6142396926879883
10.8.8.130-216.58.210.14-45184-443-6,packet_id: 12,delay: 0.6363222599029541
10.8.8.130-216.58.210.14-45184-443-6,packet_id: 13,delay: 0.6380903720855713
10.8.8.130-216.58.210.14-45184-443-6,packet_id: 14,delay: 0.629554271697998
10.8.8.130-216.58.210.14-45184-443-6,packet_id: 15,delay: 0.6256225109100342
10.8.8.130-216.58.210.14-45184-443-6,packet_id: 16,delay: 0.6145734786987305
10.8.8.178-216.58.210.35-59252-443-6,packet_id: 1,delay: 0.9040408134460449
10.8.8.234-74.125.71.16-56545-993-6,packet_id: 1,delay: 0.7486770153045654
10.8.8.234-74.125.71.16-56545-993-6,packet_id: 2,delay: 0.7527530193328857
10.8.8.178-216.58.210.46-39796-443-6,packet_id: 1,delay: 1.034489393234253
10.8.8.178-216.58.210.46-39796-443-6,packet_id: 2,delay: 1.0192945003509521
10.8.8.178-216.58.210.46-39796-443-6,packet_id: 3,delay: 1.0370917320251465
10.8.8.178-216.58.210.46-39796-443-6,packet_id: 4,delay: 1.0446152687072754
10.8.8.178-216.58.210.46-39796-443-6,packet_id: 5,delay: 1.0371947288513184
10.8.8.178-216.58.210.46-39796-443-6,packet_id: 6,delay: 1.0372779369354248
157.56.52.13-10.0.2.15-40011-34332-6,packet_id: 1,delay: 0.8164241313934326
157.56.52.13-10.0.2.15-40011-34332-6,packet_id: 2,delay: 0.8397691249847412
173.194.123.101-131.202.240.150-443-53805-6,packet_id: 1,delay: 0.7280948162078857
131.202.6.26-131.202.240.87-13000-64719-6,packet_id: 1,delay: 0.6454260349273682
131.202.6.26-131.202.240.87-13000-64719-6,packet_id: 2,delay: 0.6629159450531006
131.202.6.26-131.202.240.87-13000-64719-6,packet_id: 3,delay: 0.6591324806213379
10.8.8.234-74.125.133.16-51040-993-6,packet_id: 1,delay: 0.8077630996704102
10.8.8.234-74.125.133.16-51055-993-6,packet_id: 1,delay: 0.8413457870483398
10.8.8.234-74.125.133.16-51055-993-6,packet_id: 2,delay: 0.8422753810882568
10.8.8.234-74.125.133.16-51055-993-6,packet_id: 3,delay: 0.8592052459716797
10.8.8.234-74.125.133.16-51055-993-6,packet_id: 4,delay: 0.8356025218963623
10.8.8.234-74.125.133.16-51055-993-6,packet_id: 5,delay: 0.8318638801574707
10.8.8.234-74.125.133.16-51055-993-6,packet_id: 6,delay: 0.8476974964141846
10.8.8.234-74.125.133.16-51055-993-6,packet_id: 7,delay: 0.8156723976135254
10.8.8.234-74.125.133.16-51055-993-6,packet_id: 8,delay: 0.8498530387878418
157.56.52.13-10.8.8.178-40011-56909-6,packet_id: 1,delay: 0.9553897380828857
173.194.20.107-131.202.240.150-443-44157-6,packet_id: 1,delay: 0.5324878692626953
173.194.20.107-131.202.240.150-443-44157-6,packet_id: 2,delay: 0.5230691432952881
173.194.20.107-131.202.240.150-443-44157-6,packet_id: 3,delay: 0.5267770290374756
173.194.20.107-131.202.240.150-443-44157-6,packet_id: 4,delay: 0.5436305999755859
173.194.20.107-131.202.240.150-443-44157-6,packet_id: 5,delay: 0.5162789821624756
173.194.20.107-131.202.240.150-443-44157-6,packet_id: 6,delay: 0.5429692268371582
173.194.20.107-131.202.240.150-443-44157-6,packet_id: 7,delay: 0.5407183170318604
173.194.20.107-131.202.240.150-443-44157-6,packet_id: 8,delay: 0.5423572063446045
173.194.20.107-131.202.240.150-443-44157-6,packet_id: 9,delay: 0.5237033367156982
10.8.8.178-216.58.210.78-44923-443-6,packet_id: 1,delay: 1.0750863552093506
10.8.8.178-216.58.210.78-44923-443-6,packet_id: 2,delay: 1.071829080581665
173.194.67.16-10.8.8.234-465-37826-6,packet_id: 1,delay: 0.4361100196838379
173.194.67.16-10.8.8.234-465-37857-6,packet_id: 1,delay: 0.41207098960876465
10.8.8.234-74.125.133.16-51056-993-6,packet_id: 1,delay: 0.8407118320465088
10.8.8.234-74.125.133.16-51056-993-6,packet_id: 2,delay: 0.8263399600982666
10.8.8.234-74.125.133.16-51056-993-6,packet_id: 3,delay: 0.8387744426727295
10.8.8.234-74.125.133.16-51056-993-6,packet_id: 4,delay: 0.795525074005127
10.8.8.234-74.125.133.16-51056-993-6,packet_id: 5,delay: 0.8289980888366699
10.8.8.234-74.125.133.16-51056-993-6,packet_id: 6,delay: 0.8271310329437256
10.8.8.234-74.125.133.16-51056-993-6,packet_id: 7,delay: 0.8305261135101318
10.8.8.234-74.125.133.16-51056-993-6,packet_id: 8,delay: 0.8279891014099121
173.194.67.16-10.8.8.234-465-37860-6,packet_id: 1,delay: 0.44187355041503906
173.194.67.16-10.8.8.234-465-37865-6,packet_id: 1,delay: 0.4267740249633789
173.194.67.16-10.8.8.234-465-37872-6,packet_id: 1,delay: 0.4346504211425781
131.202.240.87-134.170.19.124-10864-443-6,packet_id: 1,delay: 0.5646536350250244
131.202.240.87-134.170.19.124-10864-443-6,packet_id: 2,delay: 0.5623123645782471
131.202.240.87-134.170.19.124-10864-443-6,packet_id: 3,delay: 0.5670890808105469
131.202.240.87-134.170.19.124-10864-443-6,packet_id: 4,delay: 0.5555589199066162
131.202.240.87-134.170.19.124-10864-443-6,packet_id: 5,delay: 0.5716972351074219
131.202.240.87-134.170.19.124-10864-443-6,packet_id: 6,delay: 0.5513772964477539
131.202.240.87-134.170.19.124-10864-443-6,packet_id: 7,delay: 0.5653781890869141
131.202.240.87-134.170.19.124-10864-443-6,packet_id: 8,delay: 0.5338411331176758
131.202.240.87-134.170.19.124-10864-443-6,packet_id: 9,delay: 0.5382170677185059
10.8.8.234-173.194.67.16-37858-465-6,packet_id: 1,delay: 0.6787319183349609
10.8.8.234-173.194.67.16-37875-465-6,packet_id: 1,delay: 0.6681842803955078
10.8.8.234-173.194.67.16-37877-465-6,packet_id: 1,delay: 0.6916992664337158
10.8.8.234-173.194.67.16-37883-465-6,packet_id: 1,delay: 0.6717488765716553
10.8.8.138-185.2.220.137-43535-80-6,packet_id: 1,delay: 0.43630456924438477
10.8.8.138-208.117.251.116-56550-443-6,packet_id: 1,delay: 0.42665791511535645
10.8.8.138-208.117.251.116-56550-443-6,packet_id: 2,delay: 0.42568302154541016
10.8.8.138-208.117.251.116-56550-443-6,packet_id: 3,delay: 0.4396495819091797
131.202.240.87-173.194.196.16-10784-465-6,packet_id: 1,delay: 0.6194746494293213
131.202.240.87-173.194.196.16-10790-465-6,packet_id: 1,delay: 0.6497294902801514
10.8.8.138-208.117.251.116-56557-443-6,packet_id: 1,delay: 0.4238412380218506
131.202.240.87-173.252.100.27-64842-443-6,packet_id: 1,delay: 0.5763967037200928
131.202.240.87-173.252.100.27-64842-443-6,packet_id: 2,delay: 0.5920970439910889
131.202.240.87-173.252.100.27-64842-443-6,packet_id: 3,delay: 0.5709986686706543
131.202.240.87-173.252.100.27-64842-443-6,packet_id: 4,delay: 0.5843281745910645
131.202.240.87-173.252.100.27-64842-443-6,packet_id: 5,delay: 0.5704667568206787
131.202.240.87-173.252.100.27-64842-443-6,packet_id: 6,delay: 0.5988926887512207
10.8.8.138-208.117.251.116-56568-443-6,packet_id: 1,delay: 0.4349937438964844
10.8.8.138-208.117.251.116-56577-443-6,packet_id: 1,delay: 0.44758009910583496
10.8.8.138-208.117.251.116-56577-443-6,packet_id: 2,delay: 0.4375495910644531
10.8.8.138-208.117.251.116-56622-443-6,packet_id: 1,delay: 0.4447519779205322
10.8.8.138-208.117.251.116-56622-443-6,packet_id: 2,delay: 0.4439198970794678
10.8.8.138-208.117.251.116-56647-443-6,packet_id: 1,delay: 0.45542240142822266
10.8.8.138-208.117.251.116-56647-443-6,packet_id: 2,delay: 0.44354772567749023
131.202.240.87-178.237.17.103-42530-443-6,packet_id: 1,delay: 0.6820769309997559
131.202.240.87-178.237.17.103-42530-443-6,packet_id: 2,delay: 0.6787309646606445
137.117.177.33-10.8.8.178-443-40028-6,packet_id: 1,delay: 1.1547105312347412
10.8.8.138-209.148.205.35-42190-443-6,packet_id: 1,delay: 0.7331547737121582
10.8.8.138-209.148.205.35-42190-443-6,packet_id: 2,delay: 0.7301440238952637
10.8.8.138-209.148.205.35-42190-443-6,packet_id: 3,delay: 0.702815055847168
10.8.8.138-209.148.205.35-42190-443-6,packet_id: 4,delay: 0.7165584564208984
131.202.240.87-205.188.12.91-42522-443-6,packet_id: 1,delay: 0.5848164558410645
131.202.240.87-205.188.12.91-42522-443-6,packet_id: 2,delay: 0.5809876918792725
131.202.240.87-209.148.205.35-64882-443-6,packet_id: 1,delay: 0.7859771251678467
173.194.194.16-10.0.2.15-995-58959-6,packet_id: 1,delay: 0.9012978076934814
131.202.240.150-23.50.75.27-45724-80-6,packet_id: 1,delay: 0.4399528503417969
108.175.42.181-131.202.240.150-80-58287-6,packet_id: 1,delay: 0.6177911758422852
108.175.42.181-131.202.240.150-80-58287-6,packet_id: 2,delay: 0.6110153198242188
108.175.42.181-131.202.240.150-80-58287-6,packet_id: 3,delay: 0.6148700714111328
108.175.42.181-131.202.240.150-80-58287-6,packet_id: 4,delay: 0.6227898597717285
108.175.42.181-131.202.240.150-80-58287-6,packet_id: 5,delay: 0.6120386123657227
131.202.240.150-23.235.40.143-54394-443-6,packet_id: 1,delay: 0.3570420742034912
131.202.240.150-23.235.40.143-54394-443-6,packet_id: 2,delay: 0.36553287506103516
131.202.240.150-23.235.40.143-54394-443-6,packet_id: 3,delay: 0.38280391693115234
131.202.240.150-23.235.40.143-54394-443-6,packet_id: 4,delay: 0.3520090579986572
131.202.240.150-23.235.40.143-54394-443-6,packet_id: 5,delay: 0.38000988960266113
131.202.240.150-108.175.39.202-40884-80-6,packet_id: 1,delay: 0.5154616832733154
131.202.240.150-108.175.39.202-40884-80-6,packet_id: 2,delay: 0.5266716480255127
131.202.240.150-108.175.39.202-40884-80-6,packet_id: 3,delay: 0.5323567390441895
131.202.240.150-108.175.39.202-40884-80-6,packet_id: 4,delay: 0.5194871425628662
131.202.240.150-108.175.39.202-40884-80-6,packet_id: 5,delay: 0.5215489864349365
131.202.240.150-108.175.39.202-40884-80-6,packet_id: 6,delay: 0.5458366870880127
131.202.240.150-108.175.39.202-40884-80-6,packet_id: 7,delay: 0.5173220634460449
131.202.240.150-108.175.39.202-40884-80-6,packet_id: 8,delay: 0.5135133266448975
131.202.240.150-108.175.39.202-40884-80-6,packet_id: 9,delay: 0.5101954936981201
131.202.240.150-108.175.39.202-40884-80-6,packet_id: 10,delay: 0.5153217315673828
131.202.240.150-108.175.39.202-40884-80-6,packet_id: 11,delay: 0.5111503601074219
131.202.240.150-108.175.39.202-40884-80-6,packet_id: 12,delay: 0.48906922340393066
131.202.240.150-108.175.39.202-40884-80-6,packet_id: 13,delay: 0.5137529373168945
131.202.240.150-108.175.39.202-40884-80-6,packet_id: 14,delay: 0.5067503452301025
131.202.240.150-108.175.39.202-40884-80-6,packet_id: 15,delay: 0.5076930522918701
131.202.240.150-108.175.39.202-40884-80-6,packet_id: 16,delay: 0.5168929100036621
216.58.208.37-10.8.8.178-443-51920-6,packet_id: 1,delay: 0.8715336322784424
173.194.67.189-10.8.8.178-443-57866-6,packet_id: 1,delay: 0.9205915927886963
216.58.208.37-10.8.8.178-443-51939-6,packet_id: 1,delay: 0.8632674217224121
173.194.78.189-10.8.8.130-443-60098-6,packet_id: 1,delay: 0.549187421798706
173.194.78.189-10.8.8.130-443-60098-6,packet_id: 2,delay: 0.5539460182189941
173.194.78.189-10.8.8.130-443-60098-6,packet_id: 3,delay: 0.5567553043365479
173.194.67.189-10.8.8.178-443-57926-6,packet_id: 1,delay: 0.922128438949585
173.194.67.189-10.8.8.178-443-57926-6,packet_id: 2,delay: 0.924342155456543
173.194.67.189-10.8.8.178-443-57926-6,packet_id: 3,delay: 0.9032249450683594
173.194.67.189-10.8.8.178-443-57926-6,packet_id: 4,delay: 0.9343185424804688
173.194.67.189-10.8.8.178-443-57926-6,packet_id: 5,delay: 0.9565062522888184
173.194.67.189-10.8.8.178-443-57926-6,packet_id: 6,delay: 0.9160778522491455
173.194.67.189-10.8.8.178-443-57926-6,packet_id: 7,delay: 0.9281938076019287
173.194.67.189-10.8.8.178-443-57926-6,packet_id: 8,delay: 0.916234016418457
173.194.67.189-10.8.8.178-443-57926-6,packet_id: 9,delay: 0.9173502922058105
185.2.220.137-10.8.8.138-80-43533-6,packet_id: 1,delay: 0.31120777130126953
185.2.220.137-10.8.8.138-80-43533-6,packet_id: 2,delay: 0.30281519889831543
185.2.220.137-10.8.8.138-80-43533-6,packet_id: 3,delay: 0.3213984966278076
185.2.220.137-10.8.8.138-80-43533-6,packet_id: 4,delay: 0.29781126976013184
185.2.220.137-10.8.8.138-80-43533-6,packet_id: 5,delay: 0.28044843673706055
185.2.220.137-10.8.8.138-80-43533-6,packet_id: 6,delay: 0.2763988971710205
185.2.220.137-10.8.8.138-80-43533-6,packet_id: 7,delay: 0.30203723907470703
185.2.220.137-10.8.8.138-80-43533-6,packet_id: 8,delay: 0.29303932189941406
185.2.220.137-10.8.8.138-80-43533-6,packet_id: 9,delay: 0.28148937225341797
185.2.220.137-10.8.8.138-80-43533-6,packet_id: 10,delay: 0.3012349605560303
185.2.220.137-10.8.8.138-80-43533-6,packet_id: 11,delay: 0.2990870475769043
185.2.220.137-10.8.8.138-80-43533-6,packet_id: 12,delay: 0.28993868827819824
185.2.220.137-10.8.8.138-80-43533-6,packet_id: 13,delay: 0.3122375011444092
185.2.220.137-10.8.8.138-80-43533-6,packet_id: 14,delay: 0.30173659324645996
185.2.220.137-10.8.8.138-80-43533-6,packet_id: 15,delay: 0.2869689464569092
185.2.220.137-10.8.8.138-80-43533-6,packet_id: 16,delay: 0.2905752658843994
185.2.220.137-10.8.8.138-80-43533-6,packet_id: 17,delay: 0.2959105968475342
185.2.220.137-10.8.8.138-80-43533-6,packet_id: 18,delay: 0.28447675704956055
185.2.220.137-10.8.8.138-80-43533-6,packet_id: 19,delay: 0.29520440101623535
185.2.220.137-10.8.8.138-80-43533-6,packet_id: 20,delay: 0.29860520362854004
185.2.220.137-10.8.8.138-80-43533-6,packet_id: 21,delay: 0.31140804290771484
185.2.220.137-10.8.8.138-80-43533-6,packet_id: 22,delay: 0.27706336975097656
185.2.220.137-10.8.8.138-80-43533-6,packet_id: 23,delay: 0.2796013355255127
185.2.220.137-10.8.8.138-80-43533-6,packet_id: 24,delay: 0.287247896194458
185.2.220.137-10.8.8.138-80-43533-6,packet_id: 25,delay: 0.28769659996032715
185.2.220.137-10.8.8.138-80-43533-6,packet_id: 26,delay: 0.2859163284301758
185.2.220.137-10.8.8.138-80-43533-6,packet_id: 27,delay: 0.291109561920166
185.2.220.137-10.8.8.138-80-43533-6,packet_id: 28,delay: 0.281083345413208
185.2.220.137-10.8.8.138-80-43533-6,packet_id: 29,delay: 0.30045104026794434
185.2.220.137-10.8.8.138-80-43533-6,packet_id: 30,delay: 0.29082441329956055
185.2.220.137-10.8.8.138-80-43533-6,packet_id: 31,delay: 0.2967991828918457
185.2.220.137-10.8.8.138-80-43533-6,packet_id: 32,delay: 0.27647972106933594
185.2.220.137-10.8.8.138-80-43533-6,packet_id: 33,delay: 0.29311537742614746
185.2.220.137-10.8.8.138-80-43533-6,packet_id: 34,delay: 0.3098883628845215
185.2.220.137-10.8.8.138-80-43533-6,packet_id: 35,delay: 0.28205132484436035
185.2.220.137-10.8.8.138-80-43533-6,packet_id: 36,delay: 0.30393338203430176
185.2.220.137-10.8.8.138-80-43533-6,packet_id: 37,delay: 0.30098533630371094
185.2.220.137-10.8.8.138-80-43533-6,packet_id: 38,delay: 0.289745569229126
185.2.220.137-10.8.8.138-80-43533-6,packet_id: 39,delay: 0.2990696430206299
185.2.220.137-10.8.8.138-80-43533-6,packet_id: 40,delay: 0.31572413444519043
185.2.220.137-10.8.8.138-80-43533-6,packet_id: 41,delay: 0.3059098720550537
185.2.220.137-10.8.8.138-80-43533-6,packet_id: 42,delay: 0.29427385330200195
185.2.220.137-10.8.8.138-80-43533-6,packet_id: 43,delay: 0.33754587173461914
185.2.220.137-10.8.8.138-80-43533-6,packet_id: 44,delay: 0.32283496856689453
185.2.220.137-10.8.8.138-80-43533-6,packet_id: 45,delay: 0.29889750480651855
185.2.220.137-10.8.8.138-80-43533-6,packet_id: 46,delay: 0.3226318359375
185.2.220.137-10.8.8.138-80-43533-6,packet_id: 47,delay: 0.2996675968170166
185.2.220.137-10.8.8.138-80-43533-6,packet_id: 48,delay: 0.29417848587036133
185.2.220.137-10.8.8.138-80-43533-6,packet_id: 49,delay: 0.3168046474456787
185.2.220.137-10.8.8.138-80-43533-6,packet_id: 50,delay: 0.28914618492126465
185.2.220.137-10.8.8.138-80-43533-6,packet_id: 51,delay: 0.28354501724243164
185.2.220.137-10.8.8.138-80-43533-6,packet_id: 52,delay: 0.30198025703430176
185.2.220.137-10.8.8.138-80-43533-6,packet_id: 53,delay: 0.2857506275177002
185.2.220.137-10.8.8.138-80-43533-6,packet_id: 54,delay: 0.3059861660003662
185.2.220.137-10.8.8.138-80-43533-6,packet_id: 55,delay: 0.2958519458770752
185.2.220.137-10.8.8.138-80-43533-6,packet_id: 56,delay: 0.3029041290283203
185.2.220.137-10.8.8.138-80-43533-6,packet_id: 57,delay: 0.29821228981018066
185.2.220.137-10.8.8.138-80-43533-6,packet_id: 58,delay: 0.2978811264038086
185.2.220.137-10.8.8.138-80-43533-6,packet_id: 59,delay: 0.2523627281188965
185.2.220.137-10.8.8.138-80-43533-6,packet_id: 60,delay: 0.2906920909881592
185.2.220.137-10.8.8.138-80-43533-6,packet_id: 61,delay: 0.3087623119354248
185.2.220.137-10.8.8.138-80-43533-6,packet_id: 62,delay: 0.2937896251678467
185.2.220.137-10.8.8.138-80-43533-6,packet_id: 63,delay: 0.28705716133117676
185.2.220.137-10.8.8.138-80-43533-6,packet_id: 64,delay: 0.3043394088745117
185.2.220.137-10.8.8.138-80-43533-6,packet_id: 65,delay: 0.2919747829437256
185.2.220.137-10.8.8.138-80-43533-6,packet_id: 66,delay: 0.2847726345062256
185.2.220.137-10.8.8.138-80-43533-6,packet_id: 67,delay: 0.2835056781768799
185.2.220.137-10.8.8.138-80-43533-6,packet_id: 68,delay: 0.2843968868255615
185.2.220.137-10.8.8.138-80-43533-6,packet_id: 69,delay: 0.31629180908203125
185.2.220.137-10.8.8.138-80-43533-6,packet_id: 70,delay: 0.322735071182251
185.2.220.137-10.8.8.138-80-43533-6,packet_id: 71,delay: 0.30466747283935547
185.2.220.137-10.8.8.138-80-43533-6,packet_id: 72,delay: 0.3156278133392334
185.2.220.137-10.8.8.138-80-43533-6,packet_id: 73,delay: 0.2938957214355469
185.2.220.137-10.8.8.138-80-43533-6,packet_id: 74,delay: 0.2958552837371826
185.2.220.137-10.8.8.138-80-43533-6,packet_id: 75,delay: 0.3070106506347656
185.2.220.137-10.8.8.138-80-43533-6,packet_id: 76,delay: 0.3300318717956543
185.2.220.137-10.8.8.138-80-43533-6,packet_id: 77,delay: 0.3282287120819092
185.2.220.137-10.8.8.138-80-43533-6,packet_id: 78,delay: 0.3255503177642822
185.2.220.137-10.8.8.138-80-43533-6,packet_id: 79,delay: 0.3058431148529053
185.2.220.137-10.8.8.138-80-43533-6,packet_id: 80,delay: 0.3011178970336914
185.2.220.137-10.8.8.138-80-43533-6,packet_id: 81,delay: 0.3030509948730469
185.2.220.137-10.8.8.138-80-43533-6,packet_id: 82,delay: 0.29473257064819336
173.194.196.16-131.202.240.242-465-5488-6,packet_id: 1,delay: 0.5878589153289795
108.175.39.202-131.202.240.150-80-40884-6,packet_id: 1,delay: 0.234208345413208
108.175.39.202-131.202.240.150-80-40884-6,packet_id: 2,delay: 0.23822760581970215
173.194.196.16-131.202.240.242-465-5492-6,packet_id: 1,delay: 0.5780367851257324
173.194.196.16-131.202.240.242-465-5524-6,packet_id: 1,delay: 0.5634281635284424
173.194.196.16-131.202.240.242-465-5527-6,packet_id: 1,delay: 0.5668327808380127
131.202.240.150-108.175.42.181-58287-80-6,packet_id: 1,delay: 0.5106916427612305
131.202.240.150-108.175.42.181-58287-80-6,packet_id: 2,delay: 0.49953460693359375
131.202.240.150-108.175.42.181-58287-80-6,packet_id: 3,delay: 0.4792947769165039
131.202.240.150-108.175.42.181-58287-80-6,packet_id: 4,delay: 0.5101990699768066
131.202.240.150-108.175.42.181-58287-80-6,packet_id: 5,delay: 0.49437570571899414
131.202.240.150-108.175.42.181-58287-80-6,packet_id: 6,delay: 0.49509668350219727
131.202.240.150-108.175.42.181-58287-80-6,packet_id: 7,delay: 0.48583531379699707
131.202.240.150-108.175.42.181-58287-80-6,packet_id: 8,delay: 0.4984102249145508
131.202.240.150-108.175.42.181-58287-80-6,packet_id: 9,delay: 0.49367713928222656
131.202.240.150-108.175.42.181-58287-80-6,packet_id: 10,delay: 0.49076342582702637
131.202.240.150-108.175.42.181-58287-80-6,packet_id: 11,delay: 0.4863250255584717
131.202.240.150-108.175.43.146-60056-80-6,packet_id: 1,delay: 0.6943199634552002
131.202.240.150-108.175.43.146-60056-80-6,packet_id: 2,delay: 0.6883409023284912
131.202.240.150-108.175.43.146-60056-80-6,packet_id: 3,delay: 0.6896998882293701
131.202.240.150-108.175.43.146-60056-80-6,packet_id: 4,delay: 0.7018816471099854
131.202.240.150-108.175.43.146-60056-80-6,packet_id: 5,delay: 0.6987709999084473
131.202.240.150-108.175.43.146-60056-80-6,packet_id: 6,delay: 0.7027106285095215
131.202.240.150-108.175.43.146-60056-80-6,packet_id: 7,delay: 0.6954135894775391
131.202.240.150-108.175.43.146-60056-80-6,packet_id: 8,delay: 0.7139108180999756
131.202.240.150-108.175.43.146-60056-80-6,packet_id: 9,delay: 0.7130327224731445
131.202.240.150-108.175.43.146-60056-80-6,packet_id: 10,delay: 0.7205941677093506
131.202.240.150-108.175.43.146-60056-80-6,packet_id: 11,delay: 0.7048900127410889
131.202.240.150-108.175.43.146-60056-80-6,packet_id: 12,delay: 0.7168309688568115
131.202.240.150-108.175.43.146-60056-80-6,packet_id: 13,delay: 0.7041404247283936
131.202.240.150-108.175.43.146-60056-80-6,packet_id: 14,delay: 0.6961100101470947
131.202.240.150-108.175.43.146-60056-80-6,packet_id: 15,delay: 0.7250010967254639
131.202.240.150-108.175.43.146-60056-80-6,packet_id: 16,delay: 0.7057366371154785
131.202.240.150-108.175.43.146-60056-80-6,packet_id: 17,delay: 0.7075283527374268
131.202.240.150-108.175.43.146-60056-80-6,packet_id: 18,delay: 0.7431418895721436
131.202.240.150-108.175.43.146-60056-80-6,packet_id: 19,delay: 0.7247114181518555
142.1.33.2-10.0.2.15-3230-56467-6,packet_id: 1,delay: 1.0276505947113037
131.202.240.242-68.67.153.2-5887-80-6,packet_id: 1,delay: 0.7518203258514404
131.202.240.242-69.172.216.55-5957-443-6,packet_id: 1,delay: 0.607947826385498
131.202.240.242-74.125.193.16-5535-995-6,packet_id: 1,delay: 0.8126044273376465
131.202.240.242-131.202.240.87-5619-42322-6,packet_id: 1,delay: 0.8397059440612793
131.202.240.242-131.202.240.87-5619-42322-6,packet_id: 2,delay: 0.8291187286376953
131.202.240.242-131.202.240.87-5619-42322-6,packet_id: 3,delay: 0.8305940628051758
131.202.240.242-131.202.240.87-5619-42322-6,packet_id: 4,delay: 0.8214855194091797
131.202.240.242-131.202.240.87-5619-42322-6,packet_id: 5,delay: 0.8196721076965332
131.202.240.242-131.202.240.87-5619-42322-6,packet_id: 6,delay: 0.823979377746582
131.202.240.242-131.202.240.87-5619-42322-6,packet_id: 7,delay: 0.8168292045593262
131.202.240.242-131.202.240.87-5619-42322-6,packet_id: 8,delay: 0.8196554183959961
131.202.240.242-131.202.240.87-5619-42322-6,packet_id: 9,delay: 0.8447983264923096
131.202.240.242-131.202.240.87-5619-42322-6,packet_id: 10,delay: 0.8135719299316406
131.202.240.242-131.202.240.87-5619-42322-6,packet_id: 11,delay: 0.833167314529419
131.202.240.242-131.202.240.87-5619-42322-6,packet_id: 12,delay: 0.8238894939422607
131.202.240.242-131.202.240.87-5619-42322-6,packet_id: 13,delay: 0.8275821208953857
131.202.240.242-131.202.240.87-5619-42322-6,packet_id: 14,delay: 0.8199973106384277
131.202.240.242-131.202.240.87-5619-42322-6,packet_id: 15,delay: 0.8136541843414307
131.202.240.242-131.202.240.87-5619-42322-6,packet_id: 16,delay: 0.8271994590759277
131.202.240.242-131.202.240.87-5619-42322-6,packet_id: 17,delay: 0.8255002498626709
131.202.240.242-131.202.240.87-5619-42322-6,packet_id: 18,delay: 0.827326774597168
131.202.240.242-131.202.240.87-5619-42322-6,packet_id: 19,delay: 0.794666051864624
131.202.240.242-131.202.240.87-5619-42322-6,packet_id: 20,delay: 0.8180606365203857
131.202.240.242-131.202.240.87-5619-42322-6,packet_id: 21,delay: 0.8124821186065674
131.202.240.242-131.202.240.87-5619-42322-6,packet_id: 22,delay: 0.8238279819488525
131.202.240.242-131.202.240.87-5619-42322-6,packet_id: 23,delay: 0.8240528106689453
131.202.240.242-131.202.240.87-5619-42322-6,packet_id: 24,delay: 0.8237881660461426
131.202.240.242-131.202.240.87-5619-42322-6,packet_id: 25,delay: 0.823150634765625
131.202.240.242-131.202.240.87-5619-42322-6,packet_id: 26,delay: 0.8234314918518066
131.202.240.242-131.202.240.87-5619-42322-6,packet_id: 27,delay: 0.80373215675354
131.202.240.242-131.202.240.87-5619-42322-6,packet_id: 28,delay: 0.8193104267120361
131.202.240.242-131.202.240.87-5619-42322-6,packet_id: 29,delay: 0.8319895267486572
178.237.18.202-10.8.8.130-443-34342-6,packet_id: 1,delay: 0.8016583919525146
178.237.18.202-10.8.8.130-443-34342-6,packet_id: 2,delay: 0.8307633399963379
178.237.18.202-10.8.8.130-443-34342-6,packet_id: 3,delay: 0.8150253295898438
178.237.18.202-10.8.8.130-443-34342-6,packet_id: 4,delay: 0.8245518207550049
178.237.18.202-10.8.8.130-443-34342-6,packet_id: 5,delay: 0.8266627788543701
178.237.18.202-10.8.8.130-443-34342-6,packet_id: 6,delay: 0.810467004776001
173.252.100.27-10.8.8.178-443-47132-6,packet_id: 1,delay: 0.7440066337585449
173.252.100.27-10.8.8.178-443-47132-6,packet_id: 2,delay: 0.7444579601287842
173.252.100.27-10.8.8.178-443-47132-6,packet_id: 3,delay: 0.7508914470672607
173.252.100.27-10.8.8.178-443-47132-6,packet_id: 4,delay: 0.7443273067474365
173.252.100.27-10.8.8.178-443-47132-6,packet_id: 5,delay: 0.7635993957519531
173.252.100.27-10.8.8.178-443-47132-6,packet_id: 6,delay: 0.7571349143981934
173.252.100.27-10.8.8.178-443-47132-6,packet_id: 7,delay: 0.7414591312408447
173.252.100.27-10.8.8.178-443-47132-6,packet_id: 8,delay: 0.7543308734893799
173.252.100.27-10.8.8.178-443-47132-6,packet_id: 9,delay: 0.7454500198364258
173.252.100.27-10.8.8.178-443-47132-6,packet_id: 10,delay: 0.7453532218933105
173.252.100.27-10.8.8.178-443-47132-6,packet_id: 11,delay: 0.7554349899291992
68.67.176.42-131.202.240.87-443-11439-6,packet_id: 1,delay: 0.7407779693603516
178.237.18.202-131.202.240.242-443-31773-6,packet_id: 1,delay: 0.8148605823516846
173.194.123.124-131.202.240.242-443-5983-6,packet_id: 1,delay: 0.4996681213378906
178.237.17.103-10.8.8.178-443-51318-6,packet_id: 1,delay: 0.9542336463928223
178.237.17.103-10.8.8.178-443-51318-6,packet_id: 2,delay: 0.9234542846679688
178.237.17.103-10.8.8.178-443-51318-6,packet_id: 3,delay: 0.9195029735565186
199.212.24.173-131.202.240.150-443-54334-6,packet_id: 1,delay: 0.4380192756652832
137.116.32.77-10.0.2.15-443-34727-6,packet_id: 1,delay: 0.4277787208557129
208.117.251.116-10.8.8.138-443-56550-6,packet_id: 1,delay: 0.295762300491333
208.117.251.116-10.8.8.138-443-56550-6,packet_id: 2,delay: 0.30996227264404297
208.117.251.116-10.8.8.138-443-56550-6,packet_id: 3,delay: 0.2964510917663574
208.117.251.116-10.8.8.138-443-56550-6,packet_id: 4,delay: 0.3190727233886719
208.117.251.116-10.8.8.138-443-56550-6,packet_id: 5,delay: 0.3114776611328125
131.202.240.150-108.175.43.161-57196-80-6,packet_id: 1,delay: 0.5989024639129639
131.202.240.150-108.175.43.161-57196-80-6,packet_id: 2,delay: 0.6117367744445801
131.202.240.150-108.175.43.161-57196-80-6,packet_id: 3,delay: 0.5989551544189453
131.202.240.150-108.175.43.161-57196-80-6,packet_id: 4,delay: 0.6036269664764404
131.202.240.150-108.175.43.161-57196-80-6,packet_id: 5,delay: 0.6230096817016602
131.202.240.150-108.175.43.161-57196-80-6,packet_id: 6,delay: 0.5876545906066895
131.202.240.150-108.175.43.161-57196-80-6,packet_id: 7,delay: 0.5751998424530029
131.202.240.150-108.175.43.161-57196-80-6,packet_id: 8,delay: 0.5876021385192871
131.202.240.150-108.175.43.161-57196-80-6,packet_id: 9,delay: 0.574392557144165
131.202.240.150-108.175.43.161-57196-80-6,packet_id: 10,delay: 0.5963234901428223
131.202.240.150-108.175.43.161-57196-80-6,packet_id: 11,delay: 0.601762056350708
131.202.240.150-108.175.43.161-57196-80-6,packet_id: 12,delay: 0.6034588813781738
131.202.240.150-108.175.43.161-57196-80-6,packet_id: 13,delay: 0.5734610557556152
131.202.240.150-108.175.43.161-57196-80-6,packet_id: 14,delay: 0.5875208377838135
131.202.240.150-108.175.43.161-57196-80-6,packet_id: 15,delay: 0.5842313766479492
131.202.240.150-108.175.43.161-57196-80-6,packet_id: 16,delay: 0.6233601570129395
131.202.240.150-108.175.43.161-57196-80-6,packet_id: 17,delay: 0.5811941623687744
173.252.100.27-131.202.240.87-443-64842-6,packet_id: 1,delay: 0.6202716827392578
173.252.100.27-131.202.240.87-443-64842-6,packet_id: 2,delay: 0.6154685020446777
173.252.100.27-131.202.240.87-443-64842-6,packet_id: 3,delay: 0.6321277618408203
173.252.100.27-131.202.240.87-443-64842-6,packet_id: 4,delay: 0.6248624324798584
173.252.100.27-131.202.240.87-443-64842-6,packet_id: 5,delay: 0.613447904586792
173.252.100.27-131.202.240.87-443-64842-6,packet_id: 6,delay: 0.6083755493164062
173.252.100.27-131.202.240.87-443-64842-6,packet_id: 7,delay: 0.6341850757598877
208.117.251.116-10.8.8.138-443-56560-6,packet_id: 1,delay: 0.3166956901550293
208.117.251.116-10.8.8.138-443-56560-6,packet_id: 2,delay: 0.2956109046936035
208.117.251.116-10.8.8.138-443-56560-6,packet_id: 3,delay: 0.2962055206298828
208.117.251.116-10.8.8.138-443-56577-6,packet_id: 1,delay: 0.30326032638549805
208.117.251.116-10.8.8.138-443-56587-6,packet_id: 1,delay: 0.3075864315032959
173.252.100.27-131.202.240.242-443-32576-6,packet_id: 1,delay: 0.5384225845336914
173.252.100.27-131.202.240.242-443-32576-6,packet_id: 2,delay: 0.53214430809021
208.117.251.116-10.8.8.138-443-56597-6,packet_id: 1,delay: 0.29128432273864746
208.117.251.116-10.8.8.138-443-56603-6,packet_id: 1,delay: 0.25288963317871094
208.117.251.116-10.8.8.138-443-56605-6,packet_id: 1,delay: 0.2965261936187744
208.117.251.116-10.8.8.138-443-56605-6,packet_id: 2,delay: 0.3020603656768799
208.117.251.116-10.8.8.138-443-56622-6,packet_id: 1,delay: 0.29529809951782227
208.117.251.116-10.8.8.138-443-56622-6,packet_id: 2,delay: 0.2962768077850342
208.117.251.116-10.8.8.138-443-56633-6,packet_id: 1,delay: 0.320178747177124
208.117.251.116-10.8.8.138-443-56633-6,packet_id: 2,delay: 0.2733123302459717
131.202.240.242-157.56.126.188-5589-443-6,packet_id: 1,delay: 0.8500361442565918
131.202.240.242-157.56.126.188-5589-443-6,packet_id: 2,delay: 0.8524649143218994
131.202.240.242-157.56.126.188-5589-443-6,packet_id: 3,delay: 0.8485989570617676
131.202.240.242-157.56.126.188-5589-443-6,packet_id: 4,delay: 0.8611240386962891
131.202.240.242-157.56.126.188-5589-443-6,packet_id: 5,delay: 0.8721842765808105
131.202.240.242-157.56.126.188-5589-443-6,packet_id: 6,delay: 0.8600277900695801
131.202.240.242-157.56.126.188-5589-443-6,packet_id: 7,delay: 0.8503899574279785
131.202.240.242-157.56.126.188-5589-443-6,packet_id: 8,delay: 0.8482115268707275
131.202.240.242-157.56.126.188-5589-443-6,packet_id: 9,delay: 0.8433153629302979
131.202.240.150-173.194.20.107-44157-443-6,packet_id: 1,delay: 0.5748529434204102
131.202.240.150-173.194.20.107-44157-443-6,packet_id: 2,delay: 0.5705680847167969
131.202.240.150-173.194.20.107-44157-443-6,packet_id: 3,delay: 0.5797080993652344
131.202.240.150-173.194.20.107-44157-443-6,packet_id: 4,delay: 0.573277473449707
208.117.251.116-10.8.8.138-443-56641-6,packet_id: 1,delay: 0.3011002540588379
131.202.240.150-184.73.252.179-39085-80-6,packet_id: 1,delay: 0.7118034362792969
131.202.240.150-199.127.194.212-41858-443-6,packet_id: 1,delay: 0.5888903141021729
131.202.240.150-199.212.24.172-56874-443-6,packet_id: 1,delay: 0.5166821479797363
131.202.240.150-199.212.24.172-56874-443-6,packet_id: 2,delay: 0.5199344158172607
131.202.240.150-199.212.24.172-56874-443-6,packet_id: 3,delay: 0.5019471645355225
131.202.240.150-199.212.24.172-56874-443-6,packet_id: 4,delay: 0.5248181819915771
131.202.240.150-199.212.24.172-56874-443-6,packet_id: 5,delay: 0.5109620094299316
131.202.240.150-199.212.24.172-56874-443-6,packet_id: 6,delay: 0.5174779891967773
131.202.240.150-199.212.24.172-56874-443-6,packet_id: 7,delay: 0.514434814453125
131.202.240.150-199.212.24.172-56874-443-6,packet_id: 8,delay: 0.5182678699493408
131.202.240.150-199.212.24.172-56874-443-6,packet_id: 9,delay: 0.5153970718383789
131.202.240.150-199.212.24.172-56874-443-6,packet_id: 10,delay: 0.5191936492919922
131.202.240.150-199.212.24.172-56874-443-6,packet_id: 11,delay: 0.5217630863189697
131.202.240.150-199.212.24.172-56874-443-6,packet_id: 12,delay: 0.5165026187896729
131.202.240.150-199.212.24.172-56874-443-6,packet_id: 13,delay: 0.5282852649688721
131.202.240.150-199.212.24.172-56874-443-6,packet_id: 14,delay: 0.5085659027099609
131.202.240.150-199.212.24.172-56874-443-6,packet_id: 15,delay: 0.5024447441101074
131.202.240.150-199.212.24.172-56874-443-6,packet_id: 16,delay: 0.5023674964904785
131.202.240.150-199.212.24.172-56874-443-6,packet_id: 17,delay: 0.5291404724121094
131.202.240.150-199.212.24.172-56874-443-6,packet_id: 18,delay: 0.5167121887207031
131.202.240.150-199.212.24.172-56874-443-6,packet_id: 19,delay: 0.5057127475738525
131.202.240.150-199.212.24.172-56874-443-6,packet_id: 20,delay: 0.5042402744293213
131.202.240.150-199.212.24.172-56874-443-6,packet_id: 21,delay: 0.5402450561523438
131.202.240.150-199.212.24.172-56874-443-6,packet_id: 22,delay: 0.5138232707977295
131.202.240.150-199.212.24.172-56874-443-6,packet_id: 23,delay: 0.5486788749694824
131.202.240.150-199.212.24.172-56874-443-6,packet_id: 24,delay: 0.5327389240264893
131.202.240.150-199.212.24.172-56874-443-6,packet_id: 25,delay: 0.5362675189971924
131.202.240.150-199.212.24.172-56874-443-6,packet_id: 26,delay: 0.5229930877685547
131.202.240.150-199.212.24.172-56874-443-6,packet_id: 27,delay: 0.5091371536254883
131.202.240.150-199.212.24.172-56874-443-6,packet_id: 28,delay: 0.5062158107757568
131.202.240.150-199.212.24.172-56874-443-6,packet_id: 29,delay: 0.5291602611541748
131.202.240.150-199.212.24.172-56874-443-6,packet_id: 30,delay: 0.5161159038543701
131.202.240.150-199.212.24.172-56874-443-6,packet_id: 31,delay: 0.49134111404418945
131.202.240.150-199.212.24.172-56874-443-6,packet_id: 32,delay: 0.4993433952331543
134.170.19.124-131.202.240.87-443-10864-6,packet_id: 1,delay: 0.8246009349822998
134.170.19.124-131.202.240.87-443-10864-6,packet_id: 2,delay: 0.8113491535186768
134.170.19.124-131.202.240.87-443-10864-6,packet_id: 3,delay: 0.8197462558746338
134.170.19.124-131.202.240.87-443-10864-6,packet_id: 4,delay: 0.8161671161651611
134.170.19.124-131.202.240.87-443-10864-6,packet_id: 5,delay: 0.83919358253479
134.170.19.124-131.202.240.87-443-10864-6,packet_id: 6,delay: 0.8229546546936035
134.170.19.124-131.202.240.87-443-10864-6,packet_id: 7,delay: 0.8335738182067871
134.170.19.124-131.202.240.87-443-10864-6,packet_id: 8,delay: 0.8323578834533691
134.170.19.124-131.202.240.87-443-10864-6,packet_id: 9,delay: 0.8336670398712158
134.170.19.124-131.202.240.87-443-10864-6,packet_id: 10,delay: 0.8529350757598877
131.202.240.242-173.194.196.16-5500-465-6,packet_id: 1,delay: 0.8207030296325684
131.202.240.242-173.194.196.16-5529-465-6,packet_id: 1,delay: 0.8442628383636475
131.202.240.242-173.252.100.27-32576-443-6,packet_id: 1,delay: 0.768502950668335
131.202.240.242-178.237.18.202-31773-443-6,packet_id: 1,delay: 0.8303179740905762
131.202.240.242-216.58.219.230-5999-443-6,packet_id: 1,delay: 0.8341724872589111
216.58.210.78-10.8.8.178-443-44923-6,packet_id: 1,delay: 0.943023681640625
216.58.210.78-10.8.8.178-443-44923-6,packet_id: 2,delay: 0.9322946071624756
216.58.210.78-10.8.8.178-443-44923-6,packet_id: 3,delay: 0.9134058952331543
216.58.210.78-10.8.8.178-443-44923-6,packet_id: 4,delay: 0.9454555511474609
184.29.105.106-131.202.240.150-80-45466-6,packet_id: 1,delay: 0.41387248039245605
199.212.24.175-131.202.240.150-443-58600-6,packet_id: 1,delay: 0.45685744285583496
199.212.24.175-131.202.240.150-443-58936-6,packet_id: 1,delay: 0.4162168502807617
173.194.210.188-131.202.240.242-5228-32506-6,packet_id: 1,delay: 0.34531307220458984
216.58.208.46-10.8.8.110-80-33072-6,packet_id: 1,delay: 0.44243836402893066
216.58.208.46-10.8.8.178-443-38243-6,packet_id: 1,delay: 0.6536862850189209
216.58.208.46-10.8.8.178-443-38243-6,packet_id: 2,delay: 0.6519882678985596
216.58.208.46-10.8.8.178-443-38243-6,packet_id: 3,delay: 0.6414151191711426
216.58.208.46-10.8.8.178-443-38243-6,packet_id: 4,delay: 0.6449024677276611
216.58.208.46-10.8.8.178-443-38243-6,packet_id: 5,delay: 0.6446256637573242
216.58.208.46-10.8.8.178-443-38243-6,packet_id: 6,delay: 0.6573553085327148
216.58.208.46-10.8.8.178-443-38243-6,packet_id: 7,delay: 0.6486237049102783
216.58.208.46-10.8.8.178-443-38243-6,packet_id: 8,delay: 0.6639132499694824
216.58.208.46-10.8.8.178-443-38264-6,packet_id: 1,delay: 0.6398477554321289
216.58.208.46-10.8.8.178-443-38264-6,packet_id: 2,delay: 0.6213765144348145
216.58.208.46-10.8.8.178-443-38264-6,packet_id: 3,delay: 0.617457389831543
216.58.208.46-10.8.8.178-443-38264-6,packet_id: 4,delay: 0.6457686424255371
216.58.208.46-10.8.8.178-443-38264-6,packet_id: 5,delay: 0.6222434043884277
216.58.208.46-10.8.8.178-443-38264-6,packet_id: 6,delay: 0.6046264171600342
216.58.208.46-10.8.8.178-443-38264-6,packet_id: 7,delay: 0.608159065246582
216.58.208.46-10.8.8.178-443-38264-6,packet_id: 8,delay: 0.613701581954956
216.58.208.46-10.8.8.178-443-38264-6,packet_id: 9,delay: 0.6245763301849365
216.58.208.46-10.8.8.178-443-38264-6,packet_id: 10,delay: 0.637218713760376
216.58.208.46-10.8.8.178-443-38264-6,packet_id: 11,delay: 0.6286747455596924
216.58.208.46-10.8.8.178-443-38264-6,packet_id: 12,delay: 0.6204841136932373
216.58.208.46-10.8.8.178-443-38264-6,packet_id: 13,delay: 0.6218116283416748
216.58.208.46-10.8.8.178-443-38264-6,packet_id: 14,delay: 0.6258885860443115
131.202.240.150-199.212.24.173-53736-443-6,packet_id: 1,delay: 0.5546386241912842
131.202.240.150-199.212.24.173-54334-443-6,packet_id: 1,delay: 0.5605106353759766
131.202.240.150-199.212.24.173-54334-443-6,packet_id: 2,delay: 0.5571784973144531
131.202.240.150-199.212.24.173-54334-443-6,packet_id: 3,delay: 0.5818026065826416
131.202.240.150-199.212.24.173-54334-443-6,packet_id: 4,delay: 0.5593199729919434
131.202.240.150-199.212.24.173-54334-443-6,packet_id: 5,delay: 0.5554804801940918
131.202.240.150-199.212.24.173-54334-443-6,packet_id: 6,delay: 0.5665738582611084
131.202.240.150-199.212.24.173-54540-443-6,packet_id: 1,delay: 0.5526704788208008
131.202.240.150-199.212.24.173-54540-443-6,packet_id: 2,delay: 0.576608419418335
131.202.240.150-199.212.24.173-54540-443-6,packet_id: 3,delay: 0.5883643627166748
131.202.240.150-199.212.24.173-54540-443-6,packet_id: 4,delay: 0.5980753898620605
131.202.240.150-199.212.24.173-54540-443-6,packet_id: 5,delay: 0.5818870067596436
131.202.240.150-199.212.24.173-54540-443-6,packet_id: 6,delay: 0.5835950374603271
131.202.240.150-199.212.24.173-54540-443-6,packet_id: 7,delay: 0.5770998001098633
131.202.240.150-199.212.24.173-54540-443-6,packet_id: 8,delay: 0.5617203712463379
131.202.240.150-199.212.24.173-54540-443-6,packet_id: 9,delay: 0.5640344619750977
209.148.205.35-10.8.8.138-443-42010-6,packet_id: 1,delay: 0.8232474327087402
209.148.205.35-10.8.8.138-443-42010-6,packet_id: 2,delay: 0.8149764537811279
209.148.205.35-10.8.8.138-443-42010-6,packet_id: 3,delay: 0.8598248958587646
209.148.205.35-10.8.8.138-443-42010-6,packet_id: 4,delay: 0.8229706287384033
209.148.205.35-10.8.8.138-443-42010-6,packet_id: 5,delay: 0.8183002471923828
209.148.205.35-10.8.8.138-443-42010-6,packet_id: 6,delay: 0.8450284004211426
209.148.205.35-10.8.8.138-443-42010-6,packet_id: 7,delay: 0.8335599899291992
209.148.205.35-10.8.8.138-443-42010-6,packet_id: 8,delay: 0.8272876739501953
209.148.205.35-10.8.8.138-443-42010-6,packet_id: 9,delay: 0.8146188259124756
209.148.205.35-10.8.8.138-443-42010-6,packet_id: 10,delay: 0.819878339767456
173.194.78.16-10.0.2.15-993-52882-6,packet_id: 1,delay: 0.8167073726654053
216.58.210.3-10.8.8.130-443-34918-6,packet_id: 1,delay: 0.8109593391418457
199.16.156.201-131.202.240.150-443-37303-6,packet_id: 1,delay: 0.41168737411499023
216.58.210.3-10.8.8.130-443-34920-6,packet_id: 1,delay: 0.8194437026977539
216.58.210.3-10.8.8.130-443-34920-6,packet_id: 2,delay: 0.8234133720397949
216.58.210.3-10.8.8.130-443-34927-6,packet_id: 1,delay: 0.821793794631958
216.58.210.3-10.8.8.130-443-34927-6,packet_id: 2,delay: 0.8040578365325928
77.103.197.35-10.8.8.130-47872-52719-6,packet_id: 1,delay: 0.6450634002685547
131.202.240.150-199.212.24.173-54563-443-6,packet_id: 1,delay: 0.6093599796295166
131.202.240.150-199.212.24.173-54563-443-6,packet_id: 2,delay: 0.5806326866149902
131.202.240.150-199.212.24.173-54563-443-6,packet_id: 3,delay: 0.5882759094238281
131.202.240.150-199.212.24.173-54563-443-6,packet_id: 4,delay: 0.55629563331604
131.202.240.150-199.212.24.173-54563-443-6,packet_id: 5,delay: 0.5845088958740234
131.202.240.150-199.212.24.173-54563-443-6,packet_id: 6,delay: 0.5626087188720703
131.202.240.150-199.212.24.173-54563-443-6,packet_id: 7,delay: 0.577592134475708
131.202.240.150-199.212.24.173-54563-443-6,packet_id: 8,delay: 0.5842781066894531
209.148.205.35-10.8.8.138-443-42190-6,packet_id: 1,delay: 0.8433330059051514
209.148.205.35-10.8.8.138-443-42190-6,packet_id: 2,delay: 0.8329157829284668
209.148.205.35-10.8.8.138-443-42190-6,packet_id: 3,delay: 0.8194577693939209
209.148.205.35-10.8.8.138-443-42190-6,packet_id: 4,delay: 0.814816951751709
209.148.205.35-10.8.8.138-443-42190-6,packet_id: 5,delay: 0.8153364658355713
209.148.205.35-10.8.8.138-443-42190-6,packet_id: 6,delay: 0.8189783096313477
209.148.205.35-10.8.8.138-443-42190-6,packet_id: 7,delay: 0.8247134685516357
209.148.205.35-10.8.8.138-443-42190-6,packet_id: 8,delay: 0.8264672756195068
209.148.205.35-10.8.8.138-443-42190-6,packet_id: 9,delay: 0.8269367218017578
209.148.205.35-10.8.8.138-443-42190-6,packet_id: 10,delay: 0.8304591178894043
209.148.205.35-10.8.8.138-443-42190-6,packet_id: 11,delay: 0.8190646171569824
209.148.205.35-10.8.8.138-443-42190-6,packet_id: 12,delay: 0.8199560642242432
209.148.205.35-10.8.8.138-443-42190-6,packet_id: 13,delay: 0.8132429122924805
209.148.205.35-10.8.8.138-443-42190-6,packet_id: 14,delay: 0.8271133899688721
209.148.205.35-10.8.8.138-443-42190-6,packet_id: 15,delay: 0.820695161819458
209.148.205.35-10.8.8.138-443-42190-6,packet_id: 16,delay: 0.8132307529449463
209.148.205.35-10.8.8.138-443-42190-6,packet_id: 17,delay: 0.8270630836486816
209.148.205.35-10.8.8.138-443-42190-6,packet_id: 18,delay: 0.8175945281982422
209.148.205.35-10.8.8.138-443-42190-6,packet_id: 19,delay: 0.8242878913879395
209.148.205.35-10.8.8.138-443-42190-6,packet_id: 20,delay: 0.8197195529937744
209.148.205.35-10.8.8.138-443-42190-6,packet_id: 21,delay: 0.8210320472717285
209.148.205.35-10.8.8.138-443-42190-6,packet_id: 22,delay: 0.8259122371673584
216.58.219.238-131.202.240.150-443-48018-6,packet_id: 1,delay: 0.5854177474975586
216.58.210.35-10.8.8.178-443-59247-6,packet_id: 1,delay: 0.6232373714447021
209.148.205.33-131.202.240.150-80-41146-6,packet_id: 1,delay: 0.4405250549316406
131.202.240.150-199.212.24.174-43919-443-6,packet_id: 1,delay: 0.5012810230255127
131.202.240.150-199.212.24.174-43919-443-6,packet_id: 2,delay: 0.5083057880401611
131.202.240.150-199.212.24.174-43919-443-6,packet_id: 3,delay: 0.49993371963500977
131.202.240.150-199.212.24.174-43919-443-6,packet_id: 4,delay: 0.5150046348571777
216.58.210.35-10.8.8.178-443-59252-6,packet_id: 1,delay: 0.630892276763916
131.202.240.150-199.212.24.175-58587-443-6,packet_id: 1,delay: 0.5570886135101318
131.202.240.150-199.212.24.175-58600-443-6,packet_id: 1,delay: 0.5677094459533691
131.202.240.150-199.212.24.175-58600-443-6,packet_id: 2,delay: 0.584547758102417
131.202.240.150-199.212.24.175-58936-443-6,packet_id: 1,delay: 0.5720088481903076
131.202.240.150-199.212.24.175-58977-443-6,packet_id: 1,delay: 0.5844693183898926
131.202.240.150-209.148.205.16-44144-80-6,packet_id: 1,delay: 0.38779306411743164
131.202.240.150-209.148.205.35-56435-443-6,packet_id: 1,delay: 0.7247025966644287
131.202.240.150-209.148.205.35-56578-443-6,packet_id: 1,delay: 0.7122025489807129
131.202.240.150-209.148.205.35-56578-443-6,packet_id: 2,delay: 0.7237498760223389
131.202.240.150-209.148.205.35-56578-443-6,packet_id: 3,delay: 0.7055990695953369
131.202.240.150-209.148.205.35-56578-443-6,packet_id: 4,delay: 0.7124135494232178
131.202.240.150-209.148.205.35-56578-443-6,packet_id: 5,delay: 0.7200815677642822
209.148.205.35-131.202.240.150-443-56578-6,packet_id: 1,delay: 0.838350772857666
209.148.205.35-131.202.240.150-443-56578-6,packet_id: 2,delay: 0.8155286312103271
209.148.205.35-131.202.240.150-443-56578-6,packet_id: 3,delay: 0.8297491073608398
209.148.205.35-131.202.240.150-443-56578-6,packet_id: 4,delay: 0.8193297386169434
131.202.240.150-209.148.205.41-34177-443-6,packet_id: 1,delay: 0.579899787902832
131.202.240.150-209.148.205.41-34177-443-6,packet_id: 2,delay: 0.5820386409759521
131.202.240.150-209.148.205.41-34177-443-6,packet_id: 3,delay: 0.5710783004760742
131.202.240.150-209.148.205.41-34177-443-6,packet_id: 4,delay: 0.5784001350402832
131.202.240.150-209.148.205.41-34177-443-6,packet_id: 5,delay: 0.5863711833953857
131.202.240.150-209.148.205.41-34177-443-6,packet_id: 6,delay: 0.5713326930999756
131.202.240.150-209.148.205.41-34177-443-6,packet_id: 7,delay: 0.5921816825866699
131.202.240.150-209.148.205.41-34203-443-6,packet_id: 1,delay: 0.5714216232299805
131.202.240.150-209.148.205.41-34203-443-6,packet_id: 2,delay: 0.550422191619873
131.202.240.150-209.148.205.41-34203-443-6,packet_id: 3,delay: 0.5651757717132568
131.202.240.150-209.148.205.41-34203-443-6,packet_id: 4,delay: 0.578559160232544
131.202.240.150-209.148.205.41-34203-443-6,packet_id: 5,delay: 0.5979573726654053
131.202.240.150-209.148.205.41-34203-443-6,packet_id: 6,delay: 0.6178321838378906
131.202.240.150-209.148.205.41-34203-443-6,packet_id: 7,delay: 0.5769648551940918
131.202.240.150-209.148.205.41-34203-443-6,packet_id: 8,delay: 0.5802431106567383
131.202.240.150-209.148.205.41-34203-443-6,packet_id: 9,delay: 0.5962381362915039
131.202.240.150-209.148.205.41-34203-443-6,packet_id: 10,delay: 0.5883445739746094
131.202.240.150-209.148.205.41-34203-443-6,packet_id: 11,delay: 0.5775296688079834
131.202.240.150-209.148.205.41-34203-443-6,packet_id: 12,delay: 0.5698418617248535
131.202.240.150-209.148.205.41-34203-443-6,packet_id: 13,delay: 0.5881624221801758
131.202.240.150-209.148.205.41-34203-443-6,packet_id: 14,delay: 0.571882963180542
131.202.240.150-209.148.205.41-34203-443-6,packet_id: 15,delay: 0.5694484710693359
131.202.240.150-209.148.205.41-34203-443-6,packet_id: 16,delay: 0.6102573871612549
38.124.168.119-131.202.240.87-80-65089-6,packet_id: 1,delay: 1.033006191253662
205.188.12.43-10.8.8.130-443-44917-6,packet_id: 1,delay: 0.7555482387542725
205.188.12.43-10.8.8.130-443-44917-6,packet_id: 2,delay: 0.7774713039398193
205.188.12.43-10.8.8.130-443-44917-6,packet_id: 3,delay: 0.7462742328643799
205.188.12.43-131.202.240.242-443-31783-6,packet_id: 1,delay: 0.7689902782440186
24.36.174.173-10.0.2.15-47044-55027-6,packet_id: 1,delay: 0.8858311176300049
216.58.210.14-10.8.8.130-443-45184-6,packet_id: 1,delay: 0.5106790065765381
216.58.210.14-10.8.8.130-443-45184-6,packet_id: 2,delay: 0.5125021934509277
216.58.210.14-10.8.8.130-443-45184-6,packet_id: 3,delay: 0.5333483219146729
216.58.210.14-10.8.8.130-443-45184-6,packet_id: 4,delay: 0.508267879486084
216.58.210.14-10.8.8.130-443-45184-6,packet_id: 5,delay: 0.5023434162139893
216.58.210.14-10.8.8.130-443-45184-6,packet_id: 6,delay: 0.5135729312896729
216.58.210.14-10.8.8.130-443-45184-6,packet_id: 7,delay: 0.5309178829193115
216.58.210.14-10.8.8.130-443-45184-6,packet_id: 8,delay: 0.5250494480133057
216.58.210.14-10.8.8.130-443-45184-6,packet_id: 9,delay: 0.504474401473999
216.58.210.14-10.8.8.130-443-45184-6,packet_id: 10,delay: 0.4970889091491699
216.58.210.14-10.8.8.130-443-45184-6,packet_id: 11,delay: 0.5028908252716064
216.58.210.14-10.8.8.130-443-45184-6,packet_id: 12,delay: 0.4922506809234619
216.58.210.14-10.8.8.130-443-45184-6,packet_id: 13,delay: 0.49089598655700684
216.58.210.14-10.8.8.130-443-45184-6,packet_id: 14,delay: 0.5074262619018555
216.58.210.14-10.8.8.130-443-45184-6,packet_id: 15,delay: 0.5004713535308838
216.58.210.14-10.8.8.130-443-45184-6,packet_id: 16,delay: 0.49130773544311523
216.58.210.14-10.8.8.130-443-45184-6,packet_id: 17,delay: 0.49936890602111816
216.58.210.14-10.8.8.130-443-45184-6,packet_id: 18,delay: 0.5034074783325195
216.58.210.14-10.8.8.130-443-45184-6,packet_id: 19,delay: 0.49222397804260254
216.58.210.14-10.8.8.130-443-45184-6,packet_id: 20,delay: 0.5211644172668457
199.212.24.172-131.202.240.150-443-56874-6,packet_id: 1,delay: 0.41806817054748535
199.212.24.172-131.202.240.150-443-56874-6,packet_id: 2,delay: 0.41559386253356934
199.212.24.172-131.202.240.150-443-56874-6,packet_id: 3,delay: 0.4120903015136719
199.212.24.172-131.202.240.150-443-56874-6,packet_id: 4,delay: 0.4208245277404785
199.212.24.172-131.202.240.150-443-56874-6,packet_id: 5,delay: 0.4276108741760254
199.212.24.172-131.202.240.150-443-56874-6,packet_id: 6,delay: 0.42923712730407715
199.212.24.172-131.202.240.150-443-56874-6,packet_id: 7,delay: 0.414539098739624
199.212.24.172-131.202.240.150-443-56874-6,packet_id: 8,delay: 0.4226229190826416
131.202.240.150-209.148.205.41-43673-80-6,packet_id: 1,delay: 0.5877959728240967
2.30.116.54-10.8.8.130-58139-48835-6,packet_id: 1,delay: 0.3585703372955322
2.30.116.54-10.8.8.130-58139-48835-6,packet_id: 2,delay: 0.3486793041229248
2.30.116.54-10.8.8.130-58139-48835-6,packet_id: 3,delay: 0.3413567543029785
2.30.116.54-10.8.8.130-58139-48835-6,packet_id: 4,delay: 0.3568902015686035
2.30.116.54-10.8.8.130-58139-48835-6,packet_id: 5,delay: 0.3540830612182617
209.148.205.41-10.8.8.138-80-57838-6,packet_id: 1,delay: 0.47452759742736816
209.148.205.41-10.8.8.138-443-60124-6,packet_id: 1,delay: 0.44620466232299805
209.148.205.41-10.8.8.138-443-60124-6,packet_id: 2,delay: 0.44083619117736816
209.148.205.41-10.8.8.138-443-60124-6,packet_id: 3,delay: 0.4240560531616211
209.148.205.41-10.8.8.138-443-60124-6,packet_id: 4,delay: 0.44834446907043457
209.148.205.41-10.8.8.138-443-60124-6,packet_id: 5,delay: 0.4639911651611328
209.148.205.41-10.8.8.138-443-60124-6,packet_id: 6,delay: 0.4451942443847656
209.148.205.41-10.8.8.138-443-60124-6,packet_id: 7,delay: 0.4533650875091553
209.148.205.41-10.8.8.138-443-60124-6,packet_id: 8,delay: 0.43549323081970215
209.148.205.41-10.8.8.138-443-60124-6,packet_id: 9,delay: 0.4537513256072998
209.148.205.41-10.8.8.138-443-60124-6,packet_id: 10,delay: 0.44220900535583496
2.30.116.54-10.8.8.178-58139-43020-6,packet_id: 1,delay: 0.5523481369018555
2.30.116.54-10.8.8.178-58139-43020-6,packet_id: 2,delay: 0.5564239025115967
2.30.116.54-10.8.8.178-58139-43020-6,packet_id: 3,delay: 0.5618224143981934
2.30.116.54-10.8.8.178-58139-43020-6,packet_id: 4,delay: 0.5777642726898193
2.30.116.54-10.8.8.178-58139-43020-6,packet_id: 5,delay: 0.5581560134887695
2.30.116.54-10.8.8.178-58139-43020-6,packet_id: 6,delay: 0.562481164932251
209.148.205.41-131.202.240.150-443-34177-6,packet_id: 1,delay: 0.4430427551269531
209.148.205.41-131.202.240.150-443-34177-6,packet_id: 2,delay: 0.4525282382965088
209.148.205.41-131.202.240.150-443-34203-6,packet_id: 1,delay: 0.4388546943664551
208.118.125.54-131.202.240.87-49266-42322-6,packet_id: 1,delay: 0.83530592918396
23.235.40.143-131.202.240.150-443-54394-6,packet_id: 1,delay: 0.38709568977355957
23.235.40.143-131.202.240.150-443-54394-6,packet_id: 2,delay: 0.372814416885376
23.235.40.143-131.202.240.150-443-54394-6,packet_id: 3,delay: 0.36833977699279785
199.212.24.174-131.202.240.150-443-43919-6,packet_id: 1,delay: 0.41210079193115234
216.58.208.35-10.8.8.178-443-52158-6,packet_id: 1,delay: 0.7549769878387451
216.58.208.35-10.8.8.178-443-52158-6,packet_id: 2,delay: 0.7764022350311279
204.83.155.169-10.0.2.15-32620-54963-6,packet_id: 1,delay: 0.44533538818359375
24.156.130.203-10.8.8.138-80-55782-6,packet_id: 1,delay: 0.5907866954803467
24.156.130.203-10.8.8.138-80-55782-6,packet_id: 2,delay: 0.5784168243408203
24.156.130.203-10.8.8.138-80-55782-6,packet_id: 3,delay: 0.5633628368377686
24.156.130.203-10.8.8.138-80-55782-6,packet_id: 4,delay: 0.5793139934539795
24.156.130.203-10.8.8.138-80-55782-6,packet_id: 5,delay: 0.5760481357574463
24.156.130.203-10.8.8.138-80-55782-6,packet_id: 6,delay: 0.5792248249053955
24.156.130.203-10.8.8.138-80-55782-6,packet_id: 7,delay: 0.5904099941253662
24.156.130.203-10.8.8.138-80-55782-6,packet_id: 8,delay: 0.5838627815246582
24.156.130.203-10.8.8.138-80-55782-6,packet_id: 9,delay: 0.6045341491699219
24.156.130.203-10.8.8.138-80-55782-6,packet_id: 10,delay: 0.5868115425109863
204.83.155.169-10.0.2.15-32620-55727-6,packet_id: 1,delay: 0.42989516258239746
64.4.23.162-10.0.2.15-40019-46839-6,packet_id: 1,delay: 1.0388267040252686
63.245.216.134-10.8.8.178-443-49841-6,packet_id: 1,delay: 0.700812578201294
91.190.216.125-10.8.8.130-12350-38182-6,packet_id: 1,delay: 0.8070845603942871
205.188.12.91-10.8.8.178-443-48911-6,packet_id: 1,delay: 0.746375560760498
205.188.12.91-131.202.240.87-443-42522-6,packet_id: 1,delay: 0.6142017841339111
216.58.210.46-10.8.8.178-443-39796-6,packet_id: 1,delay: 0.758368968963623
216.58.210.46-10.8.8.178-443-39796-6,packet_id: 2,delay: 0.7896699905395508
216.58.210.46-10.8.8.178-443-39796-6,packet_id: 3,delay: 0.8054559230804443
64.233.183.16-10.0.2.15-993-43558-6,packet_id: 1,delay: 0.7952699661254883
64.233.183.16-10.0.2.15-993-43558-6,packet_id: 2,delay: 0.8149862289428711
64.233.183.16-10.0.2.15-993-43558-6,packet_id: 3,delay: 0.8124711513519287
64.233.183.16-10.0.2.15-995-51739-6,packet_id: 1,delay: 0.7933046817779541
74.125.202.16-131.202.240.87-993-10798-6,packet_id: 1,delay: 1.0210235118865967
68.67.153.146-131.202.240.87-443-11327-6,packet_id: 1,delay: 0.8002910614013672
216.58.219.206-131.202.240.150-443-59290-6,packet_id: 1,delay: 0.4243509769439697
216.58.219.206-131.202.240.150-443-59539-6,packet_id: 1,delay: 0.41891908645629883
216.58.219.206-131.202.240.150-443-59539-6,packet_id: 2,delay: 0.4165005683898926
74.125.69.16-131.202.240.87-993-10714-6,packet_id: 1,delay: 0.7782144546508789
74.125.69.16-131.202.240.87-993-10714-6,packet_id: 2,delay: 0.7859985828399658
74.125.69.16-131.202.240.87-993-10714-6,packet_id: 3,delay: 0.7958135604858398
74.125.69.16-131.202.240.87-993-10714-6,packet_id: 4,delay: 0.7983288764953613
74.125.69.16-131.202.240.87-993-10714-6,packet_id: 5,delay: 0.8030045032501221
74.125.69.16-131.202.240.87-993-10714-6,packet_id: 6,delay: 0.7836236953735352
74.125.69.16-131.202.240.87-993-10714-6,packet_id: 7,delay: 0.7969350814819336
68.67.153.211-131.202.240.242-443-5932-6,packet_id: 1,delay: 0.4888002872467041
64.233.184.16-10.8.8.110-465-37409-6,packet_id: 1,delay: 0.3553593158721924
216.58.219.230-131.202.240.150-443-35187-6,packet_id: 1,delay: 0.43715620040893555
64.233.184.16-10.8.8.110-465-37417-6,packet_id: 1,delay: 0.3403337001800537
216.58.219.230-131.202.240.242-443-5999-6,packet_id: 1,delay: 0.5716285705566406
64.233.184.16-10.8.8.110-465-37425-6,packet_id: 1,delay: 0.3474609851837158
64.233.184.16-10.8.8.110-465-37440-6,packet_id: 1,delay: 0.37523770332336426
64.233.184.16-10.8.8.234-993-56880-6,packet_id: 1,delay: 0.359130859375
74.125.69.16-131.202.240.87-993-10715-6,packet_id: 1,delay: 0.804332971572876
74.125.69.16-131.202.240.87-993-10715-6,packet_id: 2,delay: 0.8008944988250732
74.125.69.16-131.202.240.87-993-10715-6,packet_id: 3,delay: 0.7934834957122803
64.233.184.16-10.8.8.234-993-56887-6,packet_id: 1,delay: 0.3678319454193115
64.233.184.16-10.8.8.234-993-56887-6,packet_id: 2,delay: 0.3704814910888672
74.125.69.16-131.202.240.87-993-10743-6,packet_id: 1,delay: 0.7981250286102295
74.125.71.16-10.0.2.15-465-51254-6,packet_id: 1,delay: 0.8229856491088867
74.125.71.16-10.8.8.234-993-56529-6,packet_id: 1,delay: 0.7413909435272217
74.125.71.16-10.8.8.234-993-56529-6,packet_id: 2,delay: 0.7481675148010254
74.125.71.16-10.8.8.234-993-56529-6,packet_id: 3,delay: 0.7694103717803955
68.67.153.2-131.202.240.242-443-5900-6,packet_id: 1,delay: 0.5386216640472412
23.192.162.186-10.8.8.178-443-46884-6,packet_id: 1,delay: 0.7916500568389893
66.220.156.2-10.8.8.130-443-42513-6,packet_id: 1,delay: 0.3508784770965576
66.220.156.2-10.8.8.130-443-42513-6,packet_id: 2,delay: 0.3561520576477051
66.220.156.2-10.8.8.130-443-42513-6,packet_id: 3,delay: 0.3389251232147217
66.220.156.2-10.8.8.130-443-42513-6,packet_id: 4,delay: 0.3348419666290283
66.220.156.2-10.8.8.130-443-42513-6,packet_id: 5,delay: 0.3341560363769531
66.220.156.2-10.8.8.130-443-42513-6,packet_id: 6,delay: 0.3410522937774658
66.220.156.2-10.8.8.130-443-42513-6,packet_id: 7,delay: 0.3351118564605713
66.220.156.2-10.8.8.130-443-42513-6,packet_id: 8,delay: 0.3230934143066406
66.220.156.2-10.8.8.130-443-42513-6,packet_id: 9,delay: 0.3467836380004883
69.172.216.55-131.202.240.242-443-5957-6,packet_id: 1,delay: 0.49288392066955566
64.233.167.16-10.0.2.15-993-58426-6,packet_id: 1,delay: 0.6489768028259277
64.233.167.16-10.0.2.15-993-58426-6,packet_id: 2,delay: 0.6669797897338867
74.125.70.16-131.202.240.242-995-5479-6,packet_id: 1,delay: 0.35506677627563477
70.80.25.101-10.0.2.15-64982-38947-6,packet_id: 1,delay: 0.573270320892334
74.125.133.16-10.8.8.234-993-51039-6,packet_id: 1,delay: 0.5549948215484619
86.4.212.228-10.8.8.130-59222-59320-6,packet_id: 1,delay: 0.33792805671691895
86.4.212.228-10.8.8.130-59222-59320-6,packet_id: 2,delay: 0.3339388370513916
74.125.133.16-10.8.8.234-993-51040-6,packet_id: 1,delay: 0.591458797454834
74.125.133.16-10.8.8.234-993-51055-6,packet_id: 1,delay: 0.5579710006713867
74.125.133.16-10.8.8.234-993-51055-6,packet_id: 2,delay: 0.5505309104919434
74.125.133.16-10.8.8.234-993-51055-6,packet_id: 3,delay: 0.5635201930999756
74.125.133.16-10.8.8.234-993-51055-6,packet_id: 4,delay: 0.5505287647247314
74.125.133.16-10.8.8.234-993-51055-6,packet_id: 5,delay: 0.5597271919250488
74.125.133.16-10.8.8.234-993-51055-6,packet_id: 6,delay: 0.5767741203308105
74.125.133.16-10.8.8.234-993-51055-6,packet_id: 7,delay: 0.5550861358642578
74.125.133.16-10.8.8.234-993-51055-6,packet_id: 8,delay: 0.590395450592041
74.125.133.16-10.8.8.234-993-51055-6,packet_id: 9,delay: 0.5830483436584473
74.125.133.16-10.8.8.234-993-51055-6,packet_id: 10,delay: 0.5803074836730957
74.125.133.16-10.8.8.234-993-51055-6,packet_id: 11,delay: 0.5791435241699219
74.125.133.16-10.8.8.234-993-51055-6,packet_id: 12,delay: 0.5475499629974365
74.125.133.16-10.8.8.234-993-51055-6,packet_id: 13,delay: 0.5515255928039551
74.125.133.16-10.8.8.234-993-51055-6,packet_id: 14,delay: 0.5530736446380615
86.4.212.228-10.8.8.178-59222-52449-6,packet_id: 1,delay: 0.5511374473571777
86.4.212.228-10.8.8.178-59222-52449-6,packet_id: 2,delay: 0.5525827407836914
86.4.212.228-10.8.8.178-59222-52449-6,packet_id: 3,delay: 0.5558545589447021
86.4.212.228-10.8.8.178-59222-52449-6,packet_id: 4,delay: 0.5653994083404541
86.4.212.228-10.8.8.178-59222-52449-6,packet_id: 5,delay: 0.5456411838531494
86.4.212.228-10.8.8.178-59222-52449-6,packet_id: 6,delay: 0.5536577701568604
86.4.212.228-10.8.8.178-59222-52449-6,packet_id: 7,delay: 0.5827546119689941
74.125.133.16-10.8.8.234-993-51056-6,packet_id: 1,delay: 0.571141242980957
74.125.133.16-10.8.8.234-993-51056-6,packet_id: 2,delay: 0.5533585548400879
74.125.133.16-10.8.8.234-993-51056-6,packet_id: 3,delay: 0.5593161582946777
74.125.133.16-10.8.8.234-993-51056-6,packet_id: 4,delay: 0.5839276313781738
74.125.133.16-10.8.8.234-993-51056-6,packet_id: 5,delay: 0.5781669616699219
74.125.133.16-10.8.8.234-993-51056-6,packet_id: 6,delay: 0.5701935291290283
74.125.133.16-10.8.8.234-993-51056-6,packet_id: 7,delay: 0.5630688667297363
74.125.133.16-10.8.8.234-993-51056-6,packet_id: 8,delay: 0.5625388622283936
74.125.133.16-10.8.8.234-993-51056-6,packet_id: 9,delay: 0.5494003295898438
74.125.133.16-10.8.8.234-993-51056-6,packet_id: 10,delay: 0.570720911026001
74.125.133.16-10.8.8.234-993-51056-6,packet_id: 11,delay: 0.5664269924163818
74.125.207.16-10.0.2.15-465-42849-6,packet_id: 1,delay: 0.58077073097229
74.125.207.16-10.0.2.15-465-42904-6,packet_id: 1,delay: 0.570645809173584
74.125.207.16-10.0.2.15-465-42911-6,packet_id: 1,delay: 0.5792558193206787
74.125.207.16-10.0.2.15-465-42921-6,packet_id: 1,delay: 0.5601322650909424
74.125.207.16-10.0.2.15-465-48940-6,packet_id: 1,delay: 0.5822889804840088
74.125.207.16-10.0.2.15-465-48942-6,packet_id: 1,delay: 0.5880439281463623
74.125.207.16-10.0.2.15-465-48980-6,packet_id: 1,delay: 0.5861184597015381
74.125.207.16-10.0.2.15-465-48995-6,packet_id: 1,delay: 0.5865204334259033
74.125.207.16-10.0.2.15-465-49016-6,packet_id: 1,delay: 0.5876712799072266
74.125.207.16-10.0.2.15-995-51319-6,packet_id: 1,delay: 0.5914392471313477
74.125.207.16-10.0.2.15-995-51323-6,packet_id: 1,delay: 0.56768798828125
Average Packet Delay,0.6116623520851135
