108.175.39.202-131.202.240.150-80-40884-6,packet_id: 1,delay: 0.3376312255859375
108.175.39.202-131.202.240.150-80-40884-6,packet_id: 2,delay: 0.3252882957458496
199.16.156.201-131.202.240.150-443-37303-6,packet_id: 1,delay: 0.5905485153198242
137.117.177.33-10.8.8.178-443-40028-6,packet_id: 1,delay: 0.4782590866088867
10.8.8.110-63.245.216.132-39035-443-6,packet_id: 1,delay: 0.3591036796569824
157.56.192.53-10.8.8.130-443-33104-6,packet_id: 1,delay: 0.43573451042175293
157.56.192.53-10.8.8.130-443-33104-6,packet_id: 2,delay: 0.4593825340270996
10.0.2.15-24.140.134.21-45746-45411-6,packet_id: 1,delay: 0.2952899932861328
173.194.123.101-131.202.240.150-443-53805-6,packet_id: 1,delay: 0.3400380611419678
10.8.8.110-63.245.216.134-46949-443-6,packet_id: 1,delay: 0.4729435443878174
131.202.240.87-64.12.27.65-64714-443-6,packet_id: 1,delay: 0.3817017078399658
108.175.43.161-131.202.240.150-80-57196-6,packet_id: 1,delay: 0.24730420112609863
108.175.43.161-131.202.240.150-80-57196-6,packet_id: 2,delay: 0.18810701370239258
108.175.43.161-131.202.240.150-80-57196-6,packet_id: 3,delay: 0.08469104766845703
108.175.43.161-131.202.240.150-80-57196-6,packet_id: 4,delay: 0.09748268127441406
108.175.43.161-131.202.240.150-80-57196-6,packet_id: 5,delay: 0.06702542304992676
108.175.43.161-131.202.240.150-80-57196-6,packet_id: 6,delay: 0.06238746643066406
108.175.43.161-131.202.240.150-80-57196-6,packet_id: 7,delay: 0.08523297309875488
10.0.2.15-64.233.183.16-43558-993-6,packet_id: 1,delay: 0.6146683692932129
10.0.2.15-64.233.183.16-43558-993-6,packet_id: 2,delay: 0.6257848739624023
10.8.8.110-64.233.184.16-37404-465-6,packet_id: 1,delay: 0.5067675113677979
108.175.43.146-131.202.240.150-80-60056-6,packet_id: 1,delay: 0.5926840305328369
108.175.43.146-131.202.240.150-80-60056-6,packet_id: 2,delay: 0.5475718975067139
108.175.43.146-131.202.240.150-80-60056-6,packet_id: 3,delay: 0.5336811542510986
108.175.43.146-131.202.240.150-80-60056-6,packet_id: 4,delay: 0.5698719024658203
108.175.43.146-131.202.240.150-80-60056-6,packet_id: 5,delay: 0.5929839611053467
108.175.43.146-131.202.240.150-80-60056-6,packet_id: 6,delay: 0.5339534282684326
108.175.43.146-131.202.240.150-80-60056-6,packet_id: 7,delay: 0.5758039951324463
108.175.43.146-131.202.240.150-80-60056-6,packet_id: 8,delay: 0.537097692489624
173.194.20.107-131.202.240.150-443-44157-6,packet_id: 1,delay: 0.3619813919067383
173.194.20.107-131.202.240.150-443-44157-6,packet_id: 2,delay: 0.3535904884338379
173.194.20.107-131.202.240.150-443-44157-6,packet_id: 3,delay: 0.29825830459594727
173.194.20.107-131.202.240.150-443-44157-6,packet_id: 4,delay: 0.31975221633911133
173.194.20.107-131.202.240.150-443-44157-6,packet_id: 5,delay: 0.3510773181915283
173.194.20.107-131.202.240.150-443-44157-6,packet_id: 6,delay: 0.3803834915161133
173.194.20.107-131.202.240.150-443-44157-6,packet_id: 7,delay: 0.37059736251831055
173.194.20.107-131.202.240.150-443-44157-6,packet_id: 8,delay: 0.3550393581390381
173.194.20.107-131.202.240.150-443-44157-6,packet_id: 9,delay: 0.3386526107788086
108.175.42.181-131.202.240.150-80-58287-6,packet_id: 1,delay: 0.5093603134155273
108.175.42.181-131.202.240.150-80-58287-6,packet_id: 2,delay: 0.5315771102905273
108.175.42.181-131.202.240.150-80-58287-6,packet_id: 3,delay: 0.5049529075622559
108.175.42.181-131.202.240.150-80-58287-6,packet_id: 4,delay: 0.4942338466644287
108.175.42.181-131.202.240.150-80-58287-6,packet_id: 5,delay: 0.5214838981628418
131.202.240.87-65.55.2.6-11378-443-6,packet_id: 1,delay: 0.42600464820861816
10.8.8.110-64.233.184.16-37424-465-6,packet_id: 1,delay: 0.5007228851318359
131.202.240.87-68.67.153.40-11386-80-6,packet_id: 1,delay: 0.39867281913757324
10.0.2.15-74.125.71.16-51269-465-6,packet_id: 1,delay: 0.5219013690948486
10.8.8.110-64.233.184.16-37428-465-6,packet_id: 1,delay: 0.5383505821228027
131.202.240.87-74.125.69.16-10714-993-6,packet_id: 1,delay: 0.549912691116333
10.0.2.15-74.125.207.16-42905-465-6,packet_id: 1,delay: 0.3968803882598877
10.8.8.110-64.233.184.16-37433-465-6,packet_id: 1,delay: 0.5203790664672852
131.202.240.87-74.125.69.16-10741-993-6,packet_id: 1,delay: 0.6031105518341064
131.202.240.87-74.125.69.16-10741-993-6,packet_id: 2,delay: 0.6802752017974854
131.202.240.87-74.125.69.16-10741-993-6,packet_id: 3,delay: 0.5702061653137207
10.0.2.15-74.125.207.16-42924-465-6,packet_id: 1,delay: 0.401003360748291
10.0.2.15-74.125.207.16-48993-465-6,packet_id: 1,delay: 0.39904356002807617
10.0.2.15-74.125.207.16-49005-465-6,packet_id: 1,delay: 0.3944995403289795
10.0.2.15-137.116.32.77-34727-443-6,packet_id: 1,delay: 0.35286879539489746
131.202.240.87-74.125.69.16-10743-993-6,packet_id: 1,delay: 0.5691611766815186
10.0.2.15-204.83.155.169-54967-32620-6,packet_id: 1,delay: 0.6821343898773193
131.202.240.87-74.125.134.188-64960-5228-6,packet_id: 1,delay: 0.7245097160339355
10.0.2.15-216.58.208.46-53913-80-6,packet_id: 1,delay: 0.6860005855560303
131.202.240.87-74.125.202.16-10773-993-6,packet_id: 1,delay: 0.40604472160339355
131.202.240.87-74.125.202.16-10798-993-6,packet_id: 1,delay: 0.42000460624694824
131.202.240.87-105.237.177.132-42322-50244-6,packet_id: 1,delay: 0.5539474487304688
131.202.240.87-107.21.103.88-11343-443-6,packet_id: 1,delay: 0.65340256690979
131.202.240.87-131.202.240.242-42322-5619-6,packet_id: 1,delay: 0.24888253211975098
131.202.240.87-131.202.240.242-42322-5619-6,packet_id: 2,delay: 0.2614758014678955
131.202.240.87-131.202.240.242-42322-5619-6,packet_id: 3,delay: 0.250046968460083
131.202.240.87-131.202.240.242-42322-5619-6,packet_id: 4,delay: 0.25861358642578125
131.202.240.87-131.202.240.242-42322-5619-6,packet_id: 5,delay: 0.27783203125
131.202.240.87-131.202.240.242-42322-5619-6,packet_id: 6,delay: 0.25026845932006836
131.202.240.87-131.202.240.242-42322-5619-6,packet_id: 7,delay: 0.259427547454834
131.202.240.87-131.202.240.242-42322-5619-6,packet_id: 8,delay: 0.257962703704834
131.202.240.87-131.202.240.242-42322-5619-6,packet_id: 9,delay: 0.25271105766296387
131.202.240.87-131.202.240.242-42322-5619-6,packet_id: 10,delay: 0.3786797523498535
131.202.240.87-131.202.240.242-42322-5619-6,packet_id: 11,delay: 0.27009081840515137
131.202.240.87-131.202.240.242-42322-5619-6,packet_id: 12,delay: 0.25452256202697754
131.202.240.87-131.202.240.242-42322-5619-6,packet_id: 13,delay: 0.2561328411102295
131.202.240.87-131.202.240.242-42322-5619-6,packet_id: 14,delay: 0.26400256156921387
131.202.240.87-131.202.240.242-42322-5619-6,packet_id: 15,delay: 0.26838254928588867
131.202.240.87-131.202.240.242-42322-5619-6,packet_id: 16,delay: 0.2676992416381836
131.202.240.87-131.202.240.242-42322-5619-6,packet_id: 17,delay: 0.2764770984649658
131.202.240.87-131.202.240.242-42322-5619-6,packet_id: 18,delay: 0.2623443603515625
131.202.240.87-131.202.240.242-42322-5619-6,packet_id: 19,delay: 0.27846765518188477
131.202.240.87-131.202.240.242-42322-5619-6,packet_id: 20,delay: 0.27699947357177734
131.202.240.87-131.202.240.242-42322-5619-6,packet_id: 21,delay: 0.25588274002075195
131.202.240.87-131.202.240.242-42322-5619-6,packet_id: 22,delay: 0.2779200077056885
131.202.240.87-131.202.240.242-42322-5619-6,packet_id: 23,delay: 0.260042667388916
131.202.240.87-131.202.240.242-42322-5619-6,packet_id: 24,delay: 0.2556931972503662
131.202.240.87-131.202.240.242-42322-5619-6,packet_id: 25,delay: 0.2569615840911865
131.202.240.87-131.202.240.242-42322-5619-6,packet_id: 26,delay: 0.27446460723876953
131.202.240.87-131.202.240.242-42322-5619-6,packet_id: 27,delay: 0.2740821838378906
131.202.240.87-131.202.240.242-42322-5619-6,packet_id: 28,delay: 0.4250152111053467
131.202.240.87-131.202.240.242-42322-5619-6,packet_id: 29,delay: 0.4217829704284668
131.202.240.87-131.202.240.242-42322-5619-6,packet_id: 30,delay: 0.4329376220703125
131.202.240.87-131.202.240.242-42322-5619-6,packet_id: 31,delay: 0.37725830078125
131.202.240.87-131.202.240.242-42322-5619-6,packet_id: 32,delay: 0.39025354385375977
131.202.240.87-131.202.240.242-42322-5619-6,packet_id: 33,delay: 0.3850245475769043
131.202.240.87-131.202.240.242-42322-5619-6,packet_id: 34,delay: 0.39137887954711914
131.202.240.87-131.202.240.242-42322-5619-6,packet_id: 35,delay: 0.37534379959106445
131.202.240.87-131.202.240.242-42322-5619-6,packet_id: 36,delay: 0.38196730613708496
131.202.240.87-131.202.240.242-42322-5619-6,packet_id: 37,delay: 0.3745765686035156
131.202.240.87-131.202.240.242-42322-5619-6,packet_id: 38,delay: 0.3946568965911865
131.202.6.26-131.202.240.87-13000-64719-6,packet_id: 1,delay: 0.4768338203430176
131.202.6.26-131.202.240.87-13000-64719-6,packet_id: 2,delay: 0.4730989933013916
131.202.6.26-131.202.240.87-13000-64719-6,packet_id: 3,delay: 0.4959423542022705
173.194.67.189-10.8.8.178-443-57866-6,packet_id: 1,delay: 0.48324108123779297
142.1.33.2-10.0.2.15-3230-56467-6,packet_id: 1,delay: 0.6350524425506592
173.194.67.189-10.8.8.178-443-57926-6,packet_id: 1,delay: 0.47004055976867676
173.194.67.189-10.8.8.178-443-57926-6,packet_id: 2,delay: 0.4588966369628906
173.194.67.189-10.8.8.178-443-57926-6,packet_id: 3,delay: 0.46162986755371094
173.194.67.189-10.8.8.178-443-57926-6,packet_id: 4,delay: 0.46468615531921387
173.194.67.189-10.8.8.178-443-57926-6,packet_id: 5,delay: 0.48055171966552734
173.194.67.189-10.8.8.178-443-57926-6,packet_id: 6,delay: 0.4753761291503906
173.194.67.189-10.8.8.178-443-57926-6,packet_id: 7,delay: 0.48714661598205566
173.194.67.189-10.8.8.178-443-57926-6,packet_id: 8,delay: 0.47478723526000977
173.194.67.189-10.8.8.178-443-57926-6,packet_id: 9,delay: 0.49410438537597656
199.212.24.174-131.202.240.150-443-43919-6,packet_id: 1,delay: 0.6166260242462158
10.8.8.130-2.30.116.54-48835-58139-6,packet_id: 1,delay: 0.3742513656616211
10.8.8.130-2.30.116.54-48835-58139-6,packet_id: 2,delay: 0.3820078372955322
10.8.8.130-2.30.116.54-48835-58139-6,packet_id: 3,delay: 0.3753485679626465
199.212.24.173-131.202.240.150-443-54334-6,packet_id: 1,delay: 0.6304194927215576
173.194.78.189-10.8.8.130-443-60098-6,packet_id: 1,delay: 0.44543933868408203
173.194.78.189-10.8.8.130-443-60098-6,packet_id: 2,delay: 0.44644665718078613
173.194.78.189-10.8.8.130-443-60098-6,packet_id: 3,delay: 0.4531564712524414
157.56.52.13-10.0.2.15-40011-34332-6,packet_id: 1,delay: 0.6131393909454346
157.56.52.13-10.0.2.15-40011-34332-6,packet_id: 2,delay: 0.5805115699768066
10.8.8.138-24.156.130.203-55782-80-6,packet_id: 1,delay: 0.7138559818267822
10.8.8.138-24.156.130.203-55782-80-6,packet_id: 2,delay: 0.6564464569091797
10.8.8.138-24.156.130.203-55782-80-6,packet_id: 3,delay: 0.6811425685882568
10.8.8.138-24.156.130.203-55782-80-6,packet_id: 4,delay: 0.6737258434295654
137.116.32.77-10.0.2.15-443-34727-6,packet_id: 1,delay: 0.6136887073516846
10.8.8.130-2.101.222.231-34461-9396-6,packet_id: 1,delay: 0.37004685401916504
10.8.8.130-2.101.222.231-34461-9396-6,packet_id: 2,delay: 0.6274480819702148
10.8.8.130-2.101.222.231-34461-9396-6,packet_id: 3,delay: 0.6096680164337158
10.8.8.130-2.101.222.231-34461-9396-6,packet_id: 4,delay: 0.597198486328125
10.8.8.130-2.101.222.231-34461-9396-6,packet_id: 5,delay: 0.6146178245544434
131.202.240.150-23.50.75.27-45724-80-6,packet_id: 1,delay: 0.565436840057373
199.212.24.175-131.202.240.150-443-58600-6,packet_id: 1,delay: 0.4879038333892822
157.56.52.13-10.8.8.178-40011-56909-6,packet_id: 1,delay: 0.4262814521789551
131.202.240.150-23.235.40.143-54394-443-6,packet_id: 1,delay: 0.6353049278259277
131.202.240.150-23.235.40.143-54394-443-6,packet_id: 2,delay: 0.6141390800476074
131.202.240.150-23.235.40.143-54394-443-6,packet_id: 3,delay: 0.5976989269256592
131.202.240.150-23.235.40.143-54394-443-6,packet_id: 4,delay: 0.599198579788208
131.202.240.150-23.235.40.143-54394-443-6,packet_id: 5,delay: 0.5957217216491699
199.212.24.175-131.202.240.150-443-58936-6,packet_id: 1,delay: 0.35585856437683105
10.8.8.138-107.22.243.234-35936-443-6,packet_id: 1,delay: 0.5594751834869385
10.8.8.138-185.2.220.137-43533-80-6,packet_id: 1,delay: 0.40573954582214355
10.8.8.138-185.2.220.137-43533-80-6,packet_id: 2,delay: 0.3975398540496826
10.8.8.138-185.2.220.137-43533-80-6,packet_id: 3,delay: 0.4136350154876709
10.8.8.138-185.2.220.137-43533-80-6,packet_id: 4,delay: 0.39892029762268066
10.8.8.138-185.2.220.137-43533-80-6,packet_id: 5,delay: 0.3888816833496094
10.8.8.138-185.2.220.137-43533-80-6,packet_id: 6,delay: 0.39644527435302734
10.8.8.138-185.2.220.137-43533-80-6,packet_id: 7,delay: 0.39418864250183105
10.8.8.138-185.2.220.137-43533-80-6,packet_id: 8,delay: 0.3936920166015625
10.8.8.138-185.2.220.137-43533-80-6,packet_id: 9,delay: 0.450697660446167
10.8.8.138-185.2.220.137-43533-80-6,packet_id: 10,delay: 0.3903846740722656
10.8.8.138-185.2.220.137-43533-80-6,packet_id: 11,delay: 0.3980257511138916
10.8.8.138-185.2.220.137-43533-80-6,packet_id: 12,delay: 0.38959312438964844
10.8.8.138-185.2.220.137-43533-80-6,packet_id: 13,delay: 0.39392685890197754
10.8.8.138-185.2.220.137-43533-80-6,packet_id: 14,delay: 0.39838266372680664
10.8.8.138-185.2.220.137-43533-80-6,packet_id: 15,delay: 0.4088759422302246
10.8.8.138-185.2.220.137-43533-80-6,packet_id: 16,delay: 0.39780545234680176
10.8.8.138-185.2.220.137-43533-80-6,packet_id: 17,delay: 0.427471399307251
10.8.8.138-185.2.220.137-43533-80-6,packet_id: 18,delay: 0.3881559371948242
10.8.8.138-185.2.220.137-43533-80-6,packet_id: 19,delay: 0.4017174243927002
10.8.8.138-185.2.220.137-43533-80-6,packet_id: 20,delay: 0.3890547752380371
10.8.8.138-185.2.220.137-43533-80-6,packet_id: 21,delay: 0.39916348457336426
10.8.8.138-185.2.220.137-43533-80-6,packet_id: 22,delay: 0.40167856216430664
10.8.8.138-185.2.220.137-43533-80-6,packet_id: 23,delay: 0.40692973136901855
10.8.8.138-185.2.220.137-43533-80-6,packet_id: 24,delay: 0.40067124366760254
10.8.8.138-185.2.220.137-43533-80-6,packet_id: 25,delay: 0.3956425189971924
10.8.8.138-185.2.220.137-43533-80-6,packet_id: 26,delay: 0.4157111644744873
10.8.8.138-185.2.220.137-43533-80-6,packet_id: 27,delay: 0.4181084632873535
10.8.8.138-185.2.220.137-43533-80-6,packet_id: 28,delay: 0.40099000930786133
10.8.8.138-185.2.220.137-43533-80-6,packet_id: 29,delay: 0.41086435317993164
10.8.8.138-185.2.220.137-43533-80-6,packet_id: 30,delay: 0.4078831672668457
10.8.8.138-185.2.220.137-43533-80-6,packet_id: 31,delay: 0.39715576171875
10.8.8.138-185.2.220.137-43533-80-6,packet_id: 32,delay: 0.4105978012084961
10.8.8.138-185.2.220.137-43533-80-6,packet_id: 33,delay: 0.4161965847015381
10.8.8.138-185.2.220.137-43533-80-6,packet_id: 34,delay: 0.44529223442077637
10.8.8.138-185.2.220.137-43533-80-6,packet_id: 35,delay: 0.38577961921691895
10.8.8.138-185.2.220.137-43533-80-6,packet_id: 36,delay: 0.42261457443237305
10.8.8.138-185.2.220.137-43533-80-6,packet_id: 37,delay: 0.42716526985168457
10.8.8.138-185.2.220.137-43533-80-6,packet_id: 38,delay: 0.4471871852874756
10.8.8.138-185.2.220.137-43533-80-6,packet_id: 39,delay: 0.49926257133483887
10.8.8.138-185.2.220.137-43533-80-6,packet_id: 40,delay: 0.46201038360595703
10.8.8.138-185.2.220.137-43533-80-6,packet_id: 41,delay: 0.4454348087310791
10.8.8.138-185.2.220.137-43533-80-6,packet_id: 42,delay: 0.4440035820007324
10.8.8.138-185.2.220.137-43533-80-6,packet_id: 43,delay: 0.4322175979614258
10.8.8.138-185.2.220.137-43533-80-6,packet_id: 44,delay: 0.4411914348602295
10.8.8.138-185.2.220.137-43533-80-6,packet_id: 45,delay: 0.41953349113464355
10.8.8.138-185.2.220.137-43533-80-6,packet_id: 46,delay: 0.4195239543914795
10.8.8.138-185.2.220.137-43533-80-6,packet_id: 47,delay: 0.42506909370422363
10.8.8.138-185.2.220.137-43533-80-6,packet_id: 48,delay: 0.4189774990081787
10.8.8.138-185.2.220.137-43533-80-6,packet_id: 49,delay: 0.40724611282348633
10.8.8.130-66.220.156.2-42513-443-6,packet_id: 1,delay: 0.7078161239624023
10.8.8.130-66.220.156.2-42513-443-6,packet_id: 2,delay: 0.727074384689331
10.8.8.130-66.220.156.2-42513-443-6,packet_id: 3,delay: 0.6952972412109375
10.8.8.130-66.220.156.2-42513-443-6,packet_id: 4,delay: 0.7139830589294434
10.8.8.130-66.220.156.2-42513-443-6,packet_id: 5,delay: 0.7194907665252686
10.8.8.130-66.220.156.2-42513-443-6,packet_id: 6,delay: 0.7289109230041504
10.8.8.130-66.220.156.2-42513-443-6,packet_id: 7,delay: 0.7289977073669434
10.8.8.130-66.220.156.2-42513-443-6,packet_id: 8,delay: 0.7208027839660645
10.8.8.130-66.220.156.2-42513-443-6,packet_id: 9,delay: 0.7043542861938477
10.8.8.130-66.220.156.2-42513-443-6,packet_id: 10,delay: 0.7056775093078613
131.202.240.150-108.175.39.202-40884-80-6,packet_id: 1,delay: 0.6191396713256836
131.202.240.150-108.175.39.202-40884-80-6,packet_id: 2,delay: 0.5897579193115234
131.202.240.150-108.175.39.202-40884-80-6,packet_id: 3,delay: 0.6150374412536621
131.202.240.150-108.175.39.202-40884-80-6,packet_id: 4,delay: 0.598968505859375
131.202.240.150-108.175.39.202-40884-80-6,packet_id: 5,delay: 0.6048965454101562
131.202.240.150-108.175.39.202-40884-80-6,packet_id: 6,delay: 0.6033148765563965
131.202.240.150-108.175.39.202-40884-80-6,packet_id: 7,delay: 0.605466365814209
131.202.240.150-108.175.39.202-40884-80-6,packet_id: 8,delay: 0.6096956729888916
131.202.240.150-108.175.39.202-40884-80-6,packet_id: 9,delay: 0.6095757484436035
131.202.240.150-108.175.39.202-40884-80-6,packet_id: 10,delay: 0.620161771774292
131.202.240.150-108.175.39.202-40884-80-6,packet_id: 11,delay: 0.6509518623352051
131.202.240.150-108.175.39.202-40884-80-6,packet_id: 12,delay: 0.610255241394043
131.202.240.150-108.175.39.202-40884-80-6,packet_id: 13,delay: 0.6307106018066406
131.202.240.150-108.175.39.202-40884-80-6,packet_id: 14,delay: 0.6267375946044922
131.202.240.150-108.175.39.202-40884-80-6,packet_id: 15,delay: 0.6256089210510254
131.202.240.150-108.175.39.202-40884-80-6,packet_id: 16,delay: 0.617030143737793
131.202.240.87-134.170.19.124-10864-443-6,packet_id: 1,delay: 0.6334431171417236
131.202.240.87-134.170.19.124-10864-443-6,packet_id: 2,delay: 0.6419320106506348
131.202.240.87-134.170.19.124-10864-443-6,packet_id: 3,delay: 0.7481627464294434
131.202.240.87-134.170.19.124-10864-443-6,packet_id: 4,delay: 0.7403104305267334
131.202.240.87-134.170.19.124-10864-443-6,packet_id: 5,delay: 0.7617051601409912
131.202.240.87-134.170.19.124-10864-443-6,packet_id: 6,delay: 0.735231876373291
131.202.240.87-134.170.19.124-10864-443-6,packet_id: 7,delay: 0.6181540489196777
131.202.240.87-134.170.19.124-10864-443-6,packet_id: 8,delay: 0.5964775085449219
131.202.240.87-134.170.19.124-10864-443-6,packet_id: 9,delay: 0.6411778926849365
10.8.8.130-77.103.197.35-52719-47872-6,packet_id: 1,delay: 0.38848161697387695
10.8.8.130-86.4.212.228-59320-59222-6,packet_id: 1,delay: 0.43836140632629395
10.8.8.130-86.4.212.228-59320-59222-6,packet_id: 2,delay: 0.4250376224517822
10.8.8.130-86.4.212.228-59320-59222-6,packet_id: 3,delay: 0.417926549911499
10.8.8.130-86.4.212.228-59320-59222-6,packet_id: 4,delay: 0.42220640182495117
131.202.240.87-173.194.196.16-10784-465-6,packet_id: 1,delay: 0.3933553695678711
131.202.240.87-173.194.196.16-10790-465-6,packet_id: 1,delay: 0.4125032424926758
10.8.8.130-157.56.192.53-33104-443-6,packet_id: 1,delay: 0.4300825595855713
10.8.8.130-157.56.192.53-33104-443-6,packet_id: 2,delay: 0.42965054512023926
10.8.8.130-157.56.192.53-33104-443-6,packet_id: 3,delay: 0.4244046211242676
131.202.240.87-173.252.100.27-64842-443-6,packet_id: 1,delay: 0.434598445892334
131.202.240.87-173.252.100.27-64842-443-6,packet_id: 2,delay: 0.403702974319458
131.202.240.87-173.252.100.27-64842-443-6,packet_id: 3,delay: 0.4071314334869385
131.202.240.87-173.252.100.27-64842-443-6,packet_id: 4,delay: 0.4174482822418213
131.202.240.87-173.252.100.27-64842-443-6,packet_id: 5,delay: 0.3925282955169678
131.202.240.87-173.252.100.27-64842-443-6,packet_id: 6,delay: 0.4219856262207031
131.202.240.150-108.175.42.181-58287-80-6,packet_id: 1,delay: 0.2392268180847168
131.202.240.150-108.175.42.181-58287-80-6,packet_id: 2,delay: 0.2299184799194336
131.202.240.150-108.175.42.181-58287-80-6,packet_id: 3,delay: 0.2348010540008545
131.202.240.150-108.175.42.181-58287-80-6,packet_id: 4,delay: 0.23557615280151367
131.202.240.150-108.175.42.181-58287-80-6,packet_id: 5,delay: 0.24267029762268066
131.202.240.150-108.175.42.181-58287-80-6,packet_id: 6,delay: 0.2478809356689453
131.202.240.150-108.175.42.181-58287-80-6,packet_id: 7,delay: 0.2282719612121582
131.202.240.150-108.175.42.181-58287-80-6,packet_id: 8,delay: 0.2518727779388428
131.202.240.150-108.175.42.181-58287-80-6,packet_id: 9,delay: 0.25906944274902344
131.202.240.150-108.175.42.181-58287-80-6,packet_id: 10,delay: 0.25454020500183105
131.202.240.150-108.175.42.181-58287-80-6,packet_id: 11,delay: 0.26136326789855957
10.8.8.130-173.194.78.189-60098-443-6,packet_id: 1,delay: 0.556140661239624
10.8.8.130-173.194.78.189-60098-443-6,packet_id: 2,delay: 0.5618002414703369
10.8.8.130-173.194.78.189-60098-443-6,packet_id: 3,delay: 0.5509059429168701
10.8.8.130-173.194.78.189-60098-443-6,packet_id: 4,delay: 0.5694549083709717
10.8.8.130-173.194.78.189-60098-443-6,packet_id: 5,delay: 0.5808603763580322
10.8.8.130-173.194.78.189-60098-443-6,packet_id: 6,delay: 0.5784482955932617
184.29.105.106-131.202.240.150-80-45466-6,packet_id: 1,delay: 0.554246187210083
131.202.240.87-178.237.17.103-42530-443-6,packet_id: 1,delay: 0.380770206451416
131.202.240.87-178.237.17.103-42530-443-6,packet_id: 2,delay: 0.39566588401794434
134.170.19.124-131.202.240.87-443-10864-6,packet_id: 1,delay: 0.4802529811859131
134.170.19.124-131.202.240.87-443-10864-6,packet_id: 2,delay: 0.48319149017333984
134.170.19.124-131.202.240.87-443-10864-6,packet_id: 3,delay: 0.49541234970092773
134.170.19.124-131.202.240.87-443-10864-6,packet_id: 4,delay: 0.4999508857727051
134.170.19.124-131.202.240.87-443-10864-6,packet_id: 5,delay: 0.4947183132171631
134.170.19.124-131.202.240.87-443-10864-6,packet_id: 6,delay: 0.4892153739929199
134.170.19.124-131.202.240.87-443-10864-6,packet_id: 7,delay: 0.5174911022186279
134.170.19.124-131.202.240.87-443-10864-6,packet_id: 8,delay: 0.5077877044677734
134.170.19.124-131.202.240.87-443-10864-6,packet_id: 9,delay: 0.5020263195037842
134.170.19.124-131.202.240.87-443-10864-6,packet_id: 10,delay: 0.48844027519226074
208.118.125.54-131.202.240.87-49266-42322-6,packet_id: 1,delay: 0.3754417896270752
131.202.240.87-205.188.12.91-42522-443-6,packet_id: 1,delay: 0.6736226081848145
131.202.240.87-205.188.12.91-42522-443-6,packet_id: 2,delay: 0.6796572208404541
10.8.8.130-178.237.18.202-34342-443-6,packet_id: 1,delay: 0.4334278106689453
10.8.8.130-178.237.18.202-34342-443-6,packet_id: 2,delay: 0.42438721656799316
10.8.8.130-178.237.18.202-34342-443-6,packet_id: 3,delay: 0.43598508834838867
131.202.240.87-209.148.205.35-64882-443-6,packet_id: 1,delay: 0.3981797695159912
10.8.8.130-205.188.12.43-44917-443-6,packet_id: 1,delay: 0.4205970764160156
10.8.8.130-205.188.12.43-44917-443-6,packet_id: 2,delay: 0.4320344924926758
131.202.240.150-108.175.43.146-60056-80-6,packet_id: 1,delay: 0.304445743560791
131.202.240.150-108.175.43.146-60056-80-6,packet_id: 2,delay: 0.30336809158325195
131.202.240.150-108.175.43.146-60056-80-6,packet_id: 3,delay: 0.30402565002441406
131.202.240.150-108.175.43.146-60056-80-6,packet_id: 4,delay: 0.30960726737976074
131.202.240.150-108.175.43.146-60056-80-6,packet_id: 5,delay: 0.30625414848327637
131.202.240.150-108.175.43.146-60056-80-6,packet_id: 6,delay: 0.2523832321166992
131.202.240.150-108.175.43.146-60056-80-6,packet_id: 7,delay: 0.2700512409210205
131.202.240.150-108.175.43.146-60056-80-6,packet_id: 8,delay: 0.30507826805114746
131.202.240.150-108.175.43.146-60056-80-6,packet_id: 9,delay: 0.31066155433654785
131.202.240.150-108.175.43.146-60056-80-6,packet_id: 10,delay: 0.3374934196472168
131.202.240.150-108.175.43.146-60056-80-6,packet_id: 11,delay: 0.3311347961425781
131.202.240.150-108.175.43.146-60056-80-6,packet_id: 12,delay: 0.30237436294555664
131.202.240.150-108.175.43.146-60056-80-6,packet_id: 13,delay: 0.28943514823913574
131.202.240.150-108.175.43.146-60056-80-6,packet_id: 14,delay: 0.31252050399780273
131.202.240.150-108.175.43.146-60056-80-6,packet_id: 15,delay: 0.28627967834472656
131.202.240.150-108.175.43.146-60056-80-6,packet_id: 16,delay: 0.2674243450164795
131.202.240.150-108.175.43.146-60056-80-6,packet_id: 17,delay: 0.2974076271057129
131.202.240.150-108.175.43.146-60056-80-6,packet_id: 18,delay: 0.30790281295776367
131.202.240.150-108.175.43.146-60056-80-6,packet_id: 19,delay: 0.27429842948913574
10.8.8.130-216.58.210.3-34920-443-6,packet_id: 1,delay: 0.4858241081237793
10.8.8.130-216.58.210.3-34920-443-6,packet_id: 2,delay: 0.47379326820373535
10.8.8.130-216.58.210.3-34920-443-6,packet_id: 3,delay: 0.4904046058654785
10.8.8.130-216.58.210.3-34927-443-6,packet_id: 1,delay: 0.5043699741363525
205.188.12.43-10.8.8.130-443-44917-6,packet_id: 1,delay: 0.5400817394256592
205.188.12.43-10.8.8.130-443-44917-6,packet_id: 2,delay: 0.5398125648498535
205.188.12.43-10.8.8.130-443-44917-6,packet_id: 3,delay: 0.5610287189483643
10.8.8.130-216.58.210.3-34930-443-6,packet_id: 1,delay: 0.4695320129394531
74.125.71.16-10.0.2.15-465-51254-6,packet_id: 1,delay: 0.6879899501800537
10.8.8.130-216.58.210.14-45184-443-6,packet_id: 1,delay: 0.28475427627563477
10.8.8.130-216.58.210.14-45184-443-6,packet_id: 2,delay: 0.3038911819458008
10.8.8.130-216.58.210.14-45184-443-6,packet_id: 3,delay: 0.3183143138885498
10.8.8.130-216.58.210.14-45184-443-6,packet_id: 4,delay: 0.6191768646240234
10.8.8.130-216.58.210.14-45184-443-6,packet_id: 5,delay: 0.6132428646087646
10.8.8.130-216.58.210.14-45184-443-6,packet_id: 6,delay: 0.5734508037567139
10.8.8.130-216.58.210.14-45184-443-6,packet_id: 7,delay: 0.5757713317871094
10.8.8.130-216.58.210.14-45184-443-6,packet_id: 8,delay: 0.5855147838592529
10.8.8.130-216.58.210.14-45184-443-6,packet_id: 9,delay: 0.5801091194152832
10.8.8.130-216.58.210.14-45184-443-6,packet_id: 10,delay: 0.5855512619018555
10.8.8.130-216.58.210.14-45184-443-6,packet_id: 11,delay: 0.5730240345001221
10.8.8.130-216.58.210.14-45184-443-6,packet_id: 12,delay: 0.5900640487670898
10.8.8.130-216.58.210.14-45184-443-6,packet_id: 13,delay: 0.5822734832763672
10.8.8.130-216.58.210.14-45184-443-6,packet_id: 14,delay: 0.5663809776306152
10.8.8.130-216.58.210.14-45184-443-6,packet_id: 15,delay: 0.5611705780029297
10.8.8.130-216.58.210.14-45184-443-6,packet_id: 16,delay: 0.5512502193450928
74.125.71.16-10.8.8.234-993-56529-6,packet_id: 1,delay: 0.623389482498169
74.125.71.16-10.8.8.234-993-56529-6,packet_id: 2,delay: 0.6989991664886475
74.125.71.16-10.8.8.234-993-56529-6,packet_id: 3,delay: 0.6867523193359375
10.8.8.234-74.125.71.16-56545-993-6,packet_id: 1,delay: 0.5408430099487305
10.8.8.234-74.125.71.16-56545-993-6,packet_id: 2,delay: 0.5283112525939941
185.2.220.137-10.8.8.138-80-43533-6,packet_id: 1,delay: 0.4143948554992676
185.2.220.137-10.8.8.138-80-43533-6,packet_id: 2,delay: 0.44317102432250977
185.2.220.137-10.8.8.138-80-43533-6,packet_id: 3,delay: 0.437269926071167
185.2.220.137-10.8.8.138-80-43533-6,packet_id: 4,delay: 0.429995059967041
185.2.220.137-10.8.8.138-80-43533-6,packet_id: 5,delay: 0.4050474166870117
185.2.220.137-10.8.8.138-80-43533-6,packet_id: 6,delay: 0.3934905529022217
185.2.220.137-10.8.8.138-80-43533-6,packet_id: 7,delay: 0.40764474868774414
185.2.220.137-10.8.8.138-80-43533-6,packet_id: 8,delay: 0.40897035598754883
185.2.220.137-10.8.8.138-80-43533-6,packet_id: 9,delay: 0.40700864791870117
185.2.220.137-10.8.8.138-80-43533-6,packet_id: 10,delay: 0.40206003189086914
185.2.220.137-10.8.8.138-80-43533-6,packet_id: 11,delay: 0.4159379005432129
185.2.220.137-10.8.8.138-80-43533-6,packet_id: 12,delay: 0.4087793827056885
185.2.220.137-10.8.8.138-80-43533-6,packet_id: 13,delay: 0.39664554595947266
185.2.220.137-10.8.8.138-80-43533-6,packet_id: 14,delay: 0.4020812511444092
185.2.220.137-10.8.8.138-80-43533-6,packet_id: 15,delay: 0.40191197395324707
185.2.220.137-10.8.8.138-80-43533-6,packet_id: 16,delay: 0.40224242210388184
185.2.220.137-10.8.8.138-80-43533-6,packet_id: 17,delay: 0.39708638191223145
185.2.220.137-10.8.8.138-80-43533-6,packet_id: 18,delay: 0.41049957275390625
185.2.220.137-10.8.8.138-80-43533-6,packet_id: 19,delay: 0.4125978946685791
185.2.220.137-10.8.8.138-80-43533-6,packet_id: 20,delay: 0.3881969451904297
185.2.220.137-10.8.8.138-80-43533-6,packet_id: 21,delay: 0.3973701000213623
185.2.220.137-10.8.8.138-80-43533-6,packet_id: 22,delay: 0.42181873321533203
185.2.220.137-10.8.8.138-80-43533-6,packet_id: 23,delay: 0.42178940773010254
185.2.220.137-10.8.8.138-80-43533-6,packet_id: 24,delay: 0.41048288345336914
185.2.220.137-10.8.8.138-80-43533-6,packet_id: 25,delay: 0.42871952056884766
185.2.220.137-10.8.8.138-80-43533-6,packet_id: 26,delay: 0.4287285804748535
185.2.220.137-10.8.8.138-80-43533-6,packet_id: 27,delay: 0.44574546813964844
185.2.220.137-10.8.8.138-80-43533-6,packet_id: 28,delay: 0.40752220153808594
185.2.220.137-10.8.8.138-80-43533-6,packet_id: 29,delay: 0.4209415912628174
185.2.220.137-10.8.8.138-80-43533-6,packet_id: 30,delay: 0.4294400215148926
185.2.220.137-10.8.8.138-80-43533-6,packet_id: 31,delay: 0.40005064010620117
185.2.220.137-10.8.8.138-80-43533-6,packet_id: 32,delay: 0.41712117195129395
185.2.220.137-10.8.8.138-80-43533-6,packet_id: 33,delay: 0.4047203063964844
185.2.220.137-10.8.8.138-80-43533-6,packet_id: 34,delay: 0.3957524299621582
185.2.220.137-10.8.8.138-80-43533-6,packet_id: 35,delay: 0.4139583110809326
185.2.220.137-10.8.8.138-80-43533-6,packet_id: 36,delay: 0.43358731269836426
185.2.220.137-10.8.8.138-80-43533-6,packet_id: 37,delay: 0.42409706115722656
185.2.220.137-10.8.8.138-80-43533-6,packet_id: 38,delay: 0.42021608352661133
185.2.220.137-10.8.8.138-80-43533-6,packet_id: 39,delay: 0.39988231658935547
185.2.220.137-10.8.8.138-80-43533-6,packet_id: 40,delay: 0.4335308074951172
185.2.220.137-10.8.8.138-80-43533-6,packet_id: 41,delay: 0.4589974880218506
185.2.220.137-10.8.8.138-80-43533-6,packet_id: 42,delay: 0.42975783348083496
185.2.220.137-10.8.8.138-80-43533-6,packet_id: 43,delay: 0.44914817810058594
185.2.220.137-10.8.8.138-80-43533-6,packet_id: 44,delay: 0.42000412940979004
185.2.220.137-10.8.8.138-80-43533-6,packet_id: 45,delay: 0.4331965446472168
185.2.220.137-10.8.8.138-80-43533-6,packet_id: 46,delay: 0.4220395088195801
185.2.220.137-10.8.8.138-80-43533-6,packet_id: 47,delay: 0.3991363048553467
185.2.220.137-10.8.8.138-80-43533-6,packet_id: 48,delay: 0.38766002655029297
185.2.220.137-10.8.8.138-80-43533-6,packet_id: 49,delay: 0.3928251266479492
185.2.220.137-10.8.8.138-80-43533-6,packet_id: 50,delay: 0.4058692455291748
185.2.220.137-10.8.8.138-80-43533-6,packet_id: 51,delay: 0.412494421005249
185.2.220.137-10.8.8.138-80-43533-6,packet_id: 52,delay: 0.4264717102050781
185.2.220.137-10.8.8.138-80-43533-6,packet_id: 53,delay: 0.4370086193084717
185.2.220.137-10.8.8.138-80-43533-6,packet_id: 54,delay: 0.42832231521606445
185.2.220.137-10.8.8.138-80-43533-6,packet_id: 55,delay: 0.404508113861084
185.2.220.137-10.8.8.138-80-43533-6,packet_id: 56,delay: 0.41375112533569336
185.2.220.137-10.8.8.138-80-43533-6,packet_id: 57,delay: 0.4151897430419922
185.2.220.137-10.8.8.138-80-43533-6,packet_id: 58,delay: 0.41827392578125
185.2.220.137-10.8.8.138-80-43533-6,packet_id: 59,delay: 0.4286372661590576
185.2.220.137-10.8.8.138-80-43533-6,packet_id: 60,delay: 0.41168999671936035
185.2.220.137-10.8.8.138-80-43533-6,packet_id: 61,delay: 0.39188218116760254
185.2.220.137-10.8.8.138-80-43533-6,packet_id: 62,delay: 0.400066614151001
185.2.220.137-10.8.8.138-80-43533-6,packet_id: 63,delay: 0.39707183837890625
185.2.220.137-10.8.8.138-80-43533-6,packet_id: 64,delay: 0.39643192291259766
185.2.220.137-10.8.8.138-80-43533-6,packet_id: 65,delay: 0.3955800533294678
185.2.220.137-10.8.8.138-80-43533-6,packet_id: 66,delay: 0.39161229133605957
185.2.220.137-10.8.8.138-80-43533-6,packet_id: 67,delay: 0.39509057998657227
185.2.220.137-10.8.8.138-80-43533-6,packet_id: 68,delay: 0.406444787979126
185.2.220.137-10.8.8.138-80-43533-6,packet_id: 69,delay: 0.40813302993774414
185.2.220.137-10.8.8.138-80-43533-6,packet_id: 70,delay: 0.3693552017211914
185.2.220.137-10.8.8.138-80-43533-6,packet_id: 71,delay: 0.3930191993713379
185.2.220.137-10.8.8.138-80-43533-6,packet_id: 72,delay: 0.40728116035461426
185.2.220.137-10.8.8.138-80-43533-6,packet_id: 73,delay: 0.39925670623779297
185.2.220.137-10.8.8.138-80-43533-6,packet_id: 74,delay: 0.39950084686279297
185.2.220.137-10.8.8.138-80-43533-6,packet_id: 75,delay: 0.4085237979888916
185.2.220.137-10.8.8.138-80-43533-6,packet_id: 76,delay: 0.42352819442749023
185.2.220.137-10.8.8.138-80-43533-6,packet_id: 77,delay: 0.40500593185424805
185.2.220.137-10.8.8.138-80-43533-6,packet_id: 78,delay: 0.4073460102081299
185.2.220.137-10.8.8.138-80-43533-6,packet_id: 79,delay: 0.3964066505432129
185.2.220.137-10.8.8.138-80-43533-6,packet_id: 80,delay: 0.39167094230651855
185.2.220.137-10.8.8.138-80-43533-6,packet_id: 81,delay: 0.4051322937011719
185.2.220.137-10.8.8.138-80-43533-6,packet_id: 82,delay: 0.4301002025604248
173.194.194.16-10.0.2.15-995-58959-6,packet_id: 1,delay: 0.6311545372009277
10.8.8.178-2.30.116.54-43020-58139-6,packet_id: 1,delay: 0.3750185966491699
10.8.8.178-2.30.116.54-43020-58139-6,packet_id: 2,delay: 0.37251782417297363
10.8.8.178-2.30.116.54-43020-58139-6,packet_id: 3,delay: 0.3647310733795166
10.8.8.178-2.30.116.54-43020-58139-6,packet_id: 4,delay: 0.38739776611328125
10.8.8.178-2.30.116.54-43020-58139-6,packet_id: 5,delay: 0.3652229309082031
10.8.8.178-2.30.116.54-43020-58139-6,packet_id: 6,delay: 0.36962151527404785
173.194.123.124-131.202.240.242-443-5983-6,packet_id: 1,delay: 0.4287271499633789
205.188.12.43-131.202.240.242-443-31783-6,packet_id: 1,delay: 0.5788371562957764
216.58.210.78-10.8.8.178-443-44923-6,packet_id: 1,delay: 0.410686731338501
216.58.210.78-10.8.8.178-443-44923-6,packet_id: 2,delay: 0.43186235427856445
216.58.210.78-10.8.8.178-443-44923-6,packet_id: 3,delay: 0.40034985542297363
216.58.210.78-10.8.8.178-443-44923-6,packet_id: 4,delay: 0.3766298294067383
68.67.153.146-131.202.240.87-443-11327-6,packet_id: 1,delay: 0.39306139945983887
10.8.8.234-74.125.133.16-51040-993-6,packet_id: 1,delay: 0.5066730976104736
10.8.8.234-74.125.133.16-51055-993-6,packet_id: 1,delay: 0.49688196182250977
10.8.8.234-74.125.133.16-51055-993-6,packet_id: 2,delay: 0.5287976264953613
10.8.8.234-74.125.133.16-51055-993-6,packet_id: 3,delay: 0.5191755294799805
10.8.8.234-74.125.133.16-51055-993-6,packet_id: 4,delay: 0.4635002613067627
10.8.8.234-74.125.133.16-51055-993-6,packet_id: 5,delay: 0.5118610858917236
10.8.8.234-74.125.133.16-51055-993-6,packet_id: 6,delay: 0.5220537185668945
10.8.8.234-74.125.133.16-51055-993-6,packet_id: 7,delay: 0.5223431587219238
10.8.8.234-74.125.133.16-51055-993-6,packet_id: 8,delay: 0.4751713275909424
10.8.8.178-23.67.255.209-39285-443-6,packet_id: 1,delay: 0.738041877746582
10.8.8.178-23.192.162.186-46878-443-6,packet_id: 1,delay: 0.34023213386535645
10.8.8.178-63.245.217.113-38085-443-6,packet_id: 1,delay: 0.3006889820098877
10.8.8.178-63.245.217.113-38086-443-6,packet_id: 1,delay: 0.6041226387023926
10.8.8.234-74.125.133.16-51056-993-6,packet_id: 1,delay: 0.4609839916229248
10.8.8.234-74.125.133.16-51056-993-6,packet_id: 2,delay: 0.469005823135376
10.8.8.234-74.125.133.16-51056-993-6,packet_id: 3,delay: 0.4722318649291992
10.8.8.234-74.125.133.16-51056-993-6,packet_id: 4,delay: 0.46549034118652344
10.8.8.234-74.125.133.16-51056-993-6,packet_id: 5,delay: 0.4714052677154541
10.8.8.234-74.125.133.16-51056-993-6,packet_id: 6,delay: 0.4747352600097656
10.8.8.234-74.125.133.16-51056-993-6,packet_id: 7,delay: 0.4655883312225342
10.8.8.234-74.125.133.16-51056-993-6,packet_id: 8,delay: 0.481553316116333
10.8.8.178-86.4.212.228-52449-59222-6,packet_id: 1,delay: 0.42676734924316406
10.8.8.178-134.170.25.26-54269-443-6,packet_id: 1,delay: 0.3506345748901367
10.8.8.178-134.170.25.26-54269-443-6,packet_id: 2,delay: 0.34581518173217773
131.202.240.150-108.175.43.161-57196-80-6,packet_id: 1,delay: 0.3332021236419678
131.202.240.150-108.175.43.161-57196-80-6,packet_id: 2,delay: 0.33510255813598633
131.202.240.150-108.175.43.161-57196-80-6,packet_id: 3,delay: 0.32833385467529297
131.202.240.150-108.175.43.161-57196-80-6,packet_id: 4,delay: 0.3171501159667969
131.202.240.150-108.175.43.161-57196-80-6,packet_id: 5,delay: 0.3260633945465088
131.202.240.150-108.175.43.161-57196-80-6,packet_id: 6,delay: 0.32445478439331055
131.202.240.150-108.175.43.161-57196-80-6,packet_id: 7,delay: 0.3389890193939209
131.202.240.150-108.175.43.161-57196-80-6,packet_id: 8,delay: 0.34053611755371094
131.202.240.150-108.175.43.161-57196-80-6,packet_id: 9,delay: 0.33972811698913574
131.202.240.150-108.175.43.161-57196-80-6,packet_id: 10,delay: 0.3321812152862549
131.202.240.150-108.175.43.161-57196-80-6,packet_id: 11,delay: 0.34142065048217773
131.202.240.150-108.175.43.161-57196-80-6,packet_id: 12,delay: 0.3392329216003418
131.202.240.150-108.175.43.161-57196-80-6,packet_id: 13,delay: 0.3420436382293701
131.202.240.150-108.175.43.161-57196-80-6,packet_id: 14,delay: 0.34242796897888184
131.202.240.150-108.175.43.161-57196-80-6,packet_id: 15,delay: 0.33715009689331055
131.202.240.150-108.175.43.161-57196-80-6,packet_id: 16,delay: 0.3296842575073242
131.202.240.150-108.175.43.161-57196-80-6,packet_id: 17,delay: 0.32358479499816895
10.8.8.138-185.2.220.137-43535-80-6,packet_id: 1,delay: 0.39995741844177246
10.8.8.178-173.194.67.94-34123-443-6,packet_id: 1,delay: 0.33954668045043945
10.8.8.178-173.194.67.94-34123-443-6,packet_id: 2,delay: 0.33553099632263184
10.8.8.138-208.117.251.116-56550-443-6,packet_id: 1,delay: 0.4066810607910156
10.8.8.138-208.117.251.116-56550-443-6,packet_id: 2,delay: 0.40915608406066895
10.8.8.138-208.117.251.116-56550-443-6,packet_id: 3,delay: 0.41629552841186523
10.8.8.178-173.194.67.189-57926-443-6,packet_id: 1,delay: 0.5833799839019775
10.8.8.178-173.194.67.189-57926-443-6,packet_id: 2,delay: 0.5856356620788574
10.8.8.178-173.194.67.189-57926-443-6,packet_id: 3,delay: 0.6039595603942871
10.8.8.178-173.194.67.189-57926-443-6,packet_id: 4,delay: 0.6240007877349854
10.8.8.178-173.194.67.189-57926-443-6,packet_id: 5,delay: 0.6098790168762207
10.8.8.178-173.194.67.189-57926-443-6,packet_id: 6,delay: 0.6240143775939941
10.8.8.138-208.117.251.116-56557-443-6,packet_id: 1,delay: 0.399033784866333
10.8.8.138-208.117.251.116-56568-443-6,packet_id: 1,delay: 0.4158165454864502
10.8.8.234-173.194.67.16-37858-465-6,packet_id: 1,delay: 0.34450435638427734
10.8.8.138-208.117.251.116-56577-443-6,packet_id: 1,delay: 0.41861963272094727
10.8.8.138-208.117.251.116-56577-443-6,packet_id: 2,delay: 0.4029214382171631
10.8.8.234-173.194.67.16-37875-465-6,packet_id: 1,delay: 0.3632957935333252
10.8.8.234-173.194.67.16-37877-465-6,packet_id: 1,delay: 0.34412121772766113
10.8.8.138-208.117.251.116-56622-443-6,packet_id: 1,delay: 0.4118063449859619
10.8.8.138-208.117.251.116-56622-443-6,packet_id: 2,delay: 0.4235670566558838
10.8.8.234-173.194.67.16-37883-465-6,packet_id: 1,delay: 0.3568086624145508
10.8.8.178-173.252.100.27-47132-443-6,packet_id: 1,delay: 0.34937071800231934
10.8.8.178-173.252.100.27-47132-443-6,packet_id: 2,delay: 0.3660881519317627
10.8.8.178-173.252.100.27-47132-443-6,packet_id: 3,delay: 0.3578791618347168
10.8.8.178-173.252.100.27-47132-443-6,packet_id: 4,delay: 0.36614394187927246
10.8.8.178-173.252.100.27-47132-443-6,packet_id: 5,delay: 0.35492753982543945
10.8.8.178-173.252.100.27-47132-443-6,packet_id: 6,delay: 0.3672354221343994
10.8.8.138-208.117.251.116-56647-443-6,packet_id: 1,delay: 0.41838717460632324
10.8.8.138-208.117.251.116-56647-443-6,packet_id: 2,delay: 0.3975379467010498
10.8.8.138-209.148.205.35-42190-443-6,packet_id: 1,delay: 0.43862438201904297
10.8.8.138-209.148.205.35-42190-443-6,packet_id: 2,delay: 0.39404726028442383
10.8.8.138-209.148.205.35-42190-443-6,packet_id: 3,delay: 0.39997100830078125
10.8.8.138-209.148.205.35-42190-443-6,packet_id: 4,delay: 0.4029574394226074
199.212.24.172-131.202.240.150-443-56874-6,packet_id: 1,delay: 0.34406185150146484
199.212.24.172-131.202.240.150-443-56874-6,packet_id: 2,delay: 0.32074975967407227
199.212.24.172-131.202.240.150-443-56874-6,packet_id: 3,delay: 0.3597121238708496
199.212.24.172-131.202.240.150-443-56874-6,packet_id: 4,delay: 0.3586537837982178
199.212.24.172-131.202.240.150-443-56874-6,packet_id: 5,delay: 0.34266138076782227
199.212.24.172-131.202.240.150-443-56874-6,packet_id: 6,delay: 0.35450220108032227
199.212.24.172-131.202.240.150-443-56874-6,packet_id: 7,delay: 0.34420013427734375
199.212.24.172-131.202.240.150-443-56874-6,packet_id: 8,delay: 0.3381528854370117
10.8.8.178-178.237.17.103-51318-443-6,packet_id: 1,delay: 0.3362879753112793
10.8.8.178-178.237.17.103-51318-443-6,packet_id: 2,delay: 0.3308064937591553
10.8.8.178-178.237.17.103-51318-443-6,packet_id: 3,delay: 0.3562195301055908
10.8.8.178-178.237.17.103-51318-443-6,packet_id: 4,delay: 0.3218567371368408
10.8.8.178-178.237.17.103-51318-443-6,packet_id: 5,delay: 0.32927584648132324
209.148.205.33-131.202.240.150-80-41146-6,packet_id: 1,delay: 0.537971019744873
131.202.240.150-173.194.20.107-44157-443-6,packet_id: 1,delay: 0.26956844329833984
131.202.240.150-173.194.20.107-44157-443-6,packet_id: 2,delay: 0.2803812026977539
131.202.240.150-173.194.20.107-44157-443-6,packet_id: 3,delay: 0.2687342166900635
131.202.240.150-173.194.20.107-44157-443-6,packet_id: 4,delay: 0.2675135135650635
10.8.8.178-205.188.12.91-48911-443-6,packet_id: 1,delay: 0.40083789825439453
131.202.240.150-184.73.252.179-39085-80-6,packet_id: 1,delay: 0.5138967037200928
10.8.8.178-216.58.208.35-52205-443-6,packet_id: 1,delay: 0.597412109375
131.202.240.150-199.127.194.212-41858-443-6,packet_id: 1,delay: 0.21451783180236816
10.8.8.178-216.58.208.37-51920-443-6,packet_id: 1,delay: 0.3549816608428955
131.202.240.150-199.212.24.172-56874-443-6,packet_id: 1,delay: 0.4946012496948242
131.202.240.150-199.212.24.172-56874-443-6,packet_id: 2,delay: 0.5037670135498047
131.202.240.150-199.212.24.172-56874-443-6,packet_id: 3,delay: 0.5045092105865479
131.202.240.150-199.212.24.172-56874-443-6,packet_id: 4,delay: 0.5027728080749512
131.202.240.150-199.212.24.172-56874-443-6,packet_id: 5,delay: 0.5185480117797852
131.202.240.150-199.212.24.172-56874-443-6,packet_id: 6,delay: 0.5202834606170654
131.202.240.150-199.212.24.172-56874-443-6,packet_id: 7,delay: 0.5023598670959473
131.202.240.150-199.212.24.172-56874-443-6,packet_id: 8,delay: 0.4928758144378662
131.202.240.150-199.212.24.172-56874-443-6,packet_id: 9,delay: 0.5011959075927734
131.202.240.150-199.212.24.172-56874-443-6,packet_id: 10,delay: 0.49268388748168945
131.202.240.150-199.212.24.172-56874-443-6,packet_id: 11,delay: 0.49312496185302734
131.202.240.150-199.212.24.172-56874-443-6,packet_id: 12,delay: 0.4987924098968506
131.202.240.150-199.212.24.172-56874-443-6,packet_id: 13,delay: 0.5176193714141846
131.202.240.150-199.212.24.172-56874-443-6,packet_id: 14,delay: 0.5020320415496826
131.202.240.150-199.212.24.172-56874-443-6,packet_id: 15,delay: 0.48528027534484863
131.202.240.150-199.212.24.172-56874-443-6,packet_id: 16,delay: 0.48375725746154785
131.202.240.150-199.212.24.172-56874-443-6,packet_id: 17,delay: 0.5154950618743896
131.202.240.150-199.212.24.172-56874-443-6,packet_id: 18,delay: 0.4989943504333496
131.202.240.150-199.212.24.172-56874-443-6,packet_id: 19,delay: 0.5073988437652588
131.202.240.150-199.212.24.172-56874-443-6,packet_id: 20,delay: 0.5031511783599854
131.202.240.150-199.212.24.172-56874-443-6,packet_id: 21,delay: 0.49962854385375977
131.202.240.150-199.212.24.172-56874-443-6,packet_id: 22,delay: 0.5090060234069824
131.202.240.150-199.212.24.172-56874-443-6,packet_id: 23,delay: 0.49431633949279785
131.202.240.150-199.212.24.172-56874-443-6,packet_id: 24,delay: 0.5102665424346924
131.202.240.150-199.212.24.172-56874-443-6,packet_id: 25,delay: 0.5062220096588135
131.202.240.150-199.212.24.172-56874-443-6,packet_id: 26,delay: 0.492617130279541
131.202.240.150-199.212.24.172-56874-443-6,packet_id: 27,delay: 0.5008623600006104
131.202.240.150-199.212.24.172-56874-443-6,packet_id: 28,delay: 0.4994833469390869
131.202.240.150-199.212.24.172-56874-443-6,packet_id: 29,delay: 0.48856472969055176
131.202.240.150-199.212.24.172-56874-443-6,packet_id: 30,delay: 0.5012989044189453
131.202.240.150-199.212.24.172-56874-443-6,packet_id: 31,delay: 0.48935914039611816
131.202.240.150-199.212.24.172-56874-443-6,packet_id: 32,delay: 0.6007869243621826
205.188.12.91-10.8.8.178-443-48911-6,packet_id: 1,delay: 0.5262384414672852
208.117.251.116-10.8.8.138-443-56550-6,packet_id: 1,delay: 0.4359562397003174
208.117.251.116-10.8.8.138-443-56550-6,packet_id: 2,delay: 0.4196970462799072
208.117.251.116-10.8.8.138-443-56550-6,packet_id: 3,delay: 0.39575624465942383
208.117.251.116-10.8.8.138-443-56550-6,packet_id: 4,delay: 0.4327049255371094
208.117.251.116-10.8.8.138-443-56550-6,packet_id: 5,delay: 0.4139821529388428
10.8.8.178-216.58.208.46-38243-443-6,packet_id: 1,delay: 0.7090890407562256
10.8.8.178-216.58.208.46-38243-443-6,packet_id: 2,delay: 0.6953332424163818
10.8.8.178-216.58.208.46-38243-443-6,packet_id: 3,delay: 0.7032084465026855
10.8.8.178-216.58.208.46-38243-443-6,packet_id: 4,delay: 0.733182430267334
10.8.8.178-216.58.208.46-38243-443-6,packet_id: 5,delay: 0.7106695175170898
205.188.12.91-131.202.240.87-443-42522-6,packet_id: 1,delay: 0.48799753189086914
173.194.196.16-131.202.240.242-465-5488-6,packet_id: 1,delay: 0.4808223247528076
173.194.196.16-131.202.240.242-465-5492-6,packet_id: 1,delay: 0.5128679275512695
208.117.251.116-10.8.8.138-443-56560-6,packet_id: 1,delay: 0.41880321502685547
208.117.251.116-10.8.8.138-443-56560-6,packet_id: 2,delay: 0.4433004856109619
208.117.251.116-10.8.8.138-443-56560-6,packet_id: 3,delay: 0.39595913887023926
178.237.18.202-10.8.8.130-443-34342-6,packet_id: 1,delay: 0.4238429069519043
178.237.18.202-10.8.8.130-443-34342-6,packet_id: 2,delay: 0.43633127212524414
178.237.18.202-10.8.8.130-443-34342-6,packet_id: 3,delay: 0.410656213760376
178.237.18.202-10.8.8.130-443-34342-6,packet_id: 4,delay: 0.4293060302734375
178.237.18.202-10.8.8.130-443-34342-6,packet_id: 5,delay: 0.4272117614746094
178.237.18.202-10.8.8.130-443-34342-6,packet_id: 6,delay: 0.42349886894226074
10.8.8.178-216.58.208.46-38246-443-6,packet_id: 1,delay: 0.5592024326324463
173.194.196.16-131.202.240.242-465-5524-6,packet_id: 1,delay: 0.35877299308776855
131.202.240.242-68.67.153.2-5887-80-6,packet_id: 1,delay: 0.4317173957824707
10.8.8.178-216.58.208.46-38264-443-6,packet_id: 1,delay: 0.7136266231536865
10.8.8.178-216.58.208.46-38264-443-6,packet_id: 2,delay: 0.6705713272094727
10.8.8.178-216.58.208.46-38264-443-6,packet_id: 3,delay: 0.7117800712585449
10.8.8.178-216.58.208.46-38264-443-6,packet_id: 4,delay: 0.6918857097625732
216.58.210.14-10.8.8.130-443-45184-6,packet_id: 1,delay: 0.41216015815734863
216.58.210.14-10.8.8.130-443-45184-6,packet_id: 2,delay: 0.438840389251709
216.58.210.14-10.8.8.130-443-45184-6,packet_id: 3,delay: 0.41536712646484375
216.58.210.14-10.8.8.130-443-45184-6,packet_id: 4,delay: 0.40346527099609375
216.58.210.14-10.8.8.130-443-45184-6,packet_id: 5,delay: 0.40984416007995605
216.58.210.14-10.8.8.130-443-45184-6,packet_id: 6,delay: 0.37725400924682617
216.58.210.14-10.8.8.130-443-45184-6,packet_id: 7,delay: 0.4144260883331299
216.58.210.14-10.8.8.130-443-45184-6,packet_id: 8,delay: 0.42571115493774414
216.58.210.14-10.8.8.130-443-45184-6,packet_id: 9,delay: 0.41569089889526367
216.58.210.14-10.8.8.130-443-45184-6,packet_id: 10,delay: 0.4428398609161377
216.58.210.14-10.8.8.130-443-45184-6,packet_id: 11,delay: 0.4185183048248291
216.58.210.14-10.8.8.130-443-45184-6,packet_id: 12,delay: 0.42475080490112305
216.58.210.14-10.8.8.130-443-45184-6,packet_id: 13,delay: 0.43875622749328613
216.58.210.14-10.8.8.130-443-45184-6,packet_id: 14,delay: 0.4063570499420166
216.58.210.14-10.8.8.130-443-45184-6,packet_id: 15,delay: 0.41355252265930176
216.58.210.14-10.8.8.130-443-45184-6,packet_id: 16,delay: 0.4136044979095459
216.58.210.14-10.8.8.130-443-45184-6,packet_id: 17,delay: 0.2920258045196533
216.58.210.14-10.8.8.130-443-45184-6,packet_id: 18,delay: 0.40308189392089844
216.58.210.14-10.8.8.130-443-45184-6,packet_id: 19,delay: 0.41220831871032715
216.58.210.14-10.8.8.130-443-45184-6,packet_id: 20,delay: 0.4045085906982422
173.194.196.16-131.202.240.242-465-5527-6,packet_id: 1,delay: 0.4857757091522217
131.202.240.242-69.172.216.55-5957-443-6,packet_id: 1,delay: 0.6300480365753174
74.125.70.16-131.202.240.242-995-5479-6,packet_id: 1,delay: 0.39338135719299316
131.202.240.242-74.125.193.16-5535-995-6,packet_id: 1,delay: 0.6275005340576172
208.117.251.116-10.8.8.138-443-56577-6,packet_id: 1,delay: 0.4293663501739502
131.202.240.242-131.202.240.87-5619-42322-6,packet_id: 1,delay: 0.2721526622772217
131.202.240.242-131.202.240.87-5619-42322-6,packet_id: 2,delay: 0.28907060623168945
131.202.240.242-131.202.240.87-5619-42322-6,packet_id: 3,delay: 0.27489328384399414
131.202.240.242-131.202.240.87-5619-42322-6,packet_id: 4,delay: 0.302670955657959
131.202.240.242-131.202.240.87-5619-42322-6,packet_id: 5,delay: 0.28420233726501465
131.202.240.242-131.202.240.87-5619-42322-6,packet_id: 6,delay: 0.3112986087799072
131.202.240.242-131.202.240.87-5619-42322-6,packet_id: 7,delay: 0.290280818939209
131.202.240.242-131.202.240.87-5619-42322-6,packet_id: 8,delay: 0.2812778949737549
131.202.240.242-131.202.240.87-5619-42322-6,packet_id: 9,delay: 0.3097960948944092
131.202.240.242-131.202.240.87-5619-42322-6,packet_id: 10,delay: 0.2684013843536377
131.202.240.242-131.202.240.87-5619-42322-6,packet_id: 11,delay: 0.29062533378601074
131.202.240.242-131.202.240.87-5619-42322-6,packet_id: 12,delay: 0.29616212844848633
131.202.240.242-131.202.240.87-5619-42322-6,packet_id: 13,delay: 0.27527451515197754
131.202.240.242-131.202.240.87-5619-42322-6,packet_id: 14,delay: 0.2939591407775879
131.202.240.242-131.202.240.87-5619-42322-6,packet_id: 15,delay: 0.2663540840148926
131.202.240.242-131.202.240.87-5619-42322-6,packet_id: 16,delay: 0.28829288482666016
131.202.240.242-131.202.240.87-5619-42322-6,packet_id: 17,delay: 0.2734487056732178
131.202.240.242-131.202.240.87-5619-42322-6,packet_id: 18,delay: 0.2658228874206543
131.202.240.242-131.202.240.87-5619-42322-6,packet_id: 19,delay: 0.2702152729034424
131.202.240.242-131.202.240.87-5619-42322-6,packet_id: 20,delay: 0.26427483558654785
131.202.240.242-131.202.240.87-5619-42322-6,packet_id: 21,delay: 0.2783191204071045
131.202.240.242-131.202.240.87-5619-42322-6,packet_id: 22,delay: 0.2674577236175537
131.202.240.242-131.202.240.87-5619-42322-6,packet_id: 23,delay: 0.28269314765930176
131.202.240.242-131.202.240.87-5619-42322-6,packet_id: 24,delay: 0.2958338260650635
131.202.240.242-131.202.240.87-5619-42322-6,packet_id: 25,delay: 0.29943299293518066
131.202.240.242-131.202.240.87-5619-42322-6,packet_id: 26,delay: 0.29484105110168457
131.202.240.242-131.202.240.87-5619-42322-6,packet_id: 27,delay: 0.27515077590942383
131.202.240.242-131.202.240.87-5619-42322-6,packet_id: 28,delay: 0.26293015480041504
131.202.240.242-131.202.240.87-5619-42322-6,packet_id: 29,delay: 0.25295138359069824
208.117.251.116-10.8.8.138-443-56587-6,packet_id: 1,delay: 0.3978850841522217
208.117.251.116-10.8.8.138-443-56597-6,packet_id: 1,delay: 0.4134848117828369
10.8.8.178-216.58.210.35-59222-443-6,packet_id: 1,delay: 0.3331305980682373
208.117.251.116-10.8.8.138-443-56603-6,packet_id: 1,delay: 0.39803385734558105
178.237.18.202-131.202.240.242-443-31773-6,packet_id: 1,delay: 0.30310630798339844
10.8.8.178-216.58.210.35-59252-443-6,packet_id: 1,delay: 0.3343069553375244
208.117.251.116-10.8.8.138-443-56605-6,packet_id: 1,delay: 0.40346479415893555
208.117.251.116-10.8.8.138-443-56605-6,packet_id: 2,delay: 0.41752028465270996
10.8.8.178-216.58.210.46-39796-443-6,packet_id: 1,delay: 0.3390510082244873
10.8.8.178-216.58.210.46-39796-443-6,packet_id: 2,delay: 0.3400416374206543
10.8.8.178-216.58.210.46-39796-443-6,packet_id: 3,delay: 0.3321993350982666
10.8.8.178-216.58.210.46-39796-443-6,packet_id: 4,delay: 0.35372114181518555
10.8.8.178-216.58.210.46-39796-443-6,packet_id: 5,delay: 0.3346238136291504
10.8.8.178-216.58.210.46-39796-443-6,packet_id: 6,delay: 0.35903477668762207
208.117.251.116-10.8.8.138-443-56622-6,packet_id: 1,delay: 0.4182701110839844
208.117.251.116-10.8.8.138-443-56622-6,packet_id: 2,delay: 0.4140903949737549
208.117.251.116-10.8.8.138-443-56633-6,packet_id: 1,delay: 0.4427475929260254
208.117.251.116-10.8.8.138-443-56633-6,packet_id: 2,delay: 0.3815195560455322
208.117.251.116-10.8.8.138-443-56641-6,packet_id: 1,delay: 0.40549755096435547
10.8.8.178-216.58.210.78-44923-443-6,packet_id: 1,delay: 0.2906954288482666
10.8.8.178-216.58.210.78-44923-443-6,packet_id: 2,delay: 0.27315378189086914
131.202.240.150-199.212.24.173-53736-443-6,packet_id: 1,delay: 0.4351344108581543
204.83.155.169-10.0.2.15-32620-54963-6,packet_id: 1,delay: 0.6978394985198975
131.202.240.150-199.212.24.173-54334-443-6,packet_id: 1,delay: 0.36971426010131836
131.202.240.150-199.212.24.173-54334-443-6,packet_id: 2,delay: 0.35537266731262207
131.202.240.150-199.212.24.173-54334-443-6,packet_id: 3,delay: 0.37281131744384766
131.202.240.150-199.212.24.173-54334-443-6,packet_id: 4,delay: 0.35376620292663574
131.202.240.150-199.212.24.173-54334-443-6,packet_id: 5,delay: 0.357269287109375
131.202.240.150-199.212.24.173-54334-443-6,packet_id: 6,delay: 0.35538601875305176
204.83.155.169-10.0.2.15-32620-55727-6,packet_id: 1,delay: 0.6949868202209473
131.202.240.242-157.56.126.188-5589-443-6,packet_id: 1,delay: 0.3882319927215576
131.202.240.242-157.56.126.188-5589-443-6,packet_id: 2,delay: 0.34883832931518555
131.202.240.242-157.56.126.188-5589-443-6,packet_id: 3,delay: 0.358487606048584
131.202.240.242-157.56.126.188-5589-443-6,packet_id: 4,delay: 0.3556370735168457
131.202.240.242-157.56.126.188-5589-443-6,packet_id: 5,delay: 0.35768580436706543
131.202.240.242-157.56.126.188-5589-443-6,packet_id: 6,delay: 0.3845829963684082
131.202.240.242-157.56.126.188-5589-443-6,packet_id: 7,delay: 0.32590246200561523
131.202.240.242-157.56.126.188-5589-443-6,packet_id: 8,delay: 0.4730205535888672
131.202.240.242-157.56.126.188-5589-443-6,packet_id: 9,delay: 0.48959922790527344
131.202.240.150-199.212.24.173-54540-443-6,packet_id: 1,delay: 0.36470532417297363
131.202.240.150-199.212.24.173-54540-443-6,packet_id: 2,delay: 0.36879825592041016
131.202.240.150-199.212.24.173-54540-443-6,packet_id: 3,delay: 0.3535499572753906
131.202.240.150-199.212.24.173-54540-443-6,packet_id: 4,delay: 0.37384605407714844
131.202.240.150-199.212.24.173-54540-443-6,packet_id: 5,delay: 0.3574826717376709
131.202.240.150-199.212.24.173-54540-443-6,packet_id: 6,delay: 0.3559286594390869
131.202.240.150-199.212.24.173-54540-443-6,packet_id: 7,delay: 0.37406396865844727
131.202.240.150-199.212.24.173-54540-443-6,packet_id: 8,delay: 0.35472822189331055
131.202.240.150-199.212.24.173-54540-443-6,packet_id: 9,delay: 0.36161112785339355
173.194.67.16-10.8.8.234-465-37826-6,packet_id: 1,delay: 0.6028730869293213
216.58.219.230-131.202.240.150-443-35187-6,packet_id: 1,delay: 0.4024665355682373
173.194.67.16-10.8.8.234-465-37857-6,packet_id: 1,delay: 0.6201369762420654
216.58.219.230-131.202.240.242-443-5999-6,packet_id: 1,delay: 0.45983219146728516
157.56.126.188-131.202.240.242-443-5589-6,packet_id: 1,delay: 0.3550715446472168
157.56.126.188-131.202.240.242-443-5589-6,packet_id: 2,delay: 0.3496720790863037
157.56.126.188-131.202.240.242-443-5589-6,packet_id: 3,delay: 0.3638739585876465
157.56.126.188-131.202.240.242-443-5589-6,packet_id: 4,delay: 0.34301114082336426
157.56.126.188-131.202.240.242-443-5589-6,packet_id: 5,delay: 0.3351447582244873
157.56.126.188-131.202.240.242-443-5589-6,packet_id: 6,delay: 0.3149247169494629
157.56.126.188-131.202.240.242-443-5589-6,packet_id: 7,delay: 0.36295223236083984
157.56.126.188-131.202.240.242-443-5589-6,packet_id: 8,delay: 0.3386070728302002
157.56.126.188-131.202.240.242-443-5589-6,packet_id: 9,delay: 0.32289576530456543
157.56.126.188-131.202.240.242-443-5589-6,packet_id: 10,delay: 0.32816147804260254
157.56.126.188-131.202.240.242-443-5589-6,packet_id: 11,delay: 0.3403913974761963
157.56.126.188-131.202.240.242-443-5589-6,packet_id: 12,delay: 0.3231227397918701
157.56.126.188-131.202.240.242-443-5589-6,packet_id: 13,delay: 0.3284575939178467
173.194.67.16-10.8.8.234-465-37860-6,packet_id: 1,delay: 0.6553745269775391
209.148.205.41-10.8.8.138-80-57838-6,packet_id: 1,delay: 0.7246346473693848
209.148.205.35-10.8.8.138-443-42010-6,packet_id: 1,delay: 0.4636404514312744
209.148.205.35-10.8.8.138-443-42010-6,packet_id: 2,delay: 0.45983338356018066
209.148.205.35-10.8.8.138-443-42010-6,packet_id: 3,delay: 0.4775211811065674
209.148.205.35-10.8.8.138-443-42010-6,packet_id: 4,delay: 0.4552741050720215
209.148.205.35-10.8.8.138-443-42010-6,packet_id: 5,delay: 0.46976685523986816
209.148.205.35-10.8.8.138-443-42010-6,packet_id: 6,delay: 0.4136481285095215
209.148.205.35-10.8.8.138-443-42010-6,packet_id: 7,delay: 0.44180989265441895
209.148.205.35-10.8.8.138-443-42010-6,packet_id: 8,delay: 0.41675710678100586
209.148.205.35-10.8.8.138-443-42010-6,packet_id: 9,delay: 0.4204740524291992
209.148.205.35-10.8.8.138-443-42010-6,packet_id: 10,delay: 0.4085884094238281
216.58.219.206-131.202.240.150-443-59290-6,packet_id: 1,delay: 0.6002848148345947
131.202.240.242-173.194.196.16-5500-465-6,packet_id: 1,delay: 0.3704836368560791
209.148.205.41-10.8.8.138-443-60124-6,packet_id: 1,delay: 0.7101304531097412
209.148.205.41-10.8.8.138-443-60124-6,packet_id: 2,delay: 0.6669139862060547
209.148.205.41-10.8.8.138-443-60124-6,packet_id: 3,delay: 0.6818826198577881
209.148.205.41-10.8.8.138-443-60124-6,packet_id: 4,delay: 0.6693475246429443
209.148.205.41-10.8.8.138-443-60124-6,packet_id: 5,delay: 0.6219344139099121
209.148.205.41-10.8.8.138-443-60124-6,packet_id: 6,delay: 0.6577012538909912
209.148.205.41-10.8.8.138-443-60124-6,packet_id: 7,delay: 0.6358382701873779
209.148.205.41-10.8.8.138-443-60124-6,packet_id: 8,delay: 0.6069560050964355
209.148.205.41-10.8.8.138-443-60124-6,packet_id: 9,delay: 0.6555521488189697
209.148.205.41-10.8.8.138-443-60124-6,packet_id: 10,delay: 0.6310863494873047
173.194.67.16-10.8.8.234-465-37865-6,packet_id: 1,delay: 0.6900627613067627
216.58.219.206-131.202.240.150-443-59539-6,packet_id: 1,delay: 0.2925233840942383
216.58.219.206-131.202.240.150-443-59539-6,packet_id: 2,delay: 0.26868557929992676
131.202.240.242-173.194.196.16-5529-465-6,packet_id: 1,delay: 0.3782925605773926
173.194.67.16-10.8.8.234-465-37872-6,packet_id: 1,delay: 0.6826717853546143
131.202.240.242-173.252.100.27-32576-443-6,packet_id: 1,delay: 0.3843238353729248
131.202.240.150-199.212.24.173-54563-443-6,packet_id: 1,delay: 0.35345935821533203
131.202.240.150-199.212.24.173-54563-443-6,packet_id: 2,delay: 0.35303664207458496
131.202.240.150-199.212.24.173-54563-443-6,packet_id: 3,delay: 0.36655521392822266
131.202.240.150-199.212.24.173-54563-443-6,packet_id: 4,delay: 0.37247228622436523
131.202.240.150-199.212.24.173-54563-443-6,packet_id: 5,delay: 0.3767509460449219
131.202.240.150-199.212.24.173-54563-443-6,packet_id: 6,delay: 0.36088037490844727
131.202.240.150-199.212.24.173-54563-443-6,packet_id: 7,delay: 0.35895776748657227
131.202.240.150-199.212.24.173-54563-443-6,packet_id: 8,delay: 0.3622896671295166
131.202.240.242-178.237.18.202-31773-443-6,packet_id: 1,delay: 0.46292829513549805
131.202.240.242-216.58.219.230-5999-443-6,packet_id: 1,delay: 0.5769221782684326
209.148.205.35-10.8.8.138-443-42190-6,packet_id: 1,delay: 0.40260767936706543
209.148.205.35-10.8.8.138-443-42190-6,packet_id: 2,delay: 0.42093729972839355
209.148.205.35-10.8.8.138-443-42190-6,packet_id: 3,delay: 0.4186537265777588
209.148.205.35-10.8.8.138-443-42190-6,packet_id: 4,delay: 0.4282805919647217
209.148.205.35-10.8.8.138-443-42190-6,packet_id: 5,delay: 0.41129040718078613
209.148.205.35-10.8.8.138-443-42190-6,packet_id: 6,delay: 0.42340731620788574
209.148.205.35-10.8.8.138-443-42190-6,packet_id: 7,delay: 0.3861823081970215
209.148.205.35-10.8.8.138-443-42190-6,packet_id: 8,delay: 0.3915576934814453
209.148.205.35-10.8.8.138-443-42190-6,packet_id: 9,delay: 0.41320037841796875
209.148.205.35-10.8.8.138-443-42190-6,packet_id: 10,delay: 0.4210226535797119
209.148.205.35-10.8.8.138-443-42190-6,packet_id: 11,delay: 0.4077489376068115
209.148.205.35-10.8.8.138-443-42190-6,packet_id: 12,delay: 0.3975350856781006
209.148.205.35-10.8.8.138-443-42190-6,packet_id: 13,delay: 0.40429019927978516
209.148.205.35-10.8.8.138-443-42190-6,packet_id: 14,delay: 0.4056403636932373
209.148.205.35-10.8.8.138-443-42190-6,packet_id: 15,delay: 0.40164637565612793
209.148.205.35-10.8.8.138-443-42190-6,packet_id: 16,delay: 0.38774728775024414
209.148.205.35-10.8.8.138-443-42190-6,packet_id: 17,delay: 0.40914368629455566
209.148.205.35-10.8.8.138-443-42190-6,packet_id: 18,delay: 0.40131092071533203
209.148.205.35-10.8.8.138-443-42190-6,packet_id: 19,delay: 0.4058985710144043
209.148.205.35-10.8.8.138-443-42190-6,packet_id: 20,delay: 0.42114877700805664
209.148.205.35-10.8.8.138-443-42190-6,packet_id: 21,delay: 0.3986365795135498
209.148.205.35-10.8.8.138-443-42190-6,packet_id: 22,delay: 0.42423582077026367
131.202.240.150-199.212.24.174-43919-443-6,packet_id: 1,delay: 0.5274081230163574
131.202.240.150-199.212.24.174-43919-443-6,packet_id: 2,delay: 0.5627214908599854
131.202.240.150-199.212.24.174-43919-443-6,packet_id: 3,delay: 0.5767455101013184
131.202.240.150-199.212.24.174-43919-443-6,packet_id: 4,delay: 0.5513045787811279
209.148.205.41-131.202.240.150-443-34177-6,packet_id: 1,delay: 0.5524060726165771
209.148.205.41-131.202.240.150-443-34177-6,packet_id: 2,delay: 0.5498433113098145
209.148.205.41-131.202.240.150-443-34203-6,packet_id: 1,delay: 0.2882840633392334
131.202.240.150-199.212.24.175-58587-443-6,packet_id: 1,delay: 0.2692267894744873
131.202.240.150-199.212.24.175-58600-443-6,packet_id: 1,delay: 0.20340418815612793
131.202.240.150-199.212.24.175-58600-443-6,packet_id: 2,delay: 0.2067093849182129
131.202.240.150-199.212.24.175-58936-443-6,packet_id: 1,delay: 0.28895092010498047
131.202.240.150-199.212.24.175-58977-443-6,packet_id: 1,delay: 0.19416308403015137
131.202.240.150-209.148.205.16-44144-80-6,packet_id: 1,delay: 0.28427672386169434
131.202.240.150-209.148.205.35-56435-443-6,packet_id: 1,delay: 0.34152698516845703
131.202.240.150-209.148.205.35-56578-443-6,packet_id: 1,delay: 0.33103203773498535
131.202.240.150-209.148.205.35-56578-443-6,packet_id: 2,delay: 0.33852124214172363
131.202.240.150-209.148.205.35-56578-443-6,packet_id: 3,delay: 0.3272664546966553
131.202.240.150-209.148.205.35-56578-443-6,packet_id: 4,delay: 0.3357999324798584
131.202.240.150-209.148.205.35-56578-443-6,packet_id: 5,delay: 0.1883552074432373
131.202.240.150-209.148.205.41-34177-443-6,packet_id: 1,delay: 0.5211305618286133
131.202.240.150-209.148.205.41-34177-443-6,packet_id: 2,delay: 0.5207116603851318
131.202.240.150-209.148.205.41-34177-443-6,packet_id: 3,delay: 0.5167460441589355
131.202.240.150-209.148.205.41-34177-443-6,packet_id: 4,delay: 0.5361862182617188
131.202.240.150-209.148.205.41-34177-443-6,packet_id: 5,delay: 0.5497894287109375
131.202.240.150-209.148.205.41-34177-443-6,packet_id: 6,delay: 0.5456554889678955
131.202.240.150-209.148.205.41-34177-443-6,packet_id: 7,delay: 0.5246801376342773
216.58.208.35-10.8.8.178-443-52158-6,packet_id: 1,delay: 0.4673292636871338
216.58.208.35-10.8.8.178-443-52158-6,packet_id: 2,delay: 0.48380446434020996
209.148.205.35-131.202.240.150-443-56578-6,packet_id: 1,delay: 0.21079039573669434
209.148.205.35-131.202.240.150-443-56578-6,packet_id: 2,delay: 0.18693161010742188
209.148.205.35-131.202.240.150-443-56578-6,packet_id: 3,delay: 0.05379128456115723
209.148.205.35-131.202.240.150-443-56578-6,packet_id: 4,delay: 0.07717204093933105
216.58.208.46-10.8.8.110-80-33072-6,packet_id: 1,delay: 0.5636560916900635
74.125.69.16-131.202.240.87-993-10714-6,packet_id: 1,delay: 0.4482841491699219
74.125.69.16-131.202.240.87-993-10714-6,packet_id: 2,delay: 0.438220739364624
74.125.69.16-131.202.240.87-993-10714-6,packet_id: 3,delay: 0.42642641067504883
74.125.69.16-131.202.240.87-993-10714-6,packet_id: 4,delay: 0.43558597564697266
74.125.69.16-131.202.240.87-993-10714-6,packet_id: 5,delay: 0.4193127155303955
74.125.69.16-131.202.240.87-993-10714-6,packet_id: 6,delay: 0.43997645378112793
74.125.69.16-131.202.240.87-993-10714-6,packet_id: 7,delay: 0.43301987648010254
216.58.208.46-10.8.8.178-443-38243-6,packet_id: 1,delay: 0.5417275428771973
216.58.208.46-10.8.8.178-443-38243-6,packet_id: 2,delay: 0.5538227558135986
216.58.208.46-10.8.8.178-443-38243-6,packet_id: 3,delay: 0.5550787448883057
216.58.208.46-10.8.8.178-443-38243-6,packet_id: 4,delay: 0.5529112815856934
216.58.208.46-10.8.8.178-443-38243-6,packet_id: 5,delay: 0.5543522834777832
216.58.208.46-10.8.8.178-443-38243-6,packet_id: 6,delay: 0.5547475814819336
216.58.208.46-10.8.8.178-443-38243-6,packet_id: 7,delay: 0.5518848896026611
216.58.208.46-10.8.8.178-443-38243-6,packet_id: 8,delay: 0.5443222522735596
131.202.240.150-209.148.205.41-34203-443-6,packet_id: 1,delay: 0.5246686935424805
131.202.240.150-209.148.205.41-34203-443-6,packet_id: 2,delay: 0.5345160961151123
131.202.240.150-209.148.205.41-34203-443-6,packet_id: 3,delay: 0.5432071685791016
131.202.240.150-209.148.205.41-34203-443-6,packet_id: 4,delay: 0.5172989368438721
131.202.240.150-209.148.205.41-34203-443-6,packet_id: 5,delay: 0.5259974002838135
131.202.240.150-209.148.205.41-34203-443-6,packet_id: 6,delay: 0.5438964366912842
131.202.240.150-209.148.205.41-34203-443-6,packet_id: 7,delay: 0.4948122501373291
131.202.240.150-209.148.205.41-34203-443-6,packet_id: 8,delay: 0.5292131900787354
131.202.240.150-209.148.205.41-34203-443-6,packet_id: 9,delay: 0.54361891746521
131.202.240.150-209.148.205.41-34203-443-6,packet_id: 10,delay: 0.5398497581481934
131.202.240.150-209.148.205.41-34203-443-6,packet_id: 11,delay: 0.560765266418457
131.202.240.150-209.148.205.41-34203-443-6,packet_id: 12,delay: 0.5286612510681152
131.202.240.150-209.148.205.41-34203-443-6,packet_id: 13,delay: 0.5416531562805176
131.202.240.150-209.148.205.41-34203-443-6,packet_id: 14,delay: 0.544614315032959
131.202.240.150-209.148.205.41-34203-443-6,packet_id: 15,delay: 0.5361411571502686
131.202.240.150-209.148.205.41-34203-443-6,packet_id: 16,delay: 0.43928980827331543
70.80.25.101-10.0.2.15-64982-38947-6,packet_id: 1,delay: 0.3023703098297119
24.36.174.173-10.0.2.15-47044-55027-6,packet_id: 1,delay: 0.677872896194458
173.194.210.188-131.202.240.242-5228-32506-6,packet_id: 1,delay: 0.33537793159484863
74.125.69.16-131.202.240.87-993-10715-6,packet_id: 1,delay: 0.41715550422668457
74.125.69.16-131.202.240.87-993-10715-6,packet_id: 2,delay: 0.41477179527282715
74.125.69.16-131.202.240.87-993-10715-6,packet_id: 3,delay: 0.4218437671661377
173.252.100.27-10.8.8.178-443-47132-6,packet_id: 1,delay: 0.4684932231903076
173.252.100.27-10.8.8.178-443-47132-6,packet_id: 2,delay: 0.4676196575164795
173.252.100.27-10.8.8.178-443-47132-6,packet_id: 3,delay: 0.4798777103424072
173.252.100.27-10.8.8.178-443-47132-6,packet_id: 4,delay: 0.4621753692626953
173.252.100.27-10.8.8.178-443-47132-6,packet_id: 5,delay: 0.4739820957183838
173.252.100.27-10.8.8.178-443-47132-6,packet_id: 6,delay: 0.4674723148345947
173.252.100.27-10.8.8.178-443-47132-6,packet_id: 7,delay: 0.48992037773132324
173.252.100.27-10.8.8.178-443-47132-6,packet_id: 8,delay: 0.3450348377227783
173.252.100.27-10.8.8.178-443-47132-6,packet_id: 9,delay: 0.4720156192779541
173.252.100.27-10.8.8.178-443-47132-6,packet_id: 10,delay: 0.45508766174316406
173.252.100.27-10.8.8.178-443-47132-6,packet_id: 11,delay: 0.4666764736175537
38.124.168.119-131.202.240.87-80-65089-6,packet_id: 1,delay: 0.3734467029571533
216.58.208.46-10.8.8.178-443-38264-6,packet_id: 1,delay: 0.5508811473846436
216.58.208.46-10.8.8.178-443-38264-6,packet_id: 2,delay: 0.5508360862731934
216.58.208.46-10.8.8.178-443-38264-6,packet_id: 3,delay: 0.5710928440093994
216.58.208.46-10.8.8.178-443-38264-6,packet_id: 4,delay: 0.5583803653717041
216.58.208.46-10.8.8.178-443-38264-6,packet_id: 5,delay: 0.5610446929931641
216.58.208.46-10.8.8.178-443-38264-6,packet_id: 6,delay: 0.5352106094360352
216.58.208.46-10.8.8.178-443-38264-6,packet_id: 7,delay: 0.542189359664917
216.58.208.46-10.8.8.178-443-38264-6,packet_id: 8,delay: 0.5460891723632812
216.58.208.46-10.8.8.178-443-38264-6,packet_id: 9,delay: 0.5503294467926025
216.58.208.46-10.8.8.178-443-38264-6,packet_id: 10,delay: 0.5656557083129883
216.58.208.46-10.8.8.178-443-38264-6,packet_id: 11,delay: 0.5448620319366455
216.58.208.46-10.8.8.178-443-38264-6,packet_id: 12,delay: 0.5452947616577148
216.58.208.46-10.8.8.178-443-38264-6,packet_id: 13,delay: 0.54270339012146
216.58.208.46-10.8.8.178-443-38264-6,packet_id: 14,delay: 0.5388123989105225
74.125.69.16-131.202.240.87-993-10743-6,packet_id: 1,delay: 0.4384799003601074
131.202.240.150-209.148.205.41-43673-80-6,packet_id: 1,delay: 0.4302213191986084
173.252.100.27-131.202.240.87-443-64842-6,packet_id: 1,delay: 0.39781665802001953
173.252.100.27-131.202.240.87-443-64842-6,packet_id: 2,delay: 0.40256738662719727
173.252.100.27-131.202.240.87-443-64842-6,packet_id: 3,delay: 0.41213083267211914
173.252.100.27-131.202.240.87-443-64842-6,packet_id: 4,delay: 0.41234779357910156
173.252.100.27-131.202.240.87-443-64842-6,packet_id: 5,delay: 0.40937352180480957
173.252.100.27-131.202.240.87-443-64842-6,packet_id: 6,delay: 0.4229099750518799
173.252.100.27-131.202.240.87-443-64842-6,packet_id: 7,delay: 0.38753247261047363
173.252.100.27-131.202.240.242-443-32576-6,packet_id: 1,delay: 0.46128320693969727
173.252.100.27-131.202.240.242-443-32576-6,packet_id: 2,delay: 0.3370664119720459
91.190.216.125-10.8.8.130-12350-38182-6,packet_id: 1,delay: 0.47945404052734375
74.125.207.16-10.0.2.15-465-42849-6,packet_id: 1,delay: 0.41501331329345703
23.235.40.143-131.202.240.150-443-54394-6,packet_id: 1,delay: 0.6314759254455566
23.235.40.143-131.202.240.150-443-54394-6,packet_id: 2,delay: 0.6049723625183105
23.235.40.143-131.202.240.150-443-54394-6,packet_id: 3,delay: 0.6185526847839355
74.125.207.16-10.0.2.15-465-42904-6,packet_id: 1,delay: 0.40564918518066406
74.125.207.16-10.0.2.15-465-42911-6,packet_id: 1,delay: 0.3991098403930664
74.125.207.16-10.0.2.15-465-42921-6,packet_id: 1,delay: 0.39847469329833984
74.125.207.16-10.0.2.15-465-48940-6,packet_id: 1,delay: 0.4003162384033203
66.220.156.2-10.8.8.130-443-42513-6,packet_id: 1,delay: 0.5383505821228027
66.220.156.2-10.8.8.130-443-42513-6,packet_id: 2,delay: 0.5604984760284424
66.220.156.2-10.8.8.130-443-42513-6,packet_id: 3,delay: 0.5456986427307129
66.220.156.2-10.8.8.130-443-42513-6,packet_id: 4,delay: 0.543992280960083
66.220.156.2-10.8.8.130-443-42513-6,packet_id: 5,delay: 0.5571160316467285
66.220.156.2-10.8.8.130-443-42513-6,packet_id: 6,delay: 0.5567960739135742
66.220.156.2-10.8.8.130-443-42513-6,packet_id: 7,delay: 0.5362436771392822
66.220.156.2-10.8.8.130-443-42513-6,packet_id: 8,delay: 0.5536153316497803
66.220.156.2-10.8.8.130-443-42513-6,packet_id: 9,delay: 0.5517466068267822
74.125.207.16-10.0.2.15-465-48942-6,packet_id: 1,delay: 0.40788912773132324
74.125.207.16-10.0.2.15-465-48980-6,packet_id: 1,delay: 0.4066808223724365
74.125.207.16-10.0.2.15-465-48995-6,packet_id: 1,delay: 0.4217252731323242
173.194.78.16-10.0.2.15-993-52882-6,packet_id: 1,delay: 0.47592663764953613
64.233.183.16-10.0.2.15-993-43558-6,packet_id: 1,delay: 0.6333029270172119
64.233.183.16-10.0.2.15-993-43558-6,packet_id: 2,delay: 0.6224400997161865
64.233.183.16-10.0.2.15-993-43558-6,packet_id: 3,delay: 0.635744571685791
74.125.207.16-10.0.2.15-465-49016-6,packet_id: 1,delay: 0.40699076652526855
216.58.210.3-10.8.8.130-443-34918-6,packet_id: 1,delay: 0.3356812000274658
74.125.207.16-10.0.2.15-995-51319-6,packet_id: 1,delay: 0.42043614387512207
216.58.210.3-10.8.8.130-443-34920-6,packet_id: 1,delay: 0.3535282611846924
216.58.210.3-10.8.8.130-443-34920-6,packet_id: 2,delay: 0.3396635055541992
74.125.207.16-10.0.2.15-995-51323-6,packet_id: 1,delay: 0.44172096252441406
64.233.183.16-10.0.2.15-995-51739-6,packet_id: 1,delay: 0.643172025680542
2.30.116.54-10.8.8.130-58139-48835-6,packet_id: 1,delay: 0.4901454448699951
2.30.116.54-10.8.8.130-58139-48835-6,packet_id: 2,delay: 0.468672513961792
2.30.116.54-10.8.8.130-58139-48835-6,packet_id: 3,delay: 0.4828052520751953
2.30.116.54-10.8.8.130-58139-48835-6,packet_id: 4,delay: 0.46994543075561523
2.30.116.54-10.8.8.130-58139-48835-6,packet_id: 5,delay: 0.48569202423095703
68.67.153.2-131.202.240.242-443-5900-6,packet_id: 1,delay: 0.32186460494995117
216.58.210.3-10.8.8.130-443-34927-6,packet_id: 1,delay: 0.3509695529937744
216.58.210.3-10.8.8.130-443-34927-6,packet_id: 2,delay: 0.33880138397216797
2.30.116.54-10.8.8.178-58139-43020-6,packet_id: 1,delay: 0.44958043098449707
2.30.116.54-10.8.8.178-58139-43020-6,packet_id: 2,delay: 0.4860877990722656
2.30.116.54-10.8.8.178-58139-43020-6,packet_id: 3,delay: 0.44548749923706055
2.30.116.54-10.8.8.178-58139-43020-6,packet_id: 4,delay: 0.4776773452758789
2.30.116.54-10.8.8.178-58139-43020-6,packet_id: 5,delay: 0.3401796817779541
2.30.116.54-10.8.8.178-58139-43020-6,packet_id: 6,delay: 0.329479455947876
69.172.216.55-131.202.240.242-443-5957-6,packet_id: 1,delay: 0.5129871368408203
178.237.17.103-10.8.8.178-443-51318-6,packet_id: 1,delay: 0.33281922340393066
178.237.17.103-10.8.8.178-443-51318-6,packet_id: 2,delay: 0.33408403396606445
178.237.17.103-10.8.8.178-443-51318-6,packet_id: 3,delay: 0.32256054878234863
68.67.153.211-131.202.240.242-443-5932-6,packet_id: 1,delay: 0.34397268295288086
77.103.197.35-10.8.8.130-47872-52719-6,packet_id: 1,delay: 0.13663911819458008
216.58.219.238-131.202.240.150-443-48018-6,packet_id: 1,delay: 0.41549253463745117
24.156.130.203-10.8.8.138-80-55782-6,packet_id: 1,delay: 0.6692698001861572
24.156.130.203-10.8.8.138-80-55782-6,packet_id: 2,delay: 0.6710569858551025
24.156.130.203-10.8.8.138-80-55782-6,packet_id: 3,delay: 0.6708958148956299
24.156.130.203-10.8.8.138-80-55782-6,packet_id: 4,delay: 0.6812729835510254
24.156.130.203-10.8.8.138-80-55782-6,packet_id: 5,delay: 0.6911900043487549
24.156.130.203-10.8.8.138-80-55782-6,packet_id: 6,delay: 0.6923234462738037
24.156.130.203-10.8.8.138-80-55782-6,packet_id: 7,delay: 0.6624855995178223
24.156.130.203-10.8.8.138-80-55782-6,packet_id: 8,delay: 0.6649129390716553
24.156.130.203-10.8.8.138-80-55782-6,packet_id: 9,delay: 0.6956737041473389
24.156.130.203-10.8.8.138-80-55782-6,packet_id: 10,delay: 0.6829624176025391
63.245.216.134-10.8.8.178-443-49841-6,packet_id: 1,delay: 0.3174886703491211
86.4.212.228-10.8.8.130-59222-59320-6,packet_id: 1,delay: 0.2558274269104004
86.4.212.228-10.8.8.130-59222-59320-6,packet_id: 2,delay: 0.2709982395172119
216.58.208.37-10.8.8.178-443-51920-6,packet_id: 1,delay: 0.4823887348175049
216.58.210.35-10.8.8.178-443-59247-6,packet_id: 1,delay: 0.3297748565673828
216.58.208.37-10.8.8.178-443-51939-6,packet_id: 1,delay: 0.46576929092407227
216.58.210.35-10.8.8.178-443-59252-6,packet_id: 1,delay: 0.3223576545715332
86.4.212.228-10.8.8.178-59222-52449-6,packet_id: 1,delay: 0.25258469581604004
86.4.212.228-10.8.8.178-59222-52449-6,packet_id: 2,delay: 0.26900291442871094
86.4.212.228-10.8.8.178-59222-52449-6,packet_id: 3,delay: 0.2864201068878174
86.4.212.228-10.8.8.178-59222-52449-6,packet_id: 4,delay: 0.26294374465942383
86.4.212.228-10.8.8.178-59222-52449-6,packet_id: 5,delay: 0.25440239906311035
86.4.212.228-10.8.8.178-59222-52449-6,packet_id: 6,delay: 0.2545130252838135
86.4.212.228-10.8.8.178-59222-52449-6,packet_id: 7,delay: 0.2431480884552002
68.67.176.42-131.202.240.87-443-11439-6,packet_id: 1,delay: 0.4728970527648926
216.58.210.46-10.8.8.178-443-39796-6,packet_id: 1,delay: 0.31754469871520996
216.58.210.46-10.8.8.178-443-39796-6,packet_id: 2,delay: 0.3282639980316162
216.58.210.46-10.8.8.178-443-39796-6,packet_id: 3,delay: 0.3447079658508301
64.233.184.16-10.8.8.110-465-37409-6,packet_id: 1,delay: 0.22652578353881836
64.233.184.16-10.8.8.110-465-37417-6,packet_id: 1,delay: 0.34941530227661133
64.233.184.16-10.8.8.110-465-37425-6,packet_id: 1,delay: 0.3639793395996094
64.233.184.16-10.8.8.110-465-37440-6,packet_id: 1,delay: 0.3376927375793457
64.233.184.16-10.8.8.234-993-56880-6,packet_id: 1,delay: 0.48896360397338867
64.233.184.16-10.8.8.234-993-56887-6,packet_id: 1,delay: 0.3612546920776367
64.233.184.16-10.8.8.234-993-56887-6,packet_id: 2,delay: 0.4623293876647949
64.4.23.162-10.0.2.15-40019-46839-6,packet_id: 1,delay: 0.5933504104614258
23.192.162.186-10.8.8.178-443-46884-6,packet_id: 1,delay: 0.3443450927734375
74.125.133.16-10.8.8.234-993-51039-6,packet_id: 1,delay: 0.36054301261901855
74.125.133.16-10.8.8.234-993-51040-6,packet_id: 1,delay: 0.49354982376098633
74.125.133.16-10.8.8.234-993-51055-6,packet_id: 1,delay: 0.5069434642791748
74.125.133.16-10.8.8.234-993-51055-6,packet_id: 2,delay: 0.45973849296569824
74.125.133.16-10.8.8.234-993-51055-6,packet_id: 3,delay: 0.4657604694366455
74.125.133.16-10.8.8.234-993-51055-6,packet_id: 4,delay: 0.47483325004577637
74.125.133.16-10.8.8.234-993-51055-6,packet_id: 5,delay: 0.4889647960662842
74.125.133.16-10.8.8.234-993-51055-6,packet_id: 6,delay: 0.46489524841308594
74.125.133.16-10.8.8.234-993-51055-6,packet_id: 7,delay: 0.4763612747192383
74.125.133.16-10.8.8.234-993-51055-6,packet_id: 8,delay: 0.4866750240325928
74.125.133.16-10.8.8.234-993-51055-6,packet_id: 9,delay: 0.3691082000732422
74.125.133.16-10.8.8.234-993-51055-6,packet_id: 10,delay: 0.49637889862060547
74.125.133.16-10.8.8.234-993-51055-6,packet_id: 11,delay: 0.485767126083374
74.125.133.16-10.8.8.234-993-51055-6,packet_id: 12,delay: 0.3630087375640869
74.125.133.16-10.8.8.234-993-51055-6,packet_id: 13,delay: 0.32241272926330566
74.125.133.16-10.8.8.234-993-51055-6,packet_id: 14,delay: 0.36963367462158203
74.125.133.16-10.8.8.234-993-51056-6,packet_id: 1,delay: 0.46789050102233887
74.125.133.16-10.8.8.234-993-51056-6,packet_id: 2,delay: 0.4991598129272461
74.125.133.16-10.8.8.234-993-51056-6,packet_id: 3,delay: 0.4543797969818115
74.125.133.16-10.8.8.234-993-51056-6,packet_id: 4,delay: 0.353412389755249
74.125.133.16-10.8.8.234-993-51056-6,packet_id: 5,delay: 0.3532745838165283
74.125.133.16-10.8.8.234-993-51056-6,packet_id: 6,delay: 0.47504305839538574
74.125.133.16-10.8.8.234-993-51056-6,packet_id: 7,delay: 0.4710547924041748
74.125.133.16-10.8.8.234-993-51056-6,packet_id: 8,delay: 0.4769909381866455
74.125.133.16-10.8.8.234-993-51056-6,packet_id: 9,delay: 0.47154688835144043
74.125.133.16-10.8.8.234-993-51056-6,packet_id: 10,delay: 0.476834774017334
74.125.133.16-10.8.8.234-993-51056-6,packet_id: 11,delay: 0.46575498580932617
74.125.202.16-131.202.240.87-993-10798-6,packet_id: 1,delay: 0.4226529598236084
64.233.167.16-10.0.2.15-993-58426-6,packet_id: 1,delay: 0.48739099502563477
64.233.167.16-10.0.2.15-993-58426-6,packet_id: 2,delay: 0.46907639503479004
Average Packet Delay,0.4389694385528565
