157.56.192.53-10.8.8.130-443-33104-6,packet_id: 1,delay: 0.40320825576782227
157.56.192.53-10.8.8.130-443-33104-6,packet_id: 2,delay: 0.412797212600708
173.194.67.16-10.8.8.234-465-37826-6,packet_id: 1,delay: 0.3062291145324707
173.194.67.16-10.8.8.234-465-37857-6,packet_id: 1,delay: 0.30823755264282227
173.194.67.16-10.8.8.234-465-37860-6,packet_id: 1,delay: 0.30057382583618164
173.194.67.16-10.8.8.234-465-37865-6,packet_id: 1,delay: 0.3039395809173584
173.194.67.16-10.8.8.234-465-37872-6,packet_id: 1,delay: 0.2923548221588135
10.8.8.138-24.156.130.203-55782-80-6,packet_id: 1,delay: 0.17165589332580566
10.8.8.138-24.156.130.203-55782-80-6,packet_id: 2,delay: 0.15739727020263672
10.8.8.138-24.156.130.203-55782-80-6,packet_id: 3,delay: 0.1620955467224121
10.8.8.138-24.156.130.203-55782-80-6,packet_id: 4,delay: 0.15185308456420898
10.8.8.138-107.22.243.234-35936-443-6,packet_id: 1,delay: 0.27667927742004395
10.8.8.138-185.2.220.137-43533-80-6,packet_id: 1,delay: 0.3056793212890625
10.8.8.138-185.2.220.137-43533-80-6,packet_id: 2,delay: 0.30884695053100586
10.8.8.138-185.2.220.137-43533-80-6,packet_id: 3,delay: 0.32338690757751465
10.8.8.138-185.2.220.137-43533-80-6,packet_id: 4,delay: 0.32750678062438965
10.8.8.138-185.2.220.137-43533-80-6,packet_id: 5,delay: 0.3417391777038574
10.8.8.138-185.2.220.137-43533-80-6,packet_id: 6,delay: 0.37496089935302734
10.8.8.138-185.2.220.137-43533-80-6,packet_id: 7,delay: 0.3455038070678711
10.8.8.138-185.2.220.137-43533-80-6,packet_id: 8,delay: 0.35351014137268066
10.8.8.138-185.2.220.137-43533-80-6,packet_id: 9,delay: 0.3363969326019287
10.8.8.138-185.2.220.137-43533-80-6,packet_id: 10,delay: 0.3551628589630127
10.8.8.138-185.2.220.137-43533-80-6,packet_id: 11,delay: 0.35724639892578125
10.8.8.138-185.2.220.137-43533-80-6,packet_id: 12,delay: 0.3380582332611084
10.8.8.138-185.2.220.137-43533-80-6,packet_id: 13,delay: 0.3388068675994873
10.8.8.138-185.2.220.137-43533-80-6,packet_id: 14,delay: 0.3326914310455322
10.8.8.138-185.2.220.137-43533-80-6,packet_id: 15,delay: 0.33869099617004395
10.8.8.138-185.2.220.137-43533-80-6,packet_id: 16,delay: 0.35648655891418457
10.8.8.138-185.2.220.137-43533-80-6,packet_id: 17,delay: 0.34803152084350586
10.8.8.138-185.2.220.137-43533-80-6,packet_id: 18,delay: 0.3500821590423584
10.8.8.138-185.2.220.137-43533-80-6,packet_id: 19,delay: 0.3432321548461914
10.8.8.138-185.2.220.137-43533-80-6,packet_id: 20,delay: 0.33934450149536133
10.8.8.138-185.2.220.137-43533-80-6,packet_id: 21,delay: 0.33632445335388184
10.8.8.138-185.2.220.137-43533-80-6,packet_id: 22,delay: 0.29968810081481934
10.8.8.138-185.2.220.137-43533-80-6,packet_id: 23,delay: 0.32874202728271484
10.8.8.138-185.2.220.137-43533-80-6,packet_id: 24,delay: 0.3364131450653076
10.8.8.138-185.2.220.137-43533-80-6,packet_id: 25,delay: 0.3322145938873291
10.8.8.138-185.2.220.137-43533-80-6,packet_id: 26,delay: 0.3076462745666504
10.8.8.138-185.2.220.137-43533-80-6,packet_id: 27,delay: 0.3384990692138672
10.8.8.138-185.2.220.137-43533-80-6,packet_id: 28,delay: 0.31749582290649414
10.8.8.138-185.2.220.137-43533-80-6,packet_id: 29,delay: 0.3099641799926758
10.8.8.138-185.2.220.137-43533-80-6,packet_id: 30,delay: 0.3279447555541992
10.8.8.138-185.2.220.137-43533-80-6,packet_id: 31,delay: 0.3329808712005615
10.8.8.138-185.2.220.137-43533-80-6,packet_id: 32,delay: 0.3166377544403076
10.8.8.138-185.2.220.137-43533-80-6,packet_id: 33,delay: 0.3313617706298828
10.8.8.138-185.2.220.137-43533-80-6,packet_id: 34,delay: 0.3290696144104004
10.8.8.138-185.2.220.137-43533-80-6,packet_id: 35,delay: 0.3314356803894043
10.8.8.138-185.2.220.137-43533-80-6,packet_id: 36,delay: 0.3216719627380371
10.8.8.138-185.2.220.137-43533-80-6,packet_id: 37,delay: 0.32598423957824707
10.8.8.138-185.2.220.137-43533-80-6,packet_id: 38,delay: 0.3195016384124756
10.8.8.138-185.2.220.137-43533-80-6,packet_id: 39,delay: 0.33115077018737793
10.8.8.138-185.2.220.137-43533-80-6,packet_id: 40,delay: 0.3145730495452881
10.8.8.138-185.2.220.137-43533-80-6,packet_id: 41,delay: 0.3347911834716797
10.8.8.138-185.2.220.137-43533-80-6,packet_id: 42,delay: 0.3201591968536377
10.8.8.138-185.2.220.137-43533-80-6,packet_id: 43,delay: 0.33869028091430664
10.8.8.138-185.2.220.137-43533-80-6,packet_id: 44,delay: 0.3201756477355957
10.8.8.138-185.2.220.137-43533-80-6,packet_id: 45,delay: 0.33311963081359863
10.8.8.138-185.2.220.137-43533-80-6,packet_id: 46,delay: 0.33709192276000977
10.8.8.138-185.2.220.137-43533-80-6,packet_id: 47,delay: 0.3304483890533447
10.8.8.138-185.2.220.137-43533-80-6,packet_id: 48,delay: 0.32579517364501953
10.8.8.138-185.2.220.137-43533-80-6,packet_id: 49,delay: 0.35122084617614746
108.175.42.181-131.202.240.150-80-58287-6,packet_id: 1,delay: 0.1919097900390625
108.175.42.181-131.202.240.150-80-58287-6,packet_id: 2,delay: 0.20372295379638672
108.175.42.181-131.202.240.150-80-58287-6,packet_id: 3,delay: 0.20299077033996582
108.175.42.181-131.202.240.150-80-58287-6,packet_id: 4,delay: 0.23865222930908203
108.175.42.181-131.202.240.150-80-58287-6,packet_id: 5,delay: 0.2080097198486328
137.117.177.33-10.8.8.178-443-40028-6,packet_id: 1,delay: 0.3780946731567383
10.8.8.110-63.245.216.132-39035-443-6,packet_id: 1,delay: 0.4158143997192383
137.116.32.77-10.0.2.15-443-34727-6,packet_id: 1,delay: 0.7197387218475342
10.8.8.178-2.30.116.54-43020-58139-6,packet_id: 1,delay: 0.2709381580352783
10.8.8.178-2.30.116.54-43020-58139-6,packet_id: 2,delay: 0.31003761291503906
10.8.8.178-2.30.116.54-43020-58139-6,packet_id: 3,delay: 0.2754554748535156
10.8.8.178-2.30.116.54-43020-58139-6,packet_id: 4,delay: 0.28010010719299316
10.8.8.178-2.30.116.54-43020-58139-6,packet_id: 5,delay: 0.2632277011871338
10.8.8.178-2.30.116.54-43020-58139-6,packet_id: 6,delay: 0.28032493591308594
10.8.8.130-2.30.116.54-48835-58139-6,packet_id: 1,delay: 0.35471296310424805
10.8.8.130-2.30.116.54-48835-58139-6,packet_id: 2,delay: 0.3524951934814453
10.8.8.130-2.30.116.54-48835-58139-6,packet_id: 3,delay: 0.3841512203216553
10.8.8.110-63.245.216.134-46949-443-6,packet_id: 1,delay: 0.3375120162963867
10.8.8.234-74.125.71.16-56545-993-6,packet_id: 1,delay: 0.39365172386169434
10.8.8.234-74.125.71.16-56545-993-6,packet_id: 2,delay: 0.37183094024658203
10.0.2.15-24.140.134.21-45746-45411-6,packet_id: 1,delay: 0.45371532440185547
10.8.8.110-64.233.184.16-37404-465-6,packet_id: 1,delay: 0.3123619556427002
10.0.2.15-64.233.183.16-43558-993-6,packet_id: 1,delay: 0.6335909366607666
10.0.2.15-64.233.183.16-43558-993-6,packet_id: 2,delay: 0.6503453254699707
10.8.8.110-64.233.184.16-37424-465-6,packet_id: 1,delay: 0.33834171295166016
10.8.8.234-74.125.133.16-51040-993-6,packet_id: 1,delay: 0.4903542995452881
10.8.8.130-2.101.222.231-34461-9396-6,packet_id: 1,delay: 0.2669205665588379
10.8.8.130-2.101.222.231-34461-9396-6,packet_id: 2,delay: 0.207244873046875
10.8.8.130-2.101.222.231-34461-9396-6,packet_id: 3,delay: 0.2573566436767578
10.8.8.130-2.101.222.231-34461-9396-6,packet_id: 4,delay: 0.23599910736083984
10.8.8.130-2.101.222.231-34461-9396-6,packet_id: 5,delay: 0.24506258964538574
10.8.8.110-64.233.184.16-37428-465-6,packet_id: 1,delay: 0.3479726314544678
10.8.8.234-74.125.133.16-51055-993-6,packet_id: 1,delay: 0.5072727203369141
10.8.8.234-74.125.133.16-51055-993-6,packet_id: 2,delay: 0.4952535629272461
10.8.8.234-74.125.133.16-51055-993-6,packet_id: 3,delay: 0.4942777156829834
10.8.8.234-74.125.133.16-51055-993-6,packet_id: 4,delay: 0.4998924732208252
10.8.8.234-74.125.133.16-51055-993-6,packet_id: 5,delay: 0.49782586097717285
10.8.8.234-74.125.133.16-51055-993-6,packet_id: 6,delay: 0.5041630268096924
10.8.8.234-74.125.133.16-51055-993-6,packet_id: 7,delay: 0.4916574954986572
10.8.8.234-74.125.133.16-51055-993-6,packet_id: 8,delay: 0.5035858154296875
10.0.2.15-74.125.71.16-51269-465-6,packet_id: 1,delay: 0.5054044723510742
10.8.8.110-64.233.184.16-37433-465-6,packet_id: 1,delay: 0.32042503356933594
10.0.2.15-74.125.207.16-42905-465-6,packet_id: 1,delay: 0.6125204563140869
10.0.2.15-74.125.207.16-42924-465-6,packet_id: 1,delay: 0.6101915836334229
10.8.8.178-23.67.255.209-39285-443-6,packet_id: 1,delay: 0.15720582008361816
10.0.2.15-74.125.207.16-48993-465-6,packet_id: 1,delay: 0.6007900238037109
10.8.8.178-23.192.162.186-46878-443-6,packet_id: 1,delay: 0.1997668743133545
10.0.2.15-74.125.207.16-49005-465-6,packet_id: 1,delay: 0.6163051128387451
10.8.8.130-66.220.156.2-42513-443-6,packet_id: 1,delay: 0.2733786106109619
10.8.8.130-66.220.156.2-42513-443-6,packet_id: 2,delay: 0.2545645236968994
10.8.8.130-66.220.156.2-42513-443-6,packet_id: 3,delay: 0.2839045524597168
10.8.8.130-66.220.156.2-42513-443-6,packet_id: 4,delay: 0.2635025978088379
10.8.8.130-66.220.156.2-42513-443-6,packet_id: 5,delay: 0.27585935592651367
10.8.8.130-66.220.156.2-42513-443-6,packet_id: 6,delay: 0.2592644691467285
10.8.8.130-66.220.156.2-42513-443-6,packet_id: 7,delay: 0.2683854103088379
10.8.8.130-66.220.156.2-42513-443-6,packet_id: 8,delay: 0.26352906227111816
10.8.8.130-66.220.156.2-42513-443-6,packet_id: 9,delay: 0.25725722312927246
10.8.8.130-66.220.156.2-42513-443-6,packet_id: 10,delay: 0.2622523307800293
10.8.8.178-63.245.217.113-38085-443-6,packet_id: 1,delay: 0.12244415283203125
10.0.2.15-137.116.32.77-34727-443-6,packet_id: 1,delay: 0.8065395355224609
10.8.8.178-63.245.217.113-38086-443-6,packet_id: 1,delay: 0.1473405361175537
10.0.2.15-204.83.155.169-54967-32620-6,packet_id: 1,delay: 0.5089285373687744
10.8.8.178-86.4.212.228-52449-59222-6,packet_id: 1,delay: 0.3052945137023926
10.0.2.15-216.58.208.46-53913-80-6,packet_id: 1,delay: 0.6455428600311279
10.8.8.178-134.170.25.26-54269-443-6,packet_id: 1,delay: 0.3130834102630615
10.8.8.178-134.170.25.26-54269-443-6,packet_id: 2,delay: 0.30756711959838867
10.8.8.234-74.125.133.16-51056-993-6,packet_id: 1,delay: 0.4978642463684082
10.8.8.234-74.125.133.16-51056-993-6,packet_id: 2,delay: 0.49367618560791016
10.8.8.234-74.125.133.16-51056-993-6,packet_id: 3,delay: 0.5056581497192383
10.8.8.234-74.125.133.16-51056-993-6,packet_id: 4,delay: 0.49058008193969727
10.8.8.234-74.125.133.16-51056-993-6,packet_id: 5,delay: 0.47657036781311035
10.8.8.234-74.125.133.16-51056-993-6,packet_id: 6,delay: 0.4839150905609131
10.8.8.234-74.125.133.16-51056-993-6,packet_id: 7,delay: 0.48195958137512207
10.8.8.234-74.125.133.16-51056-993-6,packet_id: 8,delay: 0.48470282554626465
10.8.8.178-173.194.67.94-34123-443-6,packet_id: 1,delay: 0.15686941146850586
10.8.8.178-173.194.67.94-34123-443-6,packet_id: 2,delay: 0.1708354949951172
10.8.8.178-173.194.67.189-57926-443-6,packet_id: 1,delay: 0.3132908344268799
10.8.8.178-173.194.67.189-57926-443-6,packet_id: 2,delay: 0.28997039794921875
10.8.8.178-173.194.67.189-57926-443-6,packet_id: 3,delay: 0.30843496322631836
10.8.8.178-173.194.67.189-57926-443-6,packet_id: 4,delay: 0.31279873847961426
10.8.8.178-173.194.67.189-57926-443-6,packet_id: 5,delay: 0.30890464782714844
10.8.8.178-173.194.67.189-57926-443-6,packet_id: 6,delay: 0.3034813404083252
10.8.8.130-77.103.197.35-52719-47872-6,packet_id: 1,delay: 0.5418205261230469
10.8.8.130-86.4.212.228-59320-59222-6,packet_id: 1,delay: 0.3931894302368164
10.8.8.130-86.4.212.228-59320-59222-6,packet_id: 2,delay: 0.38210153579711914
10.8.8.130-86.4.212.228-59320-59222-6,packet_id: 3,delay: 0.3821702003479004
10.8.8.130-86.4.212.228-59320-59222-6,packet_id: 4,delay: 0.3980388641357422
10.8.8.234-173.194.67.16-37858-465-6,packet_id: 1,delay: 0.35495615005493164
10.8.8.234-173.194.67.16-37875-465-6,packet_id: 1,delay: 0.3683793544769287
10.8.8.178-173.252.100.27-47132-443-6,packet_id: 1,delay: 0.14403676986694336
10.8.8.178-173.252.100.27-47132-443-6,packet_id: 2,delay: 0.1489887237548828
10.8.8.178-173.252.100.27-47132-443-6,packet_id: 3,delay: 0.14812421798706055
10.8.8.178-173.252.100.27-47132-443-6,packet_id: 4,delay: 0.16292381286621094
10.8.8.178-173.252.100.27-47132-443-6,packet_id: 5,delay: 0.1595604419708252
10.8.8.178-173.252.100.27-47132-443-6,packet_id: 6,delay: 0.1467270851135254
10.8.8.234-173.194.67.16-37877-465-6,packet_id: 1,delay: 0.37509727478027344
10.8.8.234-173.194.67.16-37883-465-6,packet_id: 1,delay: 0.36393165588378906
10.8.8.130-157.56.192.53-33104-443-6,packet_id: 1,delay: 0.46231937408447266
10.8.8.130-157.56.192.53-33104-443-6,packet_id: 2,delay: 0.4653630256652832
10.8.8.130-157.56.192.53-33104-443-6,packet_id: 3,delay: 0.4702742099761963
173.194.123.124-131.202.240.242-443-5983-6,packet_id: 1,delay: 0.35674142837524414
108.175.39.202-131.202.240.150-80-40884-6,packet_id: 1,delay: 0.29025793075561523
108.175.39.202-131.202.240.150-80-40884-6,packet_id: 2,delay: 0.28069496154785156
10.8.8.130-173.194.78.189-60098-443-6,packet_id: 1,delay: 0.4238705635070801
10.8.8.130-173.194.78.189-60098-443-6,packet_id: 2,delay: 0.39627957344055176
10.8.8.130-173.194.78.189-60098-443-6,packet_id: 3,delay: 0.3804600238800049
10.8.8.130-173.194.78.189-60098-443-6,packet_id: 4,delay: 0.40422487258911133
10.8.8.130-173.194.78.189-60098-443-6,packet_id: 5,delay: 0.3980093002319336
10.8.8.130-173.194.78.189-60098-443-6,packet_id: 6,delay: 0.4057490825653076
10.8.8.178-178.237.17.103-51318-443-6,packet_id: 1,delay: 0.4690439701080322
10.8.8.178-178.237.17.103-51318-443-6,packet_id: 2,delay: 0.4725339412689209
10.8.8.178-178.237.17.103-51318-443-6,packet_id: 3,delay: 0.47443389892578125
10.8.8.178-178.237.17.103-51318-443-6,packet_id: 4,delay: 0.48062968254089355
10.8.8.178-178.237.17.103-51318-443-6,packet_id: 5,delay: 0.46438169479370117
199.212.24.175-131.202.240.150-443-58600-6,packet_id: 1,delay: 0.3293612003326416
199.212.24.175-131.202.240.150-443-58936-6,packet_id: 1,delay: 0.3136892318725586
10.8.8.130-178.237.18.202-34342-443-6,packet_id: 1,delay: 0.40956616401672363
10.8.8.130-178.237.18.202-34342-443-6,packet_id: 2,delay: 0.41906213760375977
10.8.8.130-178.237.18.202-34342-443-6,packet_id: 3,delay: 0.4397611618041992
10.8.8.178-205.188.12.91-48911-443-6,packet_id: 1,delay: 0.37766456604003906
10.8.8.178-216.58.208.35-52205-443-6,packet_id: 1,delay: 0.24405503273010254
10.8.8.178-216.58.208.37-51920-443-6,packet_id: 1,delay: 0.33278775215148926
10.8.8.130-205.188.12.43-44917-443-6,packet_id: 1,delay: 0.2199714183807373
10.8.8.130-205.188.12.43-44917-443-6,packet_id: 2,delay: 0.22124052047729492
10.8.8.178-216.58.208.46-38243-443-6,packet_id: 1,delay: 0.3305854797363281
10.8.8.178-216.58.208.46-38243-443-6,packet_id: 2,delay: 0.3417701721191406
10.8.8.178-216.58.208.46-38243-443-6,packet_id: 3,delay: 0.29296255111694336
10.8.8.178-216.58.208.46-38243-443-6,packet_id: 4,delay: 0.32836103439331055
10.8.8.178-216.58.208.46-38243-443-6,packet_id: 5,delay: 0.33916187286376953
10.8.8.130-216.58.210.3-34920-443-6,packet_id: 1,delay: 0.4033043384552002
10.8.8.130-216.58.210.3-34920-443-6,packet_id: 2,delay: 0.41264843940734863
10.8.8.130-216.58.210.3-34920-443-6,packet_id: 3,delay: 0.4180908203125
10.8.8.130-216.58.210.3-34927-443-6,packet_id: 1,delay: 0.4196453094482422
131.202.6.26-131.202.240.87-13000-64719-6,packet_id: 1,delay: 0.37296247482299805
131.202.6.26-131.202.240.87-13000-64719-6,packet_id: 2,delay: 0.38306331634521484
131.202.6.26-131.202.240.87-13000-64719-6,packet_id: 3,delay: 0.359454870223999
10.8.8.178-216.58.208.46-38246-443-6,packet_id: 1,delay: 0.33277177810668945
10.8.8.130-216.58.210.3-34930-443-6,packet_id: 1,delay: 0.4185028076171875
10.8.8.178-216.58.208.46-38264-443-6,packet_id: 1,delay: 0.34401917457580566
10.8.8.178-216.58.208.46-38264-443-6,packet_id: 2,delay: 0.3256959915161133
10.8.8.178-216.58.208.46-38264-443-6,packet_id: 3,delay: 0.33652424812316895
10.8.8.178-216.58.208.46-38264-443-6,packet_id: 4,delay: 0.34511876106262207
142.1.33.2-10.0.2.15-3230-56467-6,packet_id: 1,delay: 0.5381433963775635
10.8.8.130-216.58.210.14-45184-443-6,packet_id: 1,delay: 0.2790799140930176
10.8.8.130-216.58.210.14-45184-443-6,packet_id: 2,delay: 0.25899481773376465
10.8.8.130-216.58.210.14-45184-443-6,packet_id: 3,delay: 0.2797384262084961
10.8.8.130-216.58.210.14-45184-443-6,packet_id: 4,delay: 0.2584400177001953
10.8.8.130-216.58.210.14-45184-443-6,packet_id: 5,delay: 0.2850148677825928
10.8.8.130-216.58.210.14-45184-443-6,packet_id: 6,delay: 0.2779970169067383
10.8.8.130-216.58.210.14-45184-443-6,packet_id: 7,delay: 0.26419615745544434
10.8.8.130-216.58.210.14-45184-443-6,packet_id: 8,delay: 0.2671058177947998
10.8.8.130-216.58.210.14-45184-443-6,packet_id: 9,delay: 0.2600221633911133
10.8.8.130-216.58.210.14-45184-443-6,packet_id: 10,delay: 0.2826719284057617
10.8.8.130-216.58.210.14-45184-443-6,packet_id: 11,delay: 0.25026488304138184
10.8.8.130-216.58.210.14-45184-443-6,packet_id: 12,delay: 0.2785189151763916
10.8.8.130-216.58.210.14-45184-443-6,packet_id: 13,delay: 0.2624995708465576
10.8.8.130-216.58.210.14-45184-443-6,packet_id: 14,delay: 0.26781177520751953
10.8.8.130-216.58.210.14-45184-443-6,packet_id: 15,delay: 0.2703557014465332
10.8.8.130-216.58.210.14-45184-443-6,packet_id: 16,delay: 0.27098894119262695
157.56.52.13-10.0.2.15-40011-34332-6,packet_id: 1,delay: 0.5477855205535889
157.56.52.13-10.0.2.15-40011-34332-6,packet_id: 2,delay: 0.5596218109130859
173.194.194.16-10.0.2.15-995-58959-6,packet_id: 1,delay: 0.47786903381347656
173.194.196.16-131.202.240.242-465-5488-6,packet_id: 1,delay: 0.6385452747344971
216.58.210.35-10.8.8.178-443-59247-6,packet_id: 1,delay: 0.4831249713897705
131.202.240.87-64.12.27.65-64714-443-6,packet_id: 1,delay: 0.3950192928314209
185.2.220.137-10.8.8.138-80-43533-6,packet_id: 1,delay: 0.3357203006744385
185.2.220.137-10.8.8.138-80-43533-6,packet_id: 2,delay: 0.3082578182220459
185.2.220.137-10.8.8.138-80-43533-6,packet_id: 3,delay: 0.3350508213043213
185.2.220.137-10.8.8.138-80-43533-6,packet_id: 4,delay: 0.342271089553833
185.2.220.137-10.8.8.138-80-43533-6,packet_id: 5,delay: 0.3380105495452881
185.2.220.137-10.8.8.138-80-43533-6,packet_id: 6,delay: 0.3435988426208496
185.2.220.137-10.8.8.138-80-43533-6,packet_id: 7,delay: 0.31908345222473145
185.2.220.137-10.8.8.138-80-43533-6,packet_id: 8,delay: 0.33594226837158203
185.2.220.137-10.8.8.138-80-43533-6,packet_id: 9,delay: 0.3290705680847168
185.2.220.137-10.8.8.138-80-43533-6,packet_id: 10,delay: 0.3240511417388916
185.2.220.137-10.8.8.138-80-43533-6,packet_id: 11,delay: 0.33578014373779297
185.2.220.137-10.8.8.138-80-43533-6,packet_id: 12,delay: 0.32712769508361816
185.2.220.137-10.8.8.138-80-43533-6,packet_id: 13,delay: 0.32108426094055176
185.2.220.137-10.8.8.138-80-43533-6,packet_id: 14,delay: 0.31676793098449707
185.2.220.137-10.8.8.138-80-43533-6,packet_id: 15,delay: 0.32308030128479004
185.2.220.137-10.8.8.138-80-43533-6,packet_id: 16,delay: 0.32182812690734863
185.2.220.137-10.8.8.138-80-43533-6,packet_id: 17,delay: 0.33001232147216797
185.2.220.137-10.8.8.138-80-43533-6,packet_id: 18,delay: 0.3119325637817383
185.2.220.137-10.8.8.138-80-43533-6,packet_id: 19,delay: 0.3305633068084717
185.2.220.137-10.8.8.138-80-43533-6,packet_id: 20,delay: 0.34101104736328125
185.2.220.137-10.8.8.138-80-43533-6,packet_id: 21,delay: 0.3291623592376709
185.2.220.137-10.8.8.138-80-43533-6,packet_id: 22,delay: 0.3317534923553467
185.2.220.137-10.8.8.138-80-43533-6,packet_id: 23,delay: 0.3222389221191406
185.2.220.137-10.8.8.138-80-43533-6,packet_id: 24,delay: 0.33079981803894043
185.2.220.137-10.8.8.138-80-43533-6,packet_id: 25,delay: 0.32137060165405273
185.2.220.137-10.8.8.138-80-43533-6,packet_id: 26,delay: 0.3506786823272705
185.2.220.137-10.8.8.138-80-43533-6,packet_id: 27,delay: 0.32421040534973145
185.2.220.137-10.8.8.138-80-43533-6,packet_id: 28,delay: 0.31828856468200684
185.2.220.137-10.8.8.138-80-43533-6,packet_id: 29,delay: 0.327376127243042
185.2.220.137-10.8.8.138-80-43533-6,packet_id: 30,delay: 0.3354930877685547
185.2.220.137-10.8.8.138-80-43533-6,packet_id: 31,delay: 0.31897640228271484
185.2.220.137-10.8.8.138-80-43533-6,packet_id: 32,delay: 0.3413569927215576
185.2.220.137-10.8.8.138-80-43533-6,packet_id: 33,delay: 0.3297271728515625
185.2.220.137-10.8.8.138-80-43533-6,packet_id: 34,delay: 0.3342766761779785
185.2.220.137-10.8.8.138-80-43533-6,packet_id: 35,delay: 0.3349738121032715
185.2.220.137-10.8.8.138-80-43533-6,packet_id: 36,delay: 0.32773399353027344
185.2.220.137-10.8.8.138-80-43533-6,packet_id: 37,delay: 0.33429837226867676
185.2.220.137-10.8.8.138-80-43533-6,packet_id: 38,delay: 0.3284573554992676
185.2.220.137-10.8.8.138-80-43533-6,packet_id: 39,delay: 0.32462286949157715
185.2.220.137-10.8.8.138-80-43533-6,packet_id: 40,delay: 0.3269622325897217
185.2.220.137-10.8.8.138-80-43533-6,packet_id: 41,delay: 0.3319394588470459
185.2.220.137-10.8.8.138-80-43533-6,packet_id: 42,delay: 0.32427382469177246
185.2.220.137-10.8.8.138-80-43533-6,packet_id: 43,delay: 0.3287992477416992
185.2.220.137-10.8.8.138-80-43533-6,packet_id: 44,delay: 0.3542046546936035
185.2.220.137-10.8.8.138-80-43533-6,packet_id: 45,delay: 0.4068605899810791
185.2.220.137-10.8.8.138-80-43533-6,packet_id: 46,delay: 0.402052640914917
185.2.220.137-10.8.8.138-80-43533-6,packet_id: 47,delay: 0.3819146156311035
185.2.220.137-10.8.8.138-80-43533-6,packet_id: 48,delay: 0.3228123188018799
185.2.220.137-10.8.8.138-80-43533-6,packet_id: 49,delay: 0.3324108123779297
185.2.220.137-10.8.8.138-80-43533-6,packet_id: 50,delay: 0.3562338352203369
185.2.220.137-10.8.8.138-80-43533-6,packet_id: 51,delay: 0.33369946479797363
185.2.220.137-10.8.8.138-80-43533-6,packet_id: 52,delay: 0.3226206302642822
185.2.220.137-10.8.8.138-80-43533-6,packet_id: 53,delay: 0.3290398120880127
185.2.220.137-10.8.8.138-80-43533-6,packet_id: 54,delay: 0.31160497665405273
185.2.220.137-10.8.8.138-80-43533-6,packet_id: 55,delay: 0.32401061058044434
185.2.220.137-10.8.8.138-80-43533-6,packet_id: 56,delay: 0.3152639865875244
185.2.220.137-10.8.8.138-80-43533-6,packet_id: 57,delay: 0.350966215133667
185.2.220.137-10.8.8.138-80-43533-6,packet_id: 58,delay: 0.3244316577911377
185.2.220.137-10.8.8.138-80-43533-6,packet_id: 59,delay: 0.3018486499786377
185.2.220.137-10.8.8.138-80-43533-6,packet_id: 60,delay: 0.318666934967041
185.2.220.137-10.8.8.138-80-43533-6,packet_id: 61,delay: 0.3184082508087158
185.2.220.137-10.8.8.138-80-43533-6,packet_id: 62,delay: 0.3276364803314209
185.2.220.137-10.8.8.138-80-43533-6,packet_id: 63,delay: 0.31751012802124023
185.2.220.137-10.8.8.138-80-43533-6,packet_id: 64,delay: 0.3305368423461914
185.2.220.137-10.8.8.138-80-43533-6,packet_id: 65,delay: 0.34139490127563477
185.2.220.137-10.8.8.138-80-43533-6,packet_id: 66,delay: 0.32546114921569824
185.2.220.137-10.8.8.138-80-43533-6,packet_id: 67,delay: 0.32616329193115234
185.2.220.137-10.8.8.138-80-43533-6,packet_id: 68,delay: 0.3234250545501709
185.2.220.137-10.8.8.138-80-43533-6,packet_id: 69,delay: 0.3429841995239258
185.2.220.137-10.8.8.138-80-43533-6,packet_id: 70,delay: 0.33942675590515137
185.2.220.137-10.8.8.138-80-43533-6,packet_id: 71,delay: 0.33597302436828613
185.2.220.137-10.8.8.138-80-43533-6,packet_id: 72,delay: 0.3506453037261963
185.2.220.137-10.8.8.138-80-43533-6,packet_id: 73,delay: 0.3366560935974121
185.2.220.137-10.8.8.138-80-43533-6,packet_id: 74,delay: 0.3257174491882324
185.2.220.137-10.8.8.138-80-43533-6,packet_id: 75,delay: 0.3488473892211914
185.2.220.137-10.8.8.138-80-43533-6,packet_id: 76,delay: 0.3249542713165283
185.2.220.137-10.8.8.138-80-43533-6,packet_id: 77,delay: 0.32510995864868164
185.2.220.137-10.8.8.138-80-43533-6,packet_id: 78,delay: 0.32853102684020996
185.2.220.137-10.8.8.138-80-43533-6,packet_id: 79,delay: 0.3257629871368408
185.2.220.137-10.8.8.138-80-43533-6,packet_id: 80,delay: 0.33730363845825195
185.2.220.137-10.8.8.138-80-43533-6,packet_id: 81,delay: 0.3201265335083008
185.2.220.137-10.8.8.138-80-43533-6,packet_id: 82,delay: 0.32415270805358887
173.194.196.16-131.202.240.242-465-5492-6,packet_id: 1,delay: 0.6468076705932617
216.58.210.35-10.8.8.178-443-59252-6,packet_id: 1,delay: 0.5089724063873291
131.202.240.87-65.55.2.6-11378-443-6,packet_id: 1,delay: 0.41492486000061035
157.56.52.13-10.8.8.178-40011-56909-6,packet_id: 1,delay: 0.3391578197479248
173.194.196.16-131.202.240.242-465-5524-6,packet_id: 1,delay: 0.6127526760101318
131.202.240.87-68.67.153.40-11386-80-6,packet_id: 1,delay: 0.5728549957275391
10.8.8.138-185.2.220.137-43535-80-6,packet_id: 1,delay: 0.341768741607666
173.194.196.16-131.202.240.242-465-5527-6,packet_id: 1,delay: 0.6219515800476074
10.8.8.178-216.58.210.35-59222-443-6,packet_id: 1,delay: 0.41446495056152344
131.202.240.87-74.125.69.16-10714-993-6,packet_id: 1,delay: 0.31320619583129883
10.8.8.138-208.117.251.116-56550-443-6,packet_id: 1,delay: 0.3473939895629883
10.8.8.138-208.117.251.116-56550-443-6,packet_id: 2,delay: 0.34249401092529297
10.8.8.138-208.117.251.116-56550-443-6,packet_id: 3,delay: 0.36711883544921875
10.8.8.178-216.58.210.35-59252-443-6,packet_id: 1,delay: 0.4048309326171875
131.202.240.87-74.125.69.16-10741-993-6,packet_id: 1,delay: 0.3250868320465088
131.202.240.87-74.125.69.16-10741-993-6,packet_id: 2,delay: 0.3272249698638916
131.202.240.87-74.125.69.16-10741-993-6,packet_id: 3,delay: 0.3170137405395508
10.8.8.178-216.58.210.46-39796-443-6,packet_id: 1,delay: 0.20674920082092285
10.8.8.178-216.58.210.46-39796-443-6,packet_id: 2,delay: 0.18123340606689453
10.8.8.178-216.58.210.46-39796-443-6,packet_id: 3,delay: 0.20262432098388672
10.8.8.178-216.58.210.46-39796-443-6,packet_id: 4,delay: 0.18488812446594238
10.8.8.178-216.58.210.46-39796-443-6,packet_id: 5,delay: 0.19180727005004883
10.8.8.178-216.58.210.46-39796-443-6,packet_id: 6,delay: 0.19200825691223145
10.8.8.138-208.117.251.116-56557-443-6,packet_id: 1,delay: 0.3433668613433838
131.202.240.87-74.125.69.16-10743-993-6,packet_id: 1,delay: 0.32416605949401855
10.8.8.138-208.117.251.116-56568-443-6,packet_id: 1,delay: 0.3659839630126953
131.202.240.87-74.125.134.188-64960-5228-6,packet_id: 1,delay: 0.4140498638153076
10.8.8.138-208.117.251.116-56577-443-6,packet_id: 1,delay: 0.3428664207458496
10.8.8.138-208.117.251.116-56577-443-6,packet_id: 2,delay: 0.3390998840332031
131.202.240.87-74.125.202.16-10773-993-6,packet_id: 1,delay: 0.3453843593597412
131.202.240.87-74.125.202.16-10798-993-6,packet_id: 1,delay: 0.3529372215270996
10.8.8.178-216.58.210.78-44923-443-6,packet_id: 1,delay: 0.381119966506958
10.8.8.178-216.58.210.78-44923-443-6,packet_id: 2,delay: 0.38979315757751465
10.8.8.138-208.117.251.116-56622-443-6,packet_id: 1,delay: 0.3163139820098877
10.8.8.138-208.117.251.116-56622-443-6,packet_id: 2,delay: 0.3213529586791992
131.202.240.87-105.237.177.132-42322-50244-6,packet_id: 1,delay: 0.3275625705718994
131.202.240.87-107.21.103.88-11343-443-6,packet_id: 1,delay: 0.47277116775512695
10.8.8.138-208.117.251.116-56647-443-6,packet_id: 1,delay: 0.34697508811950684
10.8.8.138-208.117.251.116-56647-443-6,packet_id: 2,delay: 0.3476846218109131
131.202.240.87-131.202.240.242-42322-5619-6,packet_id: 1,delay: 0.4369227886199951
131.202.240.87-131.202.240.242-42322-5619-6,packet_id: 2,delay: 0.437619686126709
131.202.240.87-131.202.240.242-42322-5619-6,packet_id: 3,delay: 0.43349790573120117
131.202.240.87-131.202.240.242-42322-5619-6,packet_id: 4,delay: 0.4449613094329834
131.202.240.87-131.202.240.242-42322-5619-6,packet_id: 5,delay: 0.4352574348449707
131.202.240.87-131.202.240.242-42322-5619-6,packet_id: 6,delay: 0.4299142360687256
131.202.240.87-131.202.240.242-42322-5619-6,packet_id: 7,delay: 0.4250674247741699
131.202.240.87-131.202.240.242-42322-5619-6,packet_id: 8,delay: 0.4372749328613281
131.202.240.87-131.202.240.242-42322-5619-6,packet_id: 9,delay: 0.42911291122436523
131.202.240.87-131.202.240.242-42322-5619-6,packet_id: 10,delay: 0.4516880512237549
131.202.240.87-131.202.240.242-42322-5619-6,packet_id: 11,delay: 0.46712255477905273
131.202.240.87-131.202.240.242-42322-5619-6,packet_id: 12,delay: 0.4436650276184082
131.202.240.87-131.202.240.242-42322-5619-6,packet_id: 13,delay: 0.4815239906311035
131.202.240.87-131.202.240.242-42322-5619-6,packet_id: 14,delay: 0.4371509552001953
131.202.240.87-131.202.240.242-42322-5619-6,packet_id: 15,delay: 0.4331493377685547
131.202.240.87-131.202.240.242-42322-5619-6,packet_id: 16,delay: 0.4343445301055908
131.202.240.87-131.202.240.242-42322-5619-6,packet_id: 17,delay: 0.45559263229370117
131.202.240.87-131.202.240.242-42322-5619-6,packet_id: 18,delay: 0.43871116638183594
131.202.240.87-131.202.240.242-42322-5619-6,packet_id: 19,delay: 0.4365825653076172
131.202.240.87-131.202.240.242-42322-5619-6,packet_id: 20,delay: 0.43171262741088867
131.202.240.87-131.202.240.242-42322-5619-6,packet_id: 21,delay: 0.42932844161987305
131.202.240.87-131.202.240.242-42322-5619-6,packet_id: 22,delay: 0.43283557891845703
131.202.240.87-131.202.240.242-42322-5619-6,packet_id: 23,delay: 0.45523715019226074
131.202.240.87-131.202.240.242-42322-5619-6,packet_id: 24,delay: 0.448822021484375
131.202.240.87-131.202.240.242-42322-5619-6,packet_id: 25,delay: 0.4313340187072754
131.202.240.87-131.202.240.242-42322-5619-6,packet_id: 26,delay: 0.4298677444458008
131.202.240.87-131.202.240.242-42322-5619-6,packet_id: 27,delay: 0.44173717498779297
131.202.240.87-131.202.240.242-42322-5619-6,packet_id: 28,delay: 0.45157861709594727
131.202.240.87-131.202.240.242-42322-5619-6,packet_id: 29,delay: 0.4734773635864258
131.202.240.87-131.202.240.242-42322-5619-6,packet_id: 30,delay: 0.47734904289245605
131.202.240.87-131.202.240.242-42322-5619-6,packet_id: 31,delay: 0.5190379619598389
131.202.240.87-131.202.240.242-42322-5619-6,packet_id: 32,delay: 0.510969877243042
131.202.240.87-131.202.240.242-42322-5619-6,packet_id: 33,delay: 0.4846196174621582
131.202.240.87-131.202.240.242-42322-5619-6,packet_id: 34,delay: 0.43973875045776367
131.202.240.87-131.202.240.242-42322-5619-6,packet_id: 35,delay: 0.46949028968811035
131.202.240.87-131.202.240.242-42322-5619-6,packet_id: 36,delay: 0.44894862174987793
131.202.240.87-131.202.240.242-42322-5619-6,packet_id: 37,delay: 0.44045329093933105
131.202.240.87-131.202.240.242-42322-5619-6,packet_id: 38,delay: 0.46651148796081543
10.8.8.138-209.148.205.35-42190-443-6,packet_id: 1,delay: 0.20365333557128906
10.8.8.138-209.148.205.35-42190-443-6,packet_id: 2,delay: 0.19540715217590332
10.8.8.138-209.148.205.35-42190-443-6,packet_id: 3,delay: 0.21718430519104004
10.8.8.138-209.148.205.35-42190-443-6,packet_id: 4,delay: 0.2072758674621582
205.188.12.91-10.8.8.178-443-48911-6,packet_id: 1,delay: 0.3630344867706299
205.188.12.91-131.202.240.87-443-42522-6,packet_id: 1,delay: 0.5100610256195068
199.16.156.201-131.202.240.150-443-37303-6,packet_id: 1,delay: 0.24482154846191406
131.202.240.242-68.67.153.2-5887-80-6,packet_id: 1,delay: 0.3246495723724365
131.202.240.242-69.172.216.55-5957-443-6,packet_id: 1,delay: 0.4374089241027832
131.202.240.242-74.125.193.16-5535-995-6,packet_id: 1,delay: 0.44442152976989746
199.212.24.173-131.202.240.150-443-54334-6,packet_id: 1,delay: 0.2304086685180664
131.202.240.242-131.202.240.87-5619-42322-6,packet_id: 1,delay: 0.46154022216796875
131.202.240.242-131.202.240.87-5619-42322-6,packet_id: 2,delay: 0.47300267219543457
131.202.240.242-131.202.240.87-5619-42322-6,packet_id: 3,delay: 0.46887874603271484
131.202.240.242-131.202.240.87-5619-42322-6,packet_id: 4,delay: 0.472766637802124
131.202.240.242-131.202.240.87-5619-42322-6,packet_id: 5,delay: 0.4625258445739746
131.202.240.242-131.202.240.87-5619-42322-6,packet_id: 6,delay: 0.46182918548583984
131.202.240.242-131.202.240.87-5619-42322-6,packet_id: 7,delay: 0.4669504165649414
131.202.240.242-131.202.240.87-5619-42322-6,packet_id: 8,delay: 0.466785192489624
131.202.240.242-131.202.240.87-5619-42322-6,packet_id: 9,delay: 0.4928467273712158
131.202.240.242-131.202.240.87-5619-42322-6,packet_id: 10,delay: 0.5251750946044922
131.202.240.242-131.202.240.87-5619-42322-6,packet_id: 11,delay: 0.559807538986206
131.202.240.242-131.202.240.87-5619-42322-6,packet_id: 12,delay: 0.547095537185669
131.202.240.242-131.202.240.87-5619-42322-6,packet_id: 13,delay: 0.5246121883392334
131.202.240.242-131.202.240.87-5619-42322-6,packet_id: 14,delay: 0.4709811210632324
131.202.240.242-131.202.240.87-5619-42322-6,packet_id: 15,delay: 0.48783349990844727
131.202.240.242-131.202.240.87-5619-42322-6,packet_id: 16,delay: 0.49267125129699707
131.202.240.242-131.202.240.87-5619-42322-6,packet_id: 17,delay: 0.4738638401031494
131.202.240.242-131.202.240.87-5619-42322-6,packet_id: 18,delay: 0.46713757514953613
131.202.240.242-131.202.240.87-5619-42322-6,packet_id: 19,delay: 0.4876828193664551
131.202.240.242-131.202.240.87-5619-42322-6,packet_id: 20,delay: 0.46767759323120117
131.202.240.242-131.202.240.87-5619-42322-6,packet_id: 21,delay: 0.4632999897003174
131.202.240.242-131.202.240.87-5619-42322-6,packet_id: 22,delay: 0.45038723945617676
131.202.240.242-131.202.240.87-5619-42322-6,packet_id: 23,delay: 0.46977782249450684
131.202.240.242-131.202.240.87-5619-42322-6,packet_id: 24,delay: 0.4558370113372803
131.202.240.242-131.202.240.87-5619-42322-6,packet_id: 25,delay: 0.4733405113220215
131.202.240.242-131.202.240.87-5619-42322-6,packet_id: 26,delay: 0.4597663879394531
131.202.240.242-131.202.240.87-5619-42322-6,packet_id: 27,delay: 0.433380126953125
131.202.240.242-131.202.240.87-5619-42322-6,packet_id: 28,delay: 0.42743849754333496
131.202.240.242-131.202.240.87-5619-42322-6,packet_id: 29,delay: 0.4293980598449707
157.56.126.188-131.202.240.242-443-5589-6,packet_id: 1,delay: 0.3921365737915039
157.56.126.188-131.202.240.242-443-5589-6,packet_id: 2,delay: 0.4266481399536133
157.56.126.188-131.202.240.242-443-5589-6,packet_id: 3,delay: 0.42267632484436035
157.56.126.188-131.202.240.242-443-5589-6,packet_id: 4,delay: 0.3995997905731201
157.56.126.188-131.202.240.242-443-5589-6,packet_id: 5,delay: 0.4130594730377197
157.56.126.188-131.202.240.242-443-5589-6,packet_id: 6,delay: 0.44754719734191895
157.56.126.188-131.202.240.242-443-5589-6,packet_id: 7,delay: 0.4689469337463379
157.56.126.188-131.202.240.242-443-5589-6,packet_id: 8,delay: 0.4760708808898926
157.56.126.188-131.202.240.242-443-5589-6,packet_id: 9,delay: 0.4948570728302002
157.56.126.188-131.202.240.242-443-5589-6,packet_id: 10,delay: 0.4855358600616455
157.56.126.188-131.202.240.242-443-5589-6,packet_id: 11,delay: 0.4358246326446533
157.56.126.188-131.202.240.242-443-5589-6,packet_id: 12,delay: 0.42973995208740234
157.56.126.188-131.202.240.242-443-5589-6,packet_id: 13,delay: 0.4149916172027588
108.175.43.146-131.202.240.150-80-60056-6,packet_id: 1,delay: 0.17866134643554688
108.175.43.146-131.202.240.150-80-60056-6,packet_id: 2,delay: 0.1514449119567871
108.175.43.146-131.202.240.150-80-60056-6,packet_id: 3,delay: 0.19753551483154297
108.175.43.146-131.202.240.150-80-60056-6,packet_id: 4,delay: 0.19303369522094727
108.175.43.146-131.202.240.150-80-60056-6,packet_id: 5,delay: 0.17208027839660645
108.175.43.146-131.202.240.150-80-60056-6,packet_id: 6,delay: 0.23002290725708008
108.175.43.146-131.202.240.150-80-60056-6,packet_id: 7,delay: 0.22382402420043945
108.175.43.146-131.202.240.150-80-60056-6,packet_id: 8,delay: 0.21944904327392578
178.237.17.103-10.8.8.178-443-51318-6,packet_id: 1,delay: 0.5355212688446045
178.237.17.103-10.8.8.178-443-51318-6,packet_id: 2,delay: 0.5351176261901855
178.237.17.103-10.8.8.178-443-51318-6,packet_id: 3,delay: 0.5285890102386475
134.170.19.124-131.202.240.87-443-10864-6,packet_id: 1,delay: 0.39026951789855957
134.170.19.124-131.202.240.87-443-10864-6,packet_id: 2,delay: 0.39891624450683594
134.170.19.124-131.202.240.87-443-10864-6,packet_id: 3,delay: 0.4066290855407715
134.170.19.124-131.202.240.87-443-10864-6,packet_id: 4,delay: 0.46569085121154785
134.170.19.124-131.202.240.87-443-10864-6,packet_id: 5,delay: 0.4538733959197998
134.170.19.124-131.202.240.87-443-10864-6,packet_id: 6,delay: 0.45464086532592773
134.170.19.124-131.202.240.87-443-10864-6,packet_id: 7,delay: 0.4243748188018799
134.170.19.124-131.202.240.87-443-10864-6,packet_id: 8,delay: 0.4023618698120117
134.170.19.124-131.202.240.87-443-10864-6,packet_id: 9,delay: 0.40055084228515625
134.170.19.124-131.202.240.87-443-10864-6,packet_id: 10,delay: 0.3466975688934326
173.194.78.189-10.8.8.130-443-60098-6,packet_id: 1,delay: 0.4326152801513672
173.194.78.189-10.8.8.130-443-60098-6,packet_id: 2,delay: 0.4489748477935791
173.194.78.189-10.8.8.130-443-60098-6,packet_id: 3,delay: 0.4973263740539551
173.194.20.107-131.202.240.150-443-44157-6,packet_id: 1,delay: 0.3299851417541504
173.194.20.107-131.202.240.150-443-44157-6,packet_id: 2,delay: 0.33801984786987305
173.194.20.107-131.202.240.150-443-44157-6,packet_id: 3,delay: 0.3978769779205322
173.194.20.107-131.202.240.150-443-44157-6,packet_id: 4,delay: 0.36799025535583496
173.194.20.107-131.202.240.150-443-44157-6,packet_id: 5,delay: 0.3625926971435547
173.194.20.107-131.202.240.150-443-44157-6,packet_id: 6,delay: 0.3069911003112793
173.194.20.107-131.202.240.150-443-44157-6,packet_id: 7,delay: 0.3129551410675049
173.194.20.107-131.202.240.150-443-44157-6,packet_id: 8,delay: 0.32904911041259766
173.194.20.107-131.202.240.150-443-44157-6,packet_id: 9,delay: 0.2820737361907959
199.212.24.172-131.202.240.150-443-56874-6,packet_id: 1,delay: 0.32604098320007324
199.212.24.172-131.202.240.150-443-56874-6,packet_id: 2,delay: 0.3530864715576172
199.212.24.172-131.202.240.150-443-56874-6,packet_id: 3,delay: 0.39969491958618164
199.212.24.172-131.202.240.150-443-56874-6,packet_id: 4,delay: 0.4100649356842041
199.212.24.172-131.202.240.150-443-56874-6,packet_id: 5,delay: 0.38158345222473145
199.212.24.172-131.202.240.150-443-56874-6,packet_id: 6,delay: 0.33443593978881836
199.212.24.172-131.202.240.150-443-56874-6,packet_id: 7,delay: 0.3236520290374756
199.212.24.172-131.202.240.150-443-56874-6,packet_id: 8,delay: 0.2993452548980713
91.190.216.125-10.8.8.130-12350-38182-6,packet_id: 1,delay: 0.5908377170562744
131.202.240.87-134.170.19.124-10864-443-6,packet_id: 1,delay: 0.3624610900878906
131.202.240.87-134.170.19.124-10864-443-6,packet_id: 2,delay: 0.3579380512237549
131.202.240.87-134.170.19.124-10864-443-6,packet_id: 3,delay: 0.36666297912597656
131.202.240.87-134.170.19.124-10864-443-6,packet_id: 4,delay: 0.35950732231140137
131.202.240.87-134.170.19.124-10864-443-6,packet_id: 5,delay: 0.3647489547729492
131.202.240.87-134.170.19.124-10864-443-6,packet_id: 6,delay: 0.3624610900878906
131.202.240.87-134.170.19.124-10864-443-6,packet_id: 7,delay: 0.36943769454956055
131.202.240.87-134.170.19.124-10864-443-6,packet_id: 8,delay: 0.3660123348236084
131.202.240.87-134.170.19.124-10864-443-6,packet_id: 9,delay: 0.3855421543121338
131.202.240.87-173.194.196.16-10784-465-6,packet_id: 1,delay: 0.6486186981201172
131.202.240.87-173.194.196.16-10790-465-6,packet_id: 1,delay: 0.6413500308990479
131.202.240.242-157.56.126.188-5589-443-6,packet_id: 1,delay: 0.39995837211608887
131.202.240.242-157.56.126.188-5589-443-6,packet_id: 2,delay: 0.40749526023864746
131.202.240.242-157.56.126.188-5589-443-6,packet_id: 3,delay: 0.4117870330810547
131.202.240.242-157.56.126.188-5589-443-6,packet_id: 4,delay: 0.3911585807800293
131.202.240.242-157.56.126.188-5589-443-6,packet_id: 5,delay: 0.42012882232666016
131.202.240.242-157.56.126.188-5589-443-6,packet_id: 6,delay: 0.3987133502960205
131.202.240.242-157.56.126.188-5589-443-6,packet_id: 7,delay: 0.400296688079834
131.202.240.242-157.56.126.188-5589-443-6,packet_id: 8,delay: 0.406296968460083
131.202.240.242-157.56.126.188-5589-443-6,packet_id: 9,delay: 0.37760496139526367
131.202.240.87-173.252.100.27-64842-443-6,packet_id: 1,delay: 0.34535765647888184
131.202.240.87-173.252.100.27-64842-443-6,packet_id: 2,delay: 0.3185417652130127
131.202.240.87-173.252.100.27-64842-443-6,packet_id: 3,delay: 0.32482099533081055
131.202.240.87-173.252.100.27-64842-443-6,packet_id: 4,delay: 0.31607532501220703
131.202.240.87-173.252.100.27-64842-443-6,packet_id: 5,delay: 0.33909010887145996
131.202.240.87-173.252.100.27-64842-443-6,packet_id: 6,delay: 0.3298625946044922
131.202.240.87-178.237.17.103-42530-443-6,packet_id: 1,delay: 0.6644055843353271
131.202.240.87-178.237.17.103-42530-443-6,packet_id: 2,delay: 0.6560096740722656
216.58.210.78-10.8.8.178-443-44923-6,packet_id: 1,delay: 0.3404557704925537
216.58.210.78-10.8.8.178-443-44923-6,packet_id: 2,delay: 0.36830925941467285
216.58.210.78-10.8.8.178-443-44923-6,packet_id: 3,delay: 0.352708101272583
216.58.210.78-10.8.8.178-443-44923-6,packet_id: 4,delay: 0.35721540451049805
131.202.240.87-205.188.12.91-42522-443-6,packet_id: 1,delay: 0.5520575046539307
131.202.240.87-205.188.12.91-42522-443-6,packet_id: 2,delay: 0.5299053192138672
208.117.251.116-10.8.8.138-443-56550-6,packet_id: 1,delay: 0.22973108291625977
208.117.251.116-10.8.8.138-443-56550-6,packet_id: 2,delay: 0.2485213279724121
208.117.251.116-10.8.8.138-443-56550-6,packet_id: 3,delay: 0.2550802230834961
208.117.251.116-10.8.8.138-443-56550-6,packet_id: 4,delay: 0.25453805923461914
208.117.251.116-10.8.8.138-443-56550-6,packet_id: 5,delay: 0.23954057693481445
131.202.240.242-173.194.196.16-5500-465-6,packet_id: 1,delay: 0.6252424716949463
131.202.240.242-173.194.196.16-5529-465-6,packet_id: 1,delay: 0.6216833591461182
131.202.240.87-209.148.205.35-64882-443-6,packet_id: 1,delay: 0.3585498332977295
131.202.240.242-173.252.100.27-32576-443-6,packet_id: 1,delay: 0.3092160224914551
209.148.205.35-10.8.8.138-443-42010-6,packet_id: 1,delay: 0.1277635097503662
209.148.205.35-10.8.8.138-443-42010-6,packet_id: 2,delay: 0.12702131271362305
209.148.205.35-10.8.8.138-443-42010-6,packet_id: 3,delay: 0.13410115242004395
209.148.205.35-10.8.8.138-443-42010-6,packet_id: 4,delay: 0.11220288276672363
209.148.205.35-10.8.8.138-443-42010-6,packet_id: 5,delay: 0.1266491413116455
209.148.205.35-10.8.8.138-443-42010-6,packet_id: 6,delay: 0.12713170051574707
209.148.205.35-10.8.8.138-443-42010-6,packet_id: 7,delay: 0.13324689865112305
209.148.205.35-10.8.8.138-443-42010-6,packet_id: 8,delay: 0.1325676441192627
209.148.205.35-10.8.8.138-443-42010-6,packet_id: 9,delay: 0.1288294792175293
209.148.205.35-10.8.8.138-443-42010-6,packet_id: 10,delay: 0.1352097988128662
131.202.240.242-178.237.18.202-31773-443-6,packet_id: 1,delay: 0.4700338840484619
131.202.240.242-216.58.219.230-5999-443-6,packet_id: 1,delay: 0.3623232841491699
208.117.251.116-10.8.8.138-443-56560-6,packet_id: 1,delay: 0.25254344940185547
208.117.251.116-10.8.8.138-443-56560-6,packet_id: 2,delay: 0.25577235221862793
208.117.251.116-10.8.8.138-443-56560-6,packet_id: 3,delay: 0.24698543548583984
173.194.78.16-10.0.2.15-993-52882-6,packet_id: 1,delay: 0.44416189193725586
108.175.43.161-131.202.240.150-80-57196-6,packet_id: 1,delay: 0.16416072845458984
108.175.43.161-131.202.240.150-80-57196-6,packet_id: 2,delay: 0.16719555854797363
108.175.43.161-131.202.240.150-80-57196-6,packet_id: 3,delay: 0.1743943691253662
108.175.43.161-131.202.240.150-80-57196-6,packet_id: 4,delay: 0.1552751064300537
108.175.43.161-131.202.240.150-80-57196-6,packet_id: 5,delay: 0.18969058990478516
108.175.43.161-131.202.240.150-80-57196-6,packet_id: 6,delay: 0.16779470443725586
108.175.43.161-131.202.240.150-80-57196-6,packet_id: 7,delay: 0.17343616485595703
209.148.205.33-131.202.240.150-80-41146-6,packet_id: 1,delay: 0.3290438652038574
216.58.208.35-10.8.8.178-443-52158-6,packet_id: 1,delay: 0.24636530876159668
216.58.208.35-10.8.8.178-443-52158-6,packet_id: 2,delay: 0.26749086380004883
208.117.251.116-10.8.8.138-443-56577-6,packet_id: 1,delay: 0.2445516586303711
208.117.251.116-10.8.8.138-443-56587-6,packet_id: 1,delay: 0.24872088432312012
173.194.67.189-10.8.8.178-443-57866-6,packet_id: 1,delay: 0.3398613929748535
208.117.251.116-10.8.8.138-443-56597-6,packet_id: 1,delay: 0.24735641479492188
173.194.67.189-10.8.8.178-443-57926-6,packet_id: 1,delay: 0.33945512771606445
173.194.67.189-10.8.8.178-443-57926-6,packet_id: 2,delay: 0.3359830379486084
173.194.67.189-10.8.8.178-443-57926-6,packet_id: 3,delay: 0.345444917678833
173.194.67.189-10.8.8.178-443-57926-6,packet_id: 4,delay: 0.3259859085083008
173.194.67.189-10.8.8.178-443-57926-6,packet_id: 5,delay: 0.3611283302307129
173.194.67.189-10.8.8.178-443-57926-6,packet_id: 6,delay: 0.3218348026275635
173.194.67.189-10.8.8.178-443-57926-6,packet_id: 7,delay: 0.3262944221496582
173.194.67.189-10.8.8.178-443-57926-6,packet_id: 8,delay: 0.34475278854370117
173.194.67.189-10.8.8.178-443-57926-6,packet_id: 9,delay: 0.3292667865753174
64.233.184.16-10.8.8.110-465-37409-6,packet_id: 1,delay: 0.2756054401397705
178.237.18.202-10.8.8.130-443-34342-6,packet_id: 1,delay: 0.4104437828063965
178.237.18.202-10.8.8.130-443-34342-6,packet_id: 2,delay: 0.4069936275482178
178.237.18.202-10.8.8.130-443-34342-6,packet_id: 3,delay: 0.40827393531799316
178.237.18.202-10.8.8.130-443-34342-6,packet_id: 4,delay: 0.41737914085388184
178.237.18.202-10.8.8.130-443-34342-6,packet_id: 5,delay: 0.4096372127532959
178.237.18.202-10.8.8.130-443-34342-6,packet_id: 6,delay: 0.41376733779907227
208.117.251.116-10.8.8.138-443-56603-6,packet_id: 1,delay: 0.24087214469909668
74.125.70.16-131.202.240.242-995-5479-6,packet_id: 1,delay: 0.6297664642333984
2.30.116.54-10.8.8.130-58139-48835-6,packet_id: 1,delay: 0.35989975929260254
2.30.116.54-10.8.8.130-58139-48835-6,packet_id: 2,delay: 0.36141538619995117
2.30.116.54-10.8.8.130-58139-48835-6,packet_id: 3,delay: 0.39144229888916016
2.30.116.54-10.8.8.130-58139-48835-6,packet_id: 4,delay: 0.37008070945739746
2.30.116.54-10.8.8.130-58139-48835-6,packet_id: 5,delay: 0.35817670822143555
64.233.184.16-10.8.8.110-465-37417-6,packet_id: 1,delay: 0.27933478355407715
208.117.251.116-10.8.8.138-443-56605-6,packet_id: 1,delay: 0.2444911003112793
208.117.251.116-10.8.8.138-443-56605-6,packet_id: 2,delay: 0.28131890296936035
64.233.184.16-10.8.8.110-465-37425-6,packet_id: 1,delay: 0.28751635551452637
209.148.205.35-10.8.8.138-443-42190-6,packet_id: 1,delay: 0.13576531410217285
209.148.205.35-10.8.8.138-443-42190-6,packet_id: 2,delay: 0.1241459846496582
209.148.205.35-10.8.8.138-443-42190-6,packet_id: 3,delay: 0.12701129913330078
209.148.205.35-10.8.8.138-443-42190-6,packet_id: 4,delay: 0.12299060821533203
209.148.205.35-10.8.8.138-443-42190-6,packet_id: 5,delay: 0.12334156036376953
209.148.205.35-10.8.8.138-443-42190-6,packet_id: 6,delay: 0.13635659217834473
209.148.205.35-10.8.8.138-443-42190-6,packet_id: 7,delay: 0.12269306182861328
209.148.205.35-10.8.8.138-443-42190-6,packet_id: 8,delay: 0.11892962455749512
209.148.205.35-10.8.8.138-443-42190-6,packet_id: 9,delay: 0.12318658828735352
209.148.205.35-10.8.8.138-443-42190-6,packet_id: 10,delay: 0.11771750450134277
209.148.205.35-10.8.8.138-443-42190-6,packet_id: 11,delay: 0.11204075813293457
209.148.205.35-10.8.8.138-443-42190-6,packet_id: 12,delay: 0.11319279670715332
209.148.205.35-10.8.8.138-443-42190-6,packet_id: 13,delay: 0.12361669540405273
209.148.205.35-10.8.8.138-443-42190-6,packet_id: 14,delay: 0.11866474151611328
209.148.205.35-10.8.8.138-443-42190-6,packet_id: 15,delay: 0.13544273376464844
209.148.205.35-10.8.8.138-443-42190-6,packet_id: 16,delay: 0.09840655326843262
209.148.205.35-10.8.8.138-443-42190-6,packet_id: 17,delay: 0.11541533470153809
209.148.205.35-10.8.8.138-443-42190-6,packet_id: 18,delay: 0.11158370971679688
209.148.205.35-10.8.8.138-443-42190-6,packet_id: 19,delay: 0.11909317970275879
209.148.205.35-10.8.8.138-443-42190-6,packet_id: 20,delay: 0.11026763916015625
209.148.205.35-10.8.8.138-443-42190-6,packet_id: 21,delay: 0.11961698532104492
209.148.205.35-10.8.8.138-443-42190-6,packet_id: 22,delay: 0.10647320747375488
64.233.184.16-10.8.8.110-465-37440-6,packet_id: 1,delay: 0.26862573623657227
208.117.251.116-10.8.8.138-443-56622-6,packet_id: 1,delay: 0.25838255882263184
208.117.251.116-10.8.8.138-443-56622-6,packet_id: 2,delay: 0.24610328674316406
64.233.184.16-10.8.8.234-993-56880-6,packet_id: 1,delay: 0.3351607322692871
64.233.184.16-10.8.8.234-993-56887-6,packet_id: 1,delay: 0.3476583957672119
64.233.184.16-10.8.8.234-993-56887-6,packet_id: 2,delay: 0.33463287353515625
208.117.251.116-10.8.8.138-443-56633-6,packet_id: 1,delay: 0.2416684627532959
208.117.251.116-10.8.8.138-443-56633-6,packet_id: 2,delay: 0.2585408687591553
2.30.116.54-10.8.8.178-58139-43020-6,packet_id: 1,delay: 0.3245847225189209
2.30.116.54-10.8.8.178-58139-43020-6,packet_id: 2,delay: 0.30507898330688477
2.30.116.54-10.8.8.178-58139-43020-6,packet_id: 3,delay: 0.3202238082885742
2.30.116.54-10.8.8.178-58139-43020-6,packet_id: 4,delay: 0.30182623863220215
2.30.116.54-10.8.8.178-58139-43020-6,packet_id: 5,delay: 0.32718801498413086
2.30.116.54-10.8.8.178-58139-43020-6,packet_id: 6,delay: 0.30817127227783203
178.237.18.202-131.202.240.242-443-31773-6,packet_id: 1,delay: 0.4535255432128906
208.117.251.116-10.8.8.138-443-56641-6,packet_id: 1,delay: 0.2327866554260254
209.148.205.35-131.202.240.150-443-56578-6,packet_id: 1,delay: 0.1039726734161377
209.148.205.35-131.202.240.150-443-56578-6,packet_id: 2,delay: 0.08857226371765137
209.148.205.35-131.202.240.150-443-56578-6,packet_id: 3,delay: 0.08066487312316895
209.148.205.35-131.202.240.150-443-56578-6,packet_id: 4,delay: 0.08447051048278809
23.235.40.143-131.202.240.150-443-54394-6,packet_id: 1,delay: 0.3225388526916504
23.235.40.143-131.202.240.150-443-54394-6,packet_id: 2,delay: 0.35454535484313965
23.235.40.143-131.202.240.150-443-54394-6,packet_id: 3,delay: 0.3278193473815918
208.118.125.54-131.202.240.87-49266-42322-6,packet_id: 1,delay: 0.4328877925872803
68.67.153.211-131.202.240.242-443-5932-6,packet_id: 1,delay: 0.39034318923950195
216.58.210.46-10.8.8.178-443-39796-6,packet_id: 1,delay: 0.14723896980285645
216.58.210.46-10.8.8.178-443-39796-6,packet_id: 2,delay: 0.1559610366821289
216.58.210.46-10.8.8.178-443-39796-6,packet_id: 3,delay: 0.14971256256103516
131.202.240.150-23.50.75.27-45724-80-6,packet_id: 1,delay: 0.23927068710327148
199.212.24.174-131.202.240.150-443-43919-6,packet_id: 1,delay: 0.22098636627197266
77.103.197.35-10.8.8.130-47872-52719-6,packet_id: 1,delay: 0.5445747375488281
131.202.240.150-23.235.40.143-54394-443-6,packet_id: 1,delay: 0.40152740478515625
131.202.240.150-23.235.40.143-54394-443-6,packet_id: 2,delay: 0.42496776580810547
131.202.240.150-23.235.40.143-54394-443-6,packet_id: 3,delay: 0.4334070682525635
131.202.240.150-23.235.40.143-54394-443-6,packet_id: 4,delay: 0.40561604499816895
131.202.240.150-23.235.40.143-54394-443-6,packet_id: 5,delay: 0.43438220024108887
209.148.205.41-10.8.8.138-80-57838-6,packet_id: 1,delay: 0.30168890953063965
209.148.205.41-10.8.8.138-443-60124-6,packet_id: 1,delay: 0.31995415687561035
209.148.205.41-10.8.8.138-443-60124-6,packet_id: 2,delay: 0.33499979972839355
209.148.205.41-10.8.8.138-443-60124-6,packet_id: 3,delay: 0.32448863983154297
209.148.205.41-10.8.8.138-443-60124-6,packet_id: 4,delay: 0.3114805221557617
209.148.205.41-10.8.8.138-443-60124-6,packet_id: 5,delay: 0.322282075881958
209.148.205.41-10.8.8.138-443-60124-6,packet_id: 6,delay: 0.29285764694213867
209.148.205.41-10.8.8.138-443-60124-6,packet_id: 7,delay: 0.2983250617980957
209.148.205.41-10.8.8.138-443-60124-6,packet_id: 8,delay: 0.28898096084594727
209.148.205.41-10.8.8.138-443-60124-6,packet_id: 9,delay: 0.31190991401672363
209.148.205.41-10.8.8.138-443-60124-6,packet_id: 10,delay: 0.28897619247436523
216.58.219.230-131.202.240.150-443-35187-6,packet_id: 1,delay: 0.21736478805541992
74.125.202.16-131.202.240.87-993-10798-6,packet_id: 1,delay: 0.33489251136779785
216.58.219.230-131.202.240.242-443-5999-6,packet_id: 1,delay: 0.35613465309143066
216.58.208.37-10.8.8.178-443-51920-6,packet_id: 1,delay: 0.374265193939209
216.58.208.37-10.8.8.178-443-51939-6,packet_id: 1,delay: 0.3570685386657715
131.202.240.150-108.175.39.202-40884-80-6,packet_id: 1,delay: 0.27793288230895996
131.202.240.150-108.175.39.202-40884-80-6,packet_id: 2,delay: 0.2838134765625
131.202.240.150-108.175.39.202-40884-80-6,packet_id: 3,delay: 0.2740447521209717
131.202.240.150-108.175.39.202-40884-80-6,packet_id: 4,delay: 0.27198290824890137
131.202.240.150-108.175.39.202-40884-80-6,packet_id: 5,delay: 0.2895162105560303
131.202.240.150-108.175.39.202-40884-80-6,packet_id: 6,delay: 0.30045056343078613
131.202.240.150-108.175.39.202-40884-80-6,packet_id: 7,delay: 0.289473295211792
131.202.240.150-108.175.39.202-40884-80-6,packet_id: 8,delay: 0.287933349609375
131.202.240.150-108.175.39.202-40884-80-6,packet_id: 9,delay: 0.30405306816101074
131.202.240.150-108.175.39.202-40884-80-6,packet_id: 10,delay: 0.2905428409576416
131.202.240.150-108.175.39.202-40884-80-6,packet_id: 11,delay: 0.2994391918182373
131.202.240.150-108.175.39.202-40884-80-6,packet_id: 12,delay: 0.27271175384521484
131.202.240.150-108.175.39.202-40884-80-6,packet_id: 13,delay: 0.29183030128479004
131.202.240.150-108.175.39.202-40884-80-6,packet_id: 14,delay: 0.2913181781768799
131.202.240.150-108.175.39.202-40884-80-6,packet_id: 15,delay: 0.29961085319519043
131.202.240.150-108.175.39.202-40884-80-6,packet_id: 16,delay: 0.27637505531311035
209.148.205.41-131.202.240.150-443-34177-6,packet_id: 1,delay: 0.28913378715515137
209.148.205.41-131.202.240.150-443-34177-6,packet_id: 2,delay: 0.30928540229797363
209.148.205.41-131.202.240.150-443-34203-6,packet_id: 1,delay: 0.3016793727874756
131.202.240.150-108.175.42.181-58287-80-6,packet_id: 1,delay: 0.19899511337280273
131.202.240.150-108.175.42.181-58287-80-6,packet_id: 2,delay: 0.21100568771362305
131.202.240.150-108.175.42.181-58287-80-6,packet_id: 3,delay: 0.20704245567321777
131.202.240.150-108.175.42.181-58287-80-6,packet_id: 4,delay: 0.21460318565368652
131.202.240.150-108.175.42.181-58287-80-6,packet_id: 5,delay: 0.21324419975280762
131.202.240.150-108.175.42.181-58287-80-6,packet_id: 6,delay: 0.21162009239196777
131.202.240.150-108.175.42.181-58287-80-6,packet_id: 7,delay: 0.20362496376037598
131.202.240.150-108.175.42.181-58287-80-6,packet_id: 8,delay: 0.21481561660766602
131.202.240.150-108.175.42.181-58287-80-6,packet_id: 9,delay: 0.21133756637573242
131.202.240.150-108.175.42.181-58287-80-6,packet_id: 10,delay: 0.20734524726867676
131.202.240.150-108.175.42.181-58287-80-6,packet_id: 11,delay: 0.20791387557983398
216.58.219.238-131.202.240.150-443-48018-6,packet_id: 1,delay: 0.24932408332824707
131.202.240.150-108.175.43.146-60056-80-6,packet_id: 1,delay: 0.1748497486114502
131.202.240.150-108.175.43.146-60056-80-6,packet_id: 2,delay: 0.16681551933288574
131.202.240.150-108.175.43.146-60056-80-6,packet_id: 3,delay: 0.1700608730316162
131.202.240.150-108.175.43.146-60056-80-6,packet_id: 4,delay: 0.1641371250152588
131.202.240.150-108.175.43.146-60056-80-6,packet_id: 5,delay: 0.1827857494354248
131.202.240.150-108.175.43.146-60056-80-6,packet_id: 6,delay: 0.168609619140625
131.202.240.150-108.175.43.146-60056-80-6,packet_id: 7,delay: 0.1605672836303711
131.202.240.150-108.175.43.146-60056-80-6,packet_id: 8,delay: 0.18278765678405762
131.202.240.150-108.175.43.146-60056-80-6,packet_id: 9,delay: 0.17196202278137207
131.202.240.150-108.175.43.146-60056-80-6,packet_id: 10,delay: 0.1751551628112793
131.202.240.150-108.175.43.146-60056-80-6,packet_id: 11,delay: 0.1714184284210205
131.202.240.150-108.175.43.146-60056-80-6,packet_id: 12,delay: 0.16736888885498047
131.202.240.150-108.175.43.146-60056-80-6,packet_id: 13,delay: 0.17524361610412598
131.202.240.150-108.175.43.146-60056-80-6,packet_id: 14,delay: 0.18666410446166992
131.202.240.150-108.175.43.146-60056-80-6,packet_id: 15,delay: 0.19853806495666504
131.202.240.150-108.175.43.146-60056-80-6,packet_id: 16,delay: 0.1628246307373047
131.202.240.150-108.175.43.146-60056-80-6,packet_id: 17,delay: 0.17934560775756836
131.202.240.150-108.175.43.146-60056-80-6,packet_id: 18,delay: 0.1698141098022461
131.202.240.150-108.175.43.146-60056-80-6,packet_id: 19,delay: 0.16854238510131836
216.58.219.206-131.202.240.150-443-59290-6,packet_id: 1,delay: 0.12049007415771484
173.194.123.101-131.202.240.150-443-53805-6,packet_id: 1,delay: 0.1796436309814453
216.58.219.206-131.202.240.150-443-59539-6,packet_id: 1,delay: 0.0892951488494873
216.58.219.206-131.202.240.150-443-59539-6,packet_id: 2,delay: 0.11525130271911621
204.83.155.169-10.0.2.15-32620-54963-6,packet_id: 1,delay: 0.4590580463409424
68.67.176.42-131.202.240.87-443-11439-6,packet_id: 1,delay: 0.4899940490722656
216.58.208.46-10.8.8.110-80-33072-6,packet_id: 1,delay: 0.4712560176849365
74.125.133.16-10.8.8.234-993-51039-6,packet_id: 1,delay: 0.46599507331848145
204.83.155.169-10.0.2.15-32620-55727-6,packet_id: 1,delay: 0.4714028835296631
216.58.208.46-10.8.8.178-443-38243-6,packet_id: 1,delay: 0.3441288471221924
216.58.208.46-10.8.8.178-443-38243-6,packet_id: 2,delay: 0.35407114028930664
216.58.208.46-10.8.8.178-443-38243-6,packet_id: 3,delay: 0.3710660934448242
216.58.208.46-10.8.8.178-443-38243-6,packet_id: 4,delay: 0.3160560131072998
216.58.208.46-10.8.8.178-443-38243-6,packet_id: 5,delay: 0.34169936180114746
216.58.208.46-10.8.8.178-443-38243-6,packet_id: 6,delay: 0.34125328063964844
216.58.208.46-10.8.8.178-443-38243-6,packet_id: 7,delay: 0.34159016609191895
216.58.208.46-10.8.8.178-443-38243-6,packet_id: 8,delay: 0.3479952812194824
74.125.133.16-10.8.8.234-993-51040-6,packet_id: 1,delay: 0.5333223342895508
74.125.133.16-10.8.8.234-993-51055-6,packet_id: 1,delay: 0.5027551651000977
74.125.133.16-10.8.8.234-993-51055-6,packet_id: 2,delay: 0.4861772060394287
74.125.133.16-10.8.8.234-993-51055-6,packet_id: 3,delay: 0.4895439147949219
74.125.133.16-10.8.8.234-993-51055-6,packet_id: 4,delay: 0.49663257598876953
74.125.133.16-10.8.8.234-993-51055-6,packet_id: 5,delay: 0.482344388961792
74.125.133.16-10.8.8.234-993-51055-6,packet_id: 6,delay: 0.49610257148742676
74.125.133.16-10.8.8.234-993-51055-6,packet_id: 7,delay: 0.48217177391052246
74.125.133.16-10.8.8.234-993-51055-6,packet_id: 8,delay: 0.47811102867126465
74.125.133.16-10.8.8.234-993-51055-6,packet_id: 9,delay: 0.49527859687805176
74.125.133.16-10.8.8.234-993-51055-6,packet_id: 10,delay: 0.4900956153869629
74.125.133.16-10.8.8.234-993-51055-6,packet_id: 11,delay: 0.5052883625030518
74.125.133.16-10.8.8.234-993-51055-6,packet_id: 12,delay: 0.5047318935394287
74.125.133.16-10.8.8.234-993-51055-6,packet_id: 13,delay: 0.45701003074645996
74.125.133.16-10.8.8.234-993-51055-6,packet_id: 14,delay: 0.4553959369659424
131.202.240.150-108.175.43.161-57196-80-6,packet_id: 1,delay: 0.16727709770202637
131.202.240.150-108.175.43.161-57196-80-6,packet_id: 2,delay: 0.16428399085998535
131.202.240.150-108.175.43.161-57196-80-6,packet_id: 3,delay: 0.16845202445983887
131.202.240.150-108.175.43.161-57196-80-6,packet_id: 4,delay: 0.1852583885192871
131.202.240.150-108.175.43.161-57196-80-6,packet_id: 5,delay: 0.17392253875732422
131.202.240.150-108.175.43.161-57196-80-6,packet_id: 6,delay: 0.1818990707397461
131.202.240.150-108.175.43.161-57196-80-6,packet_id: 7,delay: 0.15485215187072754
131.202.240.150-108.175.43.161-57196-80-6,packet_id: 8,delay: 0.17020726203918457
131.202.240.150-108.175.43.161-57196-80-6,packet_id: 9,delay: 0.17589926719665527
131.202.240.150-108.175.43.161-57196-80-6,packet_id: 10,delay: 0.1723334789276123
131.202.240.150-108.175.43.161-57196-80-6,packet_id: 11,delay: 0.16007637977600098
131.202.240.150-108.175.43.161-57196-80-6,packet_id: 12,delay: 0.1585993766784668
131.202.240.150-108.175.43.161-57196-80-6,packet_id: 13,delay: 0.18080973625183105
131.202.240.150-108.175.43.161-57196-80-6,packet_id: 14,delay: 0.1557164192199707
131.202.240.150-108.175.43.161-57196-80-6,packet_id: 15,delay: 0.15784502029418945
131.202.240.150-108.175.43.161-57196-80-6,packet_id: 16,delay: 0.16128134727478027
131.202.240.150-108.175.43.161-57196-80-6,packet_id: 17,delay: 0.16423797607421875
216.58.208.46-10.8.8.178-443-38264-6,packet_id: 1,delay: 0.3449273109436035
216.58.208.46-10.8.8.178-443-38264-6,packet_id: 2,delay: 0.3344740867614746
216.58.208.46-10.8.8.178-443-38264-6,packet_id: 3,delay: 0.35889244079589844
216.58.208.46-10.8.8.178-443-38264-6,packet_id: 4,delay: 0.3557870388031006
216.58.208.46-10.8.8.178-443-38264-6,packet_id: 5,delay: 0.3577866554260254
216.58.208.46-10.8.8.178-443-38264-6,packet_id: 6,delay: 0.36359357833862305
216.58.208.46-10.8.8.178-443-38264-6,packet_id: 7,delay: 0.34128737449645996
216.58.208.46-10.8.8.178-443-38264-6,packet_id: 8,delay: 0.3438558578491211
216.58.208.46-10.8.8.178-443-38264-6,packet_id: 9,delay: 0.3580350875854492
216.58.208.46-10.8.8.178-443-38264-6,packet_id: 10,delay: 0.365067720413208
216.58.208.46-10.8.8.178-443-38264-6,packet_id: 11,delay: 0.35359883308410645
216.58.208.46-10.8.8.178-443-38264-6,packet_id: 12,delay: 0.35494279861450195
216.58.208.46-10.8.8.178-443-38264-6,packet_id: 13,delay: 0.3792588710784912
216.58.208.46-10.8.8.178-443-38264-6,packet_id: 14,delay: 0.3609321117401123
74.125.133.16-10.8.8.234-993-51056-6,packet_id: 1,delay: 0.4916341304779053
74.125.133.16-10.8.8.234-993-51056-6,packet_id: 2,delay: 0.5038285255432129
74.125.133.16-10.8.8.234-993-51056-6,packet_id: 3,delay: 0.47705626487731934
74.125.133.16-10.8.8.234-993-51056-6,packet_id: 4,delay: 0.5101711750030518
74.125.133.16-10.8.8.234-993-51056-6,packet_id: 5,delay: 0.49894142150878906
74.125.133.16-10.8.8.234-993-51056-6,packet_id: 6,delay: 0.4901854991912842
74.125.133.16-10.8.8.234-993-51056-6,packet_id: 7,delay: 0.4893527030944824
74.125.133.16-10.8.8.234-993-51056-6,packet_id: 8,delay: 0.48433923721313477
74.125.133.16-10.8.8.234-993-51056-6,packet_id: 9,delay: 0.48410987854003906
74.125.133.16-10.8.8.234-993-51056-6,packet_id: 10,delay: 0.4897613525390625
74.125.133.16-10.8.8.234-993-51056-6,packet_id: 11,delay: 0.5013887882232666
131.202.240.150-173.194.20.107-44157-443-6,packet_id: 1,delay: 0.3314495086669922
131.202.240.150-173.194.20.107-44157-443-6,packet_id: 2,delay: 0.3298614025115967
131.202.240.150-173.194.20.107-44157-443-6,packet_id: 3,delay: 0.3232295513153076
131.202.240.150-173.194.20.107-44157-443-6,packet_id: 4,delay: 0.3337075710296631
131.202.240.150-184.73.252.179-39085-80-6,packet_id: 1,delay: 0.1996004581451416
23.192.162.186-10.8.8.178-443-46884-6,packet_id: 1,delay: 0.17017626762390137
131.202.240.150-199.127.194.212-41858-443-6,packet_id: 1,delay: 0.21430444717407227
38.124.168.119-131.202.240.87-80-65089-6,packet_id: 1,delay: 0.42321157455444336
131.202.240.150-199.212.24.172-56874-443-6,packet_id: 1,delay: 0.3175063133239746
131.202.240.150-199.212.24.172-56874-443-6,packet_id: 2,delay: 0.3107297420501709
131.202.240.150-199.212.24.172-56874-443-6,packet_id: 3,delay: 0.2976264953613281
131.202.240.150-199.212.24.172-56874-443-6,packet_id: 4,delay: 0.3171513080596924
131.202.240.150-199.212.24.172-56874-443-6,packet_id: 5,delay: 0.3086113929748535
131.202.240.150-199.212.24.172-56874-443-6,packet_id: 6,delay: 0.3174276351928711
131.202.240.150-199.212.24.172-56874-443-6,packet_id: 7,delay: 0.3114800453186035
131.202.240.150-199.212.24.172-56874-443-6,packet_id: 8,delay: 0.30480146408081055
131.202.240.150-199.212.24.172-56874-443-6,packet_id: 9,delay: 0.30985093116760254
131.202.240.150-199.212.24.172-56874-443-6,packet_id: 10,delay: 0.2980341911315918
131.202.240.150-199.212.24.172-56874-443-6,packet_id: 11,delay: 0.29798245429992676
131.202.240.150-199.212.24.172-56874-443-6,packet_id: 12,delay: 0.33349108695983887
131.202.240.150-199.212.24.172-56874-443-6,packet_id: 13,delay: 0.32462382316589355
131.202.240.150-199.212.24.172-56874-443-6,packet_id: 14,delay: 0.31961655616760254
131.202.240.150-199.212.24.172-56874-443-6,packet_id: 15,delay: 0.34035181999206543
131.202.240.150-199.212.24.172-56874-443-6,packet_id: 16,delay: 0.32153940200805664
131.202.240.150-199.212.24.172-56874-443-6,packet_id: 17,delay: 0.3212110996246338
131.202.240.150-199.212.24.172-56874-443-6,packet_id: 18,delay: 0.31418538093566895
131.202.240.150-199.212.24.172-56874-443-6,packet_id: 19,delay: 0.3058815002441406
131.202.240.150-199.212.24.172-56874-443-6,packet_id: 20,delay: 0.3104369640350342
131.202.240.150-199.212.24.172-56874-443-6,packet_id: 21,delay: 0.3248603343963623
131.202.240.150-199.212.24.172-56874-443-6,packet_id: 22,delay: 0.3173027038574219
131.202.240.150-199.212.24.172-56874-443-6,packet_id: 23,delay: 0.30979204177856445
131.202.240.150-199.212.24.172-56874-443-6,packet_id: 24,delay: 0.3090817928314209
131.202.240.150-199.212.24.172-56874-443-6,packet_id: 25,delay: 0.3230724334716797
131.202.240.150-199.212.24.172-56874-443-6,packet_id: 26,delay: 0.33378171920776367
131.202.240.150-199.212.24.172-56874-443-6,packet_id: 27,delay: 0.3148155212402344
131.202.240.150-199.212.24.172-56874-443-6,packet_id: 28,delay: 0.3085649013519287
131.202.240.150-199.212.24.172-56874-443-6,packet_id: 29,delay: 0.31630563735961914
131.202.240.150-199.212.24.172-56874-443-6,packet_id: 30,delay: 0.3105018138885498
131.202.240.150-199.212.24.172-56874-443-6,packet_id: 31,delay: 0.3166239261627197
131.202.240.150-199.212.24.172-56874-443-6,packet_id: 32,delay: 0.3274362087249756
173.194.210.188-131.202.240.242-5228-32506-6,packet_id: 1,delay: 0.29256463050842285
216.58.210.14-10.8.8.130-443-45184-6,packet_id: 1,delay: 0.29564619064331055
216.58.210.14-10.8.8.130-443-45184-6,packet_id: 2,delay: 0.28143310546875
216.58.210.14-10.8.8.130-443-45184-6,packet_id: 3,delay: 0.3061234951019287
216.58.210.14-10.8.8.130-443-45184-6,packet_id: 4,delay: 0.29801416397094727
216.58.210.14-10.8.8.130-443-45184-6,packet_id: 5,delay: 0.29681897163391113
216.58.210.14-10.8.8.130-443-45184-6,packet_id: 6,delay: 0.3057112693786621
216.58.210.14-10.8.8.130-443-45184-6,packet_id: 7,delay: 0.29354381561279297
216.58.210.14-10.8.8.130-443-45184-6,packet_id: 8,delay: 0.28749680519104004
216.58.210.14-10.8.8.130-443-45184-6,packet_id: 9,delay: 0.29549479484558105
216.58.210.14-10.8.8.130-443-45184-6,packet_id: 10,delay: 0.28959202766418457
216.58.210.14-10.8.8.130-443-45184-6,packet_id: 11,delay: 0.29751133918762207
216.58.210.14-10.8.8.130-443-45184-6,packet_id: 12,delay: 0.28983306884765625
216.58.210.14-10.8.8.130-443-45184-6,packet_id: 13,delay: 0.31261110305786133
216.58.210.14-10.8.8.130-443-45184-6,packet_id: 14,delay: 0.2895350456237793
216.58.210.14-10.8.8.130-443-45184-6,packet_id: 15,delay: 0.3014106750488281
216.58.210.14-10.8.8.130-443-45184-6,packet_id: 16,delay: 0.2935957908630371
216.58.210.14-10.8.8.130-443-45184-6,packet_id: 17,delay: 0.2526524066925049
216.58.210.14-10.8.8.130-443-45184-6,packet_id: 18,delay: 0.2806107997894287
216.58.210.14-10.8.8.130-443-45184-6,packet_id: 19,delay: 0.29566121101379395
216.58.210.14-10.8.8.130-443-45184-6,packet_id: 20,delay: 0.30054163932800293
74.125.207.16-10.0.2.15-465-42849-6,packet_id: 1,delay: 0.5676014423370361
216.58.210.3-10.8.8.130-443-34918-6,packet_id: 1,delay: 0.4239823818206787
74.125.207.16-10.0.2.15-465-42904-6,packet_id: 1,delay: 0.5727400779724121
216.58.210.3-10.8.8.130-443-34920-6,packet_id: 1,delay: 0.42928314208984375
216.58.210.3-10.8.8.130-443-34920-6,packet_id: 2,delay: 0.42780494689941406
74.125.207.16-10.0.2.15-465-42911-6,packet_id: 1,delay: 0.5559542179107666
74.125.207.16-10.0.2.15-465-42921-6,packet_id: 1,delay: 0.570399284362793
216.58.210.3-10.8.8.130-443-34927-6,packet_id: 1,delay: 0.42467308044433594
216.58.210.3-10.8.8.130-443-34927-6,packet_id: 2,delay: 0.4202859401702881
74.125.207.16-10.0.2.15-465-48940-6,packet_id: 1,delay: 0.5685150623321533
74.125.207.16-10.0.2.15-465-48942-6,packet_id: 1,delay: 0.5553171634674072
74.125.207.16-10.0.2.15-465-48980-6,packet_id: 1,delay: 0.5493073463439941
74.125.207.16-10.0.2.15-465-48995-6,packet_id: 1,delay: 0.5573341846466064
74.125.207.16-10.0.2.15-465-49016-6,packet_id: 1,delay: 0.5608270168304443
74.125.207.16-10.0.2.15-995-51319-6,packet_id: 1,delay: 0.5489542484283447
74.125.207.16-10.0.2.15-995-51323-6,packet_id: 1,delay: 0.5648229122161865
131.202.240.150-199.212.24.173-53736-443-6,packet_id: 1,delay: 0.2411956787109375
131.202.240.150-199.212.24.173-54334-443-6,packet_id: 1,delay: 0.2525794506072998
131.202.240.150-199.212.24.173-54334-443-6,packet_id: 2,delay: 0.23704814910888672
131.202.240.150-199.212.24.173-54334-443-6,packet_id: 3,delay: 0.24986505508422852
131.202.240.150-199.212.24.173-54334-443-6,packet_id: 4,delay: 0.2443253993988037
131.202.240.150-199.212.24.173-54334-443-6,packet_id: 5,delay: 0.2566847801208496
131.202.240.150-199.212.24.173-54334-443-6,packet_id: 6,delay: 0.2494041919708252
131.202.240.150-199.212.24.173-54540-443-6,packet_id: 1,delay: 0.23770880699157715
131.202.240.150-199.212.24.173-54540-443-6,packet_id: 2,delay: 0.2519817352294922
131.202.240.150-199.212.24.173-54540-443-6,packet_id: 3,delay: 0.24115228652954102
131.202.240.150-199.212.24.173-54540-443-6,packet_id: 4,delay: 0.24536633491516113
131.202.240.150-199.212.24.173-54540-443-6,packet_id: 5,delay: 0.2604546546936035
131.202.240.150-199.212.24.173-54540-443-6,packet_id: 6,delay: 0.25533294677734375
131.202.240.150-199.212.24.173-54540-443-6,packet_id: 7,delay: 0.24749159812927246
131.202.240.150-199.212.24.173-54540-443-6,packet_id: 8,delay: 0.23952937126159668
131.202.240.150-199.212.24.173-54540-443-6,packet_id: 9,delay: 0.2586057186126709
131.202.240.150-199.212.24.173-54563-443-6,packet_id: 1,delay: 0.22941803932189941
131.202.240.150-199.212.24.173-54563-443-6,packet_id: 2,delay: 0.2276465892791748
131.202.240.150-199.212.24.173-54563-443-6,packet_id: 3,delay: 0.23944377899169922
131.202.240.150-199.212.24.173-54563-443-6,packet_id: 4,delay: 0.21877551078796387
131.202.240.150-199.212.24.173-54563-443-6,packet_id: 5,delay: 0.22736001014709473
131.202.240.150-199.212.24.173-54563-443-6,packet_id: 6,delay: 0.21114540100097656
131.202.240.150-199.212.24.173-54563-443-6,packet_id: 7,delay: 0.24229693412780762
131.202.240.150-199.212.24.173-54563-443-6,packet_id: 8,delay: 0.22364592552185059
173.252.100.27-10.8.8.178-443-47132-6,packet_id: 1,delay: 0.1983489990234375
173.252.100.27-10.8.8.178-443-47132-6,packet_id: 2,delay: 0.1964435577392578
173.252.100.27-10.8.8.178-443-47132-6,packet_id: 3,delay: 0.18858766555786133
173.252.100.27-10.8.8.178-443-47132-6,packet_id: 4,delay: 0.19971847534179688
173.252.100.27-10.8.8.178-443-47132-6,packet_id: 5,delay: 0.18857026100158691
173.252.100.27-10.8.8.178-443-47132-6,packet_id: 6,delay: 0.18700098991394043
173.252.100.27-10.8.8.178-443-47132-6,packet_id: 7,delay: 0.19254541397094727
173.252.100.27-10.8.8.178-443-47132-6,packet_id: 8,delay: 0.21421551704406738
173.252.100.27-10.8.8.178-443-47132-6,packet_id: 9,delay: 0.2078235149383545
173.252.100.27-10.8.8.178-443-47132-6,packet_id: 10,delay: 0.19661378860473633
173.252.100.27-10.8.8.178-443-47132-6,packet_id: 11,delay: 0.2149040699005127
86.4.212.228-10.8.8.130-59222-59320-6,packet_id: 1,delay: 0.3939502239227295
86.4.212.228-10.8.8.130-59222-59320-6,packet_id: 2,delay: 0.36371421813964844
64.233.183.16-10.0.2.15-993-43558-6,packet_id: 1,delay: 0.5581276416778564
64.233.183.16-10.0.2.15-993-43558-6,packet_id: 2,delay: 0.584475040435791
64.233.183.16-10.0.2.15-993-43558-6,packet_id: 3,delay: 0.5811741352081299
86.4.212.228-10.8.8.178-59222-52449-6,packet_id: 1,delay: 0.34246301651000977
86.4.212.228-10.8.8.178-59222-52449-6,packet_id: 2,delay: 0.3442866802215576
86.4.212.228-10.8.8.178-59222-52449-6,packet_id: 3,delay: 0.33690571784973145
86.4.212.228-10.8.8.178-59222-52449-6,packet_id: 4,delay: 0.3272974491119385
86.4.212.228-10.8.8.178-59222-52449-6,packet_id: 5,delay: 0.34110546112060547
86.4.212.228-10.8.8.178-59222-52449-6,packet_id: 6,delay: 0.33770203590393066
86.4.212.228-10.8.8.178-59222-52449-6,packet_id: 7,delay: 0.3270149230957031
64.233.183.16-10.0.2.15-995-51739-6,packet_id: 1,delay: 0.58780837059021
131.202.240.150-199.212.24.174-43919-443-6,packet_id: 1,delay: 0.19627141952514648
131.202.240.150-199.212.24.174-43919-443-6,packet_id: 2,delay: 0.1847217082977295
131.202.240.150-199.212.24.174-43919-443-6,packet_id: 3,delay: 0.20577263832092285
131.202.240.150-199.212.24.174-43919-443-6,packet_id: 4,delay: 0.19249510765075684
131.202.240.150-199.212.24.175-58587-443-6,packet_id: 1,delay: 0.4056735038757324
173.252.100.27-131.202.240.87-443-64842-6,packet_id: 1,delay: 0.3529031276702881
173.252.100.27-131.202.240.87-443-64842-6,packet_id: 2,delay: 0.3511691093444824
173.252.100.27-131.202.240.87-443-64842-6,packet_id: 3,delay: 0.30530428886413574
173.252.100.27-131.202.240.87-443-64842-6,packet_id: 4,delay: 0.3128232955932617
173.252.100.27-131.202.240.87-443-64842-6,packet_id: 5,delay: 0.3081963062286377
173.252.100.27-131.202.240.87-443-64842-6,packet_id: 6,delay: 0.3365492820739746
173.252.100.27-131.202.240.87-443-64842-6,packet_id: 7,delay: 0.3166689872741699
131.202.240.150-199.212.24.175-58600-443-6,packet_id: 1,delay: 0.3721303939819336
131.202.240.150-199.212.24.175-58600-443-6,packet_id: 2,delay: 0.3653106689453125
131.202.240.150-199.212.24.175-58936-443-6,packet_id: 1,delay: 0.39838743209838867
131.202.240.150-199.212.24.175-58977-443-6,packet_id: 1,delay: 0.40137243270874023
131.202.240.150-209.148.205.16-44144-80-6,packet_id: 1,delay: 0.2810811996459961
131.202.240.150-209.148.205.35-56435-443-6,packet_id: 1,delay: 0.22019052505493164
131.202.240.150-209.148.205.35-56578-443-6,packet_id: 1,delay: 0.21072888374328613
131.202.240.150-209.148.205.35-56578-443-6,packet_id: 2,delay: 0.22170543670654297
131.202.240.150-209.148.205.35-56578-443-6,packet_id: 3,delay: 0.20598888397216797
131.202.240.150-209.148.205.35-56578-443-6,packet_id: 4,delay: 0.21250629425048828
131.202.240.150-209.148.205.35-56578-443-6,packet_id: 5,delay: 0.19838953018188477
173.252.100.27-131.202.240.242-443-32576-6,packet_id: 1,delay: 0.28112292289733887
173.252.100.27-131.202.240.242-443-32576-6,packet_id: 2,delay: 0.262500524520874
131.202.240.150-209.148.205.41-34177-443-6,packet_id: 1,delay: 0.3308119773864746
131.202.240.150-209.148.205.41-34177-443-6,packet_id: 2,delay: 0.31652021408081055
131.202.240.150-209.148.205.41-34177-443-6,packet_id: 3,delay: 0.30939674377441406
131.202.240.150-209.148.205.41-34177-443-6,packet_id: 4,delay: 0.317610502243042
131.202.240.150-209.148.205.41-34177-443-6,packet_id: 5,delay: 0.3244185447692871
131.202.240.150-209.148.205.41-34177-443-6,packet_id: 6,delay: 0.3311176300048828
131.202.240.150-209.148.205.41-34177-443-6,packet_id: 7,delay: 0.32015466690063477
131.202.240.150-209.148.205.41-34203-443-6,packet_id: 1,delay: 0.31235671043395996
131.202.240.150-209.148.205.41-34203-443-6,packet_id: 2,delay: 0.32755303382873535
131.202.240.150-209.148.205.41-34203-443-6,packet_id: 3,delay: 0.33506035804748535
131.202.240.150-209.148.205.41-34203-443-6,packet_id: 4,delay: 0.326676607131958
131.202.240.150-209.148.205.41-34203-443-6,packet_id: 5,delay: 0.3468513488769531
131.202.240.150-209.148.205.41-34203-443-6,packet_id: 6,delay: 0.31977081298828125
131.202.240.150-209.148.205.41-34203-443-6,packet_id: 7,delay: 0.3421766757965088
131.202.240.150-209.148.205.41-34203-443-6,packet_id: 8,delay: 0.32886195182800293
131.202.240.150-209.148.205.41-34203-443-6,packet_id: 9,delay: 0.3406338691711426
131.202.240.150-209.148.205.41-34203-443-6,packet_id: 10,delay: 0.34892749786376953
131.202.240.150-209.148.205.41-34203-443-6,packet_id: 11,delay: 0.33579444885253906
131.202.240.150-209.148.205.41-34203-443-6,packet_id: 12,delay: 0.3300900459289551
131.202.240.150-209.148.205.41-34203-443-6,packet_id: 13,delay: 0.33558225631713867
131.202.240.150-209.148.205.41-34203-443-6,packet_id: 14,delay: 0.3303978443145752
131.202.240.150-209.148.205.41-34203-443-6,packet_id: 15,delay: 0.32185792922973633
131.202.240.150-209.148.205.41-34203-443-6,packet_id: 16,delay: 0.34583330154418945
184.29.105.106-131.202.240.150-80-45466-6,packet_id: 1,delay: 0.15235400199890137
63.245.216.134-10.8.8.178-443-49841-6,packet_id: 1,delay: 0.14527416229248047
24.36.174.173-10.0.2.15-47044-55027-6,packet_id: 1,delay: 0.45018434524536133
69.172.216.55-131.202.240.242-443-5957-6,packet_id: 1,delay: 0.4664793014526367
131.202.240.150-209.148.205.41-43673-80-6,packet_id: 1,delay: 0.3156239986419678
64.233.167.16-10.0.2.15-993-58426-6,packet_id: 1,delay: 0.44228553771972656
64.233.167.16-10.0.2.15-993-58426-6,packet_id: 2,delay: 0.4534800052642822
205.188.12.43-10.8.8.130-443-44917-6,packet_id: 1,delay: 0.23697471618652344
205.188.12.43-10.8.8.130-443-44917-6,packet_id: 2,delay: 0.24984383583068848
205.188.12.43-10.8.8.130-443-44917-6,packet_id: 3,delay: 0.25754404067993164
70.80.25.101-10.0.2.15-64982-38947-6,packet_id: 1,delay: 0.582075834274292
205.188.12.43-131.202.240.242-443-31783-6,packet_id: 1,delay: 0.29555344581604004
74.125.71.16-10.0.2.15-465-51254-6,packet_id: 1,delay: 0.36574840545654297
74.125.71.16-10.8.8.234-993-56529-6,packet_id: 1,delay: 0.26418018341064453
74.125.71.16-10.8.8.234-993-56529-6,packet_id: 2,delay: 0.30164146423339844
74.125.71.16-10.8.8.234-993-56529-6,packet_id: 3,delay: 0.3009357452392578
64.4.23.162-10.0.2.15-40019-46839-6,packet_id: 1,delay: 0.4585590362548828
66.220.156.2-10.8.8.130-443-42513-6,packet_id: 1,delay: 0.2832767963409424
66.220.156.2-10.8.8.130-443-42513-6,packet_id: 2,delay: 0.29166483879089355
66.220.156.2-10.8.8.130-443-42513-6,packet_id: 3,delay: 0.2848470211029053
66.220.156.2-10.8.8.130-443-42513-6,packet_id: 4,delay: 0.286513090133667
66.220.156.2-10.8.8.130-443-42513-6,packet_id: 5,delay: 0.28955674171447754
66.220.156.2-10.8.8.130-443-42513-6,packet_id: 6,delay: 0.29612016677856445
66.220.156.2-10.8.8.130-443-42513-6,packet_id: 7,delay: 0.30437564849853516
66.220.156.2-10.8.8.130-443-42513-6,packet_id: 8,delay: 0.3043994903564453
66.220.156.2-10.8.8.130-443-42513-6,packet_id: 9,delay: 0.30417919158935547
24.156.130.203-10.8.8.138-80-55782-6,packet_id: 1,delay: 0.1602027416229248
24.156.130.203-10.8.8.138-80-55782-6,packet_id: 2,delay: 0.1607205867767334
24.156.130.203-10.8.8.138-80-55782-6,packet_id: 3,delay: 0.1784670352935791
24.156.130.203-10.8.8.138-80-55782-6,packet_id: 4,delay: 0.1621255874633789
24.156.130.203-10.8.8.138-80-55782-6,packet_id: 5,delay: 0.169541597366333
24.156.130.203-10.8.8.138-80-55782-6,packet_id: 6,delay: 0.15982556343078613
24.156.130.203-10.8.8.138-80-55782-6,packet_id: 7,delay: 0.16740131378173828
24.156.130.203-10.8.8.138-80-55782-6,packet_id: 8,delay: 0.17180132865905762
24.156.130.203-10.8.8.138-80-55782-6,packet_id: 9,delay: 0.1639108657836914
24.156.130.203-10.8.8.138-80-55782-6,packet_id: 10,delay: 0.17389512062072754
68.67.153.146-131.202.240.87-443-11327-6,packet_id: 1,delay: 0.3901660442352295
68.67.153.2-131.202.240.242-443-5900-6,packet_id: 1,delay: 0.32805824279785156
74.125.69.16-131.202.240.87-993-10714-6,packet_id: 1,delay: 0.3473174571990967
74.125.69.16-131.202.240.87-993-10714-6,packet_id: 2,delay: 0.3368406295776367
74.125.69.16-131.202.240.87-993-10714-6,packet_id: 3,delay: 0.3564155101776123
74.125.69.16-131.202.240.87-993-10714-6,packet_id: 4,delay: 0.36075806617736816
74.125.69.16-131.202.240.87-993-10714-6,packet_id: 5,delay: 0.326657772064209
74.125.69.16-131.202.240.87-993-10714-6,packet_id: 6,delay: 0.3530402183532715
74.125.69.16-131.202.240.87-993-10714-6,packet_id: 7,delay: 0.3535592555999756
74.125.69.16-131.202.240.87-993-10715-6,packet_id: 1,delay: 0.32994914054870605
74.125.69.16-131.202.240.87-993-10715-6,packet_id: 2,delay: 0.3276090621948242
74.125.69.16-131.202.240.87-993-10715-6,packet_id: 3,delay: 0.36449313163757324
74.125.69.16-131.202.240.87-993-10743-6,packet_id: 1,delay: 0.3575141429901123
Average Packet Delay,0.33420019507408144
