157.56.192.53-10.8.8.130-443-33104-6,packet_id: 1,delay: 0.3578212261199951
157.56.192.53-10.8.8.130-443-33104-6,packet_id: 2,delay: 0.347304105758667
10.8.8.138-24.156.130.203-55782-80-6,packet_id: 1,delay: 0.12961435317993164
10.8.8.138-24.156.130.203-55782-80-6,packet_id: 2,delay: 0.14560365676879883
10.8.8.138-24.156.130.203-55782-80-6,packet_id: 3,delay: 0.13912510871887207
10.8.8.138-24.156.130.203-55782-80-6,packet_id: 4,delay: 0.1419999599456787
173.194.67.16-10.8.8.234-465-37826-6,packet_id: 1,delay: 0.25619077682495117
173.194.67.16-10.8.8.234-465-37857-6,packet_id: 1,delay: 0.2548367977142334
173.194.67.16-10.8.8.234-465-37860-6,packet_id: 1,delay: 0.3099250793457031
173.194.67.16-10.8.8.234-465-37865-6,packet_id: 1,delay: 0.27671098709106445
10.8.8.138-107.22.243.234-35936-443-6,packet_id: 1,delay: 0.24281907081604004
173.194.67.16-10.8.8.234-465-37872-6,packet_id: 1,delay: 0.308943510055542
10.8.8.138-185.2.220.137-43533-80-6,packet_id: 1,delay: 0.3176441192626953
10.8.8.138-185.2.220.137-43533-80-6,packet_id: 2,delay: 0.33016490936279297
10.8.8.138-185.2.220.137-43533-80-6,packet_id: 3,delay: 0.3157532215118408
10.8.8.138-185.2.220.137-43533-80-6,packet_id: 4,delay: 0.3066234588623047
10.8.8.138-185.2.220.137-43533-80-6,packet_id: 5,delay: 0.3264470100402832
10.8.8.138-185.2.220.137-43533-80-6,packet_id: 6,delay: 0.32512378692626953
10.8.8.138-185.2.220.137-43533-80-6,packet_id: 7,delay: 0.32061123847961426
10.8.8.138-185.2.220.137-43533-80-6,packet_id: 8,delay: 0.32256364822387695
10.8.8.138-185.2.220.137-43533-80-6,packet_id: 9,delay: 0.3230438232421875
10.8.8.138-185.2.220.137-43533-80-6,packet_id: 10,delay: 0.31356239318847656
10.8.8.138-185.2.220.137-43533-80-6,packet_id: 11,delay: 0.30856871604919434
10.8.8.138-185.2.220.137-43533-80-6,packet_id: 12,delay: 0.3105661869049072
10.8.8.138-185.2.220.137-43533-80-6,packet_id: 13,delay: 0.3151521682739258
10.8.8.138-185.2.220.137-43533-80-6,packet_id: 14,delay: 0.31117892265319824
10.8.8.138-185.2.220.137-43533-80-6,packet_id: 15,delay: 0.301220178604126
10.8.8.138-185.2.220.137-43533-80-6,packet_id: 16,delay: 0.32030439376831055
10.8.8.138-185.2.220.137-43533-80-6,packet_id: 17,delay: 0.31016993522644043
10.8.8.138-185.2.220.137-43533-80-6,packet_id: 18,delay: 0.3179328441619873
10.8.8.138-185.2.220.137-43533-80-6,packet_id: 19,delay: 0.34465909004211426
10.8.8.138-185.2.220.137-43533-80-6,packet_id: 20,delay: 0.3110485076904297
10.8.8.138-185.2.220.137-43533-80-6,packet_id: 21,delay: 0.307384729385376
10.8.8.138-185.2.220.137-43533-80-6,packet_id: 22,delay: 0.3141958713531494
10.8.8.138-185.2.220.137-43533-80-6,packet_id: 23,delay: 0.3170173168182373
10.8.8.138-185.2.220.137-43533-80-6,packet_id: 24,delay: 0.3134787082672119
10.8.8.138-185.2.220.137-43533-80-6,packet_id: 25,delay: 0.3194921016693115
10.8.8.138-185.2.220.137-43533-80-6,packet_id: 26,delay: 0.30994105339050293
10.8.8.138-185.2.220.137-43533-80-6,packet_id: 27,delay: 0.30264949798583984
10.8.8.138-185.2.220.137-43533-80-6,packet_id: 28,delay: 0.31989479064941406
10.8.8.138-185.2.220.137-43533-80-6,packet_id: 29,delay: 0.30933237075805664
10.8.8.138-185.2.220.137-43533-80-6,packet_id: 30,delay: 0.31998586654663086
10.8.8.138-185.2.220.137-43533-80-6,packet_id: 31,delay: 0.31327152252197266
10.8.8.138-185.2.220.137-43533-80-6,packet_id: 32,delay: 0.31534910202026367
10.8.8.138-185.2.220.137-43533-80-6,packet_id: 33,delay: 0.3106114864349365
10.8.8.138-185.2.220.137-43533-80-6,packet_id: 34,delay: 0.3056516647338867
10.8.8.138-185.2.220.137-43533-80-6,packet_id: 35,delay: 0.32129740715026855
10.8.8.138-185.2.220.137-43533-80-6,packet_id: 36,delay: 0.31611061096191406
10.8.8.138-185.2.220.137-43533-80-6,packet_id: 37,delay: 0.31786036491394043
10.8.8.138-185.2.220.137-43533-80-6,packet_id: 38,delay: 0.32927584648132324
10.8.8.138-185.2.220.137-43533-80-6,packet_id: 39,delay: 0.32196855545043945
10.8.8.138-185.2.220.137-43533-80-6,packet_id: 40,delay: 0.330676794052124
10.8.8.138-185.2.220.137-43533-80-6,packet_id: 41,delay: 0.32443904876708984
10.8.8.138-185.2.220.137-43533-80-6,packet_id: 42,delay: 0.30432820320129395
10.8.8.138-185.2.220.137-43533-80-6,packet_id: 43,delay: 0.31617236137390137
10.8.8.138-185.2.220.137-43533-80-6,packet_id: 44,delay: 0.31392741203308105
10.8.8.138-185.2.220.137-43533-80-6,packet_id: 45,delay: 0.3214855194091797
10.8.8.138-185.2.220.137-43533-80-6,packet_id: 46,delay: 0.3160676956176758
10.8.8.138-185.2.220.137-43533-80-6,packet_id: 47,delay: 0.32111668586730957
10.8.8.138-185.2.220.137-43533-80-6,packet_id: 48,delay: 0.3075730800628662
10.8.8.138-185.2.220.137-43533-80-6,packet_id: 49,delay: 0.30936527252197266
10.8.8.178-2.30.116.54-43020-58139-6,packet_id: 1,delay: 0.23243951797485352
10.8.8.178-2.30.116.54-43020-58139-6,packet_id: 2,delay: 0.24759268760681152
10.8.8.178-2.30.116.54-43020-58139-6,packet_id: 3,delay: 0.2448883056640625
10.8.8.178-2.30.116.54-43020-58139-6,packet_id: 4,delay: 0.2557342052459717
10.8.8.178-2.30.116.54-43020-58139-6,packet_id: 5,delay: 0.25601720809936523
10.8.8.178-2.30.116.54-43020-58139-6,packet_id: 6,delay: 0.26720666885375977
137.117.177.33-10.8.8.178-443-40028-6,packet_id: 1,delay: 0.29231882095336914
10.8.8.110-63.245.216.132-39035-443-6,packet_id: 1,delay: 0.23465776443481445
108.175.42.181-131.202.240.150-80-58287-6,packet_id: 1,delay: 0.17751240730285645
108.175.42.181-131.202.240.150-80-58287-6,packet_id: 2,delay: 0.20627856254577637
108.175.42.181-131.202.240.150-80-58287-6,packet_id: 3,delay: 0.20187091827392578
108.175.42.181-131.202.240.150-80-58287-6,packet_id: 4,delay: 0.22066688537597656
108.175.42.181-131.202.240.150-80-58287-6,packet_id: 5,delay: 0.23349928855895996
10.8.8.110-63.245.216.134-46949-443-6,packet_id: 1,delay: 0.3445422649383545
10.8.8.110-64.233.184.16-37404-465-6,packet_id: 1,delay: 0.2657511234283447
137.116.32.77-10.0.2.15-443-34727-6,packet_id: 1,delay: 0.7120943069458008
10.0.2.15-24.140.134.21-45746-45411-6,packet_id: 1,delay: 0.4885087013244629
10.8.8.110-64.233.184.16-37424-465-6,packet_id: 1,delay: 0.24103617668151855
10.8.8.130-2.30.116.54-48835-58139-6,packet_id: 1,delay: 0.3472476005554199
10.8.8.130-2.30.116.54-48835-58139-6,packet_id: 2,delay: 0.3440721035003662
10.8.8.130-2.30.116.54-48835-58139-6,packet_id: 3,delay: 0.36982178688049316
10.8.8.234-74.125.71.16-56545-993-6,packet_id: 1,delay: 0.2682461738586426
10.8.8.234-74.125.71.16-56545-993-6,packet_id: 2,delay: 0.2756936550140381
10.8.8.110-64.233.184.16-37428-465-6,packet_id: 1,delay: 0.24040460586547852
10.0.2.15-64.233.183.16-43558-993-6,packet_id: 1,delay: 0.6338527202606201
10.0.2.15-64.233.183.16-43558-993-6,packet_id: 2,delay: 0.5835585594177246
10.8.8.110-64.233.184.16-37433-465-6,packet_id: 1,delay: 0.263988733291626
10.8.8.234-74.125.133.16-51040-993-6,packet_id: 1,delay: 0.4540579319000244
10.8.8.178-23.67.255.209-39285-443-6,packet_id: 1,delay: 0.15778493881225586
10.0.2.15-74.125.71.16-51269-465-6,packet_id: 1,delay: 0.3915975093841553
10.8.8.234-74.125.133.16-51055-993-6,packet_id: 1,delay: 0.4442751407623291
10.8.8.234-74.125.133.16-51055-993-6,packet_id: 2,delay: 0.43312668800354004
10.8.8.234-74.125.133.16-51055-993-6,packet_id: 3,delay: 0.43430614471435547
10.8.8.234-74.125.133.16-51055-993-6,packet_id: 4,delay: 0.4468984603881836
10.8.8.234-74.125.133.16-51055-993-6,packet_id: 5,delay: 0.45005249977111816
10.8.8.234-74.125.133.16-51055-993-6,packet_id: 6,delay: 0.4368016719818115
10.8.8.234-74.125.133.16-51055-993-6,packet_id: 7,delay: 0.4683377742767334
10.8.8.234-74.125.133.16-51055-993-6,packet_id: 8,delay: 0.4556145668029785
10.8.8.130-2.101.222.231-34461-9396-6,packet_id: 1,delay: 0.18546676635742188
10.8.8.130-2.101.222.231-34461-9396-6,packet_id: 2,delay: 0.18423748016357422
10.8.8.130-2.101.222.231-34461-9396-6,packet_id: 3,delay: 0.1703932285308838
10.8.8.130-2.101.222.231-34461-9396-6,packet_id: 4,delay: 0.17496061325073242
10.8.8.130-2.101.222.231-34461-9396-6,packet_id: 5,delay: 0.182159423828125
10.8.8.178-23.192.162.186-46878-443-6,packet_id: 1,delay: 0.2112746238708496
10.0.2.15-74.125.207.16-42905-465-6,packet_id: 1,delay: 0.5673708915710449
10.8.8.178-63.245.217.113-38085-443-6,packet_id: 1,delay: 0.1198580265045166
10.0.2.15-74.125.207.16-42924-465-6,packet_id: 1,delay: 0.563338041305542
10.8.8.178-63.245.217.113-38086-443-6,packet_id: 1,delay: 0.11365604400634766
10.0.2.15-74.125.207.16-48993-465-6,packet_id: 1,delay: 0.571399450302124
10.8.8.178-86.4.212.228-52449-59222-6,packet_id: 1,delay: 0.2769505977630615
10.0.2.15-74.125.207.16-49005-465-6,packet_id: 1,delay: 0.5804646015167236
10.8.8.178-134.170.25.26-54269-443-6,packet_id: 1,delay: 0.19868230819702148
10.8.8.178-134.170.25.26-54269-443-6,packet_id: 2,delay: 0.20401525497436523
10.0.2.15-137.116.32.77-34727-443-6,packet_id: 1,delay: 0.7908318042755127
10.8.8.130-66.220.156.2-42513-443-6,packet_id: 1,delay: 0.23126459121704102
10.8.8.130-66.220.156.2-42513-443-6,packet_id: 2,delay: 0.24576830863952637
10.8.8.130-66.220.156.2-42513-443-6,packet_id: 3,delay: 0.2570168972015381
10.8.8.130-66.220.156.2-42513-443-6,packet_id: 4,delay: 0.24269986152648926
10.8.8.130-66.220.156.2-42513-443-6,packet_id: 5,delay: 0.24678373336791992
10.8.8.130-66.220.156.2-42513-443-6,packet_id: 6,delay: 0.24232864379882812
10.8.8.130-66.220.156.2-42513-443-6,packet_id: 7,delay: 0.2378385066986084
10.8.8.130-66.220.156.2-42513-443-6,packet_id: 8,delay: 0.24701547622680664
10.8.8.130-66.220.156.2-42513-443-6,packet_id: 9,delay: 0.26149535179138184
10.8.8.130-66.220.156.2-42513-443-6,packet_id: 10,delay: 0.24182558059692383
10.0.2.15-204.83.155.169-54967-32620-6,packet_id: 1,delay: 0.43276548385620117
10.8.8.178-173.194.67.94-34123-443-6,packet_id: 1,delay: 0.1239156723022461
10.8.8.178-173.194.67.94-34123-443-6,packet_id: 2,delay: 0.10774636268615723
10.0.2.15-216.58.208.46-53913-80-6,packet_id: 1,delay: 0.6430683135986328
10.8.8.234-74.125.133.16-51056-993-6,packet_id: 1,delay: 0.4561653137207031
10.8.8.234-74.125.133.16-51056-993-6,packet_id: 2,delay: 0.4642603397369385
10.8.8.234-74.125.133.16-51056-993-6,packet_id: 3,delay: 0.4364466667175293
10.8.8.234-74.125.133.16-51056-993-6,packet_id: 4,delay: 0.43282485008239746
10.8.8.234-74.125.133.16-51056-993-6,packet_id: 5,delay: 0.4325435161590576
10.8.8.234-74.125.133.16-51056-993-6,packet_id: 6,delay: 0.44880056381225586
10.8.8.234-74.125.133.16-51056-993-6,packet_id: 7,delay: 0.43628382682800293
10.8.8.234-74.125.133.16-51056-993-6,packet_id: 8,delay: 0.424328088760376
10.8.8.178-173.194.67.189-57926-443-6,packet_id: 1,delay: 0.2784905433654785
10.8.8.178-173.194.67.189-57926-443-6,packet_id: 2,delay: 0.2678256034851074
10.8.8.178-173.194.67.189-57926-443-6,packet_id: 3,delay: 0.23288965225219727
10.8.8.178-173.194.67.189-57926-443-6,packet_id: 4,delay: 0.25942277908325195
10.8.8.178-173.194.67.189-57926-443-6,packet_id: 5,delay: 0.2507359981536865
10.8.8.178-173.194.67.189-57926-443-6,packet_id: 6,delay: 0.32204318046569824
10.8.8.178-173.252.100.27-47132-443-6,packet_id: 1,delay: 0.12652087211608887
10.8.8.178-173.252.100.27-47132-443-6,packet_id: 2,delay: 0.1274256706237793
10.8.8.178-173.252.100.27-47132-443-6,packet_id: 3,delay: 0.12023305892944336
10.8.8.178-173.252.100.27-47132-443-6,packet_id: 4,delay: 0.12565827369689941
10.8.8.178-173.252.100.27-47132-443-6,packet_id: 5,delay: 0.1270918846130371
10.8.8.178-173.252.100.27-47132-443-6,packet_id: 6,delay: 0.14077115058898926
10.8.8.130-77.103.197.35-52719-47872-6,packet_id: 1,delay: 0.5263218879699707
10.8.8.130-86.4.212.228-59320-59222-6,packet_id: 1,delay: 0.35411834716796875
10.8.8.130-86.4.212.228-59320-59222-6,packet_id: 2,delay: 0.3356893062591553
10.8.8.130-86.4.212.228-59320-59222-6,packet_id: 3,delay: 0.34810328483581543
10.8.8.130-86.4.212.228-59320-59222-6,packet_id: 4,delay: 0.3611428737640381
10.8.8.234-173.194.67.16-37858-465-6,packet_id: 1,delay: 0.2548859119415283
10.8.8.234-173.194.67.16-37875-465-6,packet_id: 1,delay: 0.2585573196411133
10.8.8.234-173.194.67.16-37877-465-6,packet_id: 1,delay: 0.2755558490753174
10.8.8.234-173.194.67.16-37883-465-6,packet_id: 1,delay: 0.3049600124359131
10.8.8.178-178.237.17.103-51318-443-6,packet_id: 1,delay: 0.4484529495239258
10.8.8.178-178.237.17.103-51318-443-6,packet_id: 2,delay: 0.4553415775299072
10.8.8.178-178.237.17.103-51318-443-6,packet_id: 3,delay: 0.4596266746520996
10.8.8.178-178.237.17.103-51318-443-6,packet_id: 4,delay: 0.45059800148010254
10.8.8.178-178.237.17.103-51318-443-6,packet_id: 5,delay: 0.47098875045776367
10.8.8.130-157.56.192.53-33104-443-6,packet_id: 1,delay: 0.37839841842651367
10.8.8.130-157.56.192.53-33104-443-6,packet_id: 2,delay: 0.35421013832092285
10.8.8.130-157.56.192.53-33104-443-6,packet_id: 3,delay: 0.36611056327819824
199.212.24.175-131.202.240.150-443-58600-6,packet_id: 1,delay: 0.30573248863220215
10.8.8.130-173.194.78.189-60098-443-6,packet_id: 1,delay: 0.36333250999450684
10.8.8.130-173.194.78.189-60098-443-6,packet_id: 2,delay: 0.358994722366333
10.8.8.130-173.194.78.189-60098-443-6,packet_id: 3,delay: 0.35600709915161133
10.8.8.130-173.194.78.189-60098-443-6,packet_id: 4,delay: 0.36301469802856445
10.8.8.130-173.194.78.189-60098-443-6,packet_id: 5,delay: 0.35594868659973145
10.8.8.130-173.194.78.189-60098-443-6,packet_id: 6,delay: 0.3655359745025635
199.212.24.175-131.202.240.150-443-58936-6,packet_id: 1,delay: 0.2898836135864258
173.194.123.124-131.202.240.242-443-5983-6,packet_id: 1,delay: 0.35501599311828613
10.8.8.178-205.188.12.91-48911-443-6,packet_id: 1,delay: 0.27451467514038086
10.8.8.178-216.58.208.35-52205-443-6,packet_id: 1,delay: 0.17770123481750488
10.8.8.178-216.58.208.37-51920-443-6,packet_id: 1,delay: 0.2799961566925049
108.175.39.202-131.202.240.150-80-40884-6,packet_id: 1,delay: 0.2606511116027832
108.175.39.202-131.202.240.150-80-40884-6,packet_id: 2,delay: 0.26329970359802246
10.8.8.178-216.58.208.46-38243-443-6,packet_id: 1,delay: 0.2969212532043457
10.8.8.178-216.58.208.46-38243-443-6,packet_id: 2,delay: 0.2848198413848877
10.8.8.178-216.58.208.46-38243-443-6,packet_id: 3,delay: 0.3301854133605957
10.8.8.178-216.58.208.46-38243-443-6,packet_id: 4,delay: 0.2800009250640869
10.8.8.178-216.58.208.46-38243-443-6,packet_id: 5,delay: 0.28899478912353516
173.194.194.16-10.0.2.15-995-58959-6,packet_id: 1,delay: 0.45537686347961426
10.8.8.130-178.237.18.202-34342-443-6,packet_id: 1,delay: 0.3722968101501465
10.8.8.130-178.237.18.202-34342-443-6,packet_id: 2,delay: 0.3788337707519531
10.8.8.130-178.237.18.202-34342-443-6,packet_id: 3,delay: 0.3807065486907959
131.202.6.26-131.202.240.87-13000-64719-6,packet_id: 1,delay: 0.35715532302856445
131.202.6.26-131.202.240.87-13000-64719-6,packet_id: 2,delay: 0.3213343620300293
131.202.6.26-131.202.240.87-13000-64719-6,packet_id: 3,delay: 0.3805086612701416
131.202.240.87-64.12.27.65-64714-443-6,packet_id: 1,delay: 0.22408223152160645
131.202.240.87-65.55.2.6-11378-443-6,packet_id: 1,delay: 0.360762357711792
10.8.8.130-205.188.12.43-44917-443-6,packet_id: 1,delay: 0.21564745903015137
10.8.8.130-205.188.12.43-44917-443-6,packet_id: 2,delay: 0.2066640853881836
131.202.240.87-68.67.153.40-11386-80-6,packet_id: 1,delay: 0.5174674987792969
10.8.8.178-216.58.208.46-38246-443-6,packet_id: 1,delay: 0.28066015243530273
131.202.240.87-74.125.69.16-10714-993-6,packet_id: 1,delay: 0.30130743980407715
10.8.8.130-216.58.210.3-34920-443-6,packet_id: 1,delay: 0.3787550926208496
10.8.8.130-216.58.210.3-34920-443-6,packet_id: 2,delay: 0.3905975818634033
10.8.8.130-216.58.210.3-34920-443-6,packet_id: 3,delay: 0.3598330020904541
10.8.8.178-216.58.208.46-38264-443-6,packet_id: 1,delay: 0.2884678840637207
10.8.8.178-216.58.208.46-38264-443-6,packet_id: 2,delay: 0.2914752960205078
10.8.8.178-216.58.208.46-38264-443-6,packet_id: 3,delay: 0.27455806732177734
10.8.8.178-216.58.208.46-38264-443-6,packet_id: 4,delay: 0.2930176258087158
131.202.240.87-74.125.69.16-10741-993-6,packet_id: 1,delay: 0.3236992359161377
131.202.240.87-74.125.69.16-10741-993-6,packet_id: 2,delay: 0.32871103286743164
131.202.240.87-74.125.69.16-10741-993-6,packet_id: 3,delay: 0.32059502601623535
10.8.8.130-216.58.210.3-34927-443-6,packet_id: 1,delay: 0.3649611473083496
173.194.196.16-131.202.240.242-465-5488-6,packet_id: 1,delay: 0.5943965911865234
131.202.240.87-74.125.69.16-10743-993-6,packet_id: 1,delay: 0.30499863624572754
216.58.210.35-10.8.8.178-443-59247-6,packet_id: 1,delay: 0.4024360179901123
157.56.52.13-10.0.2.15-40011-34332-6,packet_id: 1,delay: 0.5781495571136475
157.56.52.13-10.0.2.15-40011-34332-6,packet_id: 2,delay: 0.5603735446929932
10.8.8.130-216.58.210.3-34930-443-6,packet_id: 1,delay: 0.3803062438964844
173.194.196.16-131.202.240.242-465-5492-6,packet_id: 1,delay: 0.6504020690917969
142.1.33.2-10.0.2.15-3230-56467-6,packet_id: 1,delay: 0.5482010841369629
10.8.8.178-216.58.210.35-59222-443-6,packet_id: 1,delay: 0.3678889274597168
131.202.240.87-74.125.134.188-64960-5228-6,packet_id: 1,delay: 0.407930850982666
216.58.210.35-10.8.8.178-443-59252-6,packet_id: 1,delay: 0.493480920791626
185.2.220.137-10.8.8.138-80-43533-6,packet_id: 1,delay: 0.3471996784210205
185.2.220.137-10.8.8.138-80-43533-6,packet_id: 2,delay: 0.34963059425354004
185.2.220.137-10.8.8.138-80-43533-6,packet_id: 3,delay: 0.32839465141296387
185.2.220.137-10.8.8.138-80-43533-6,packet_id: 4,delay: 0.32371973991394043
185.2.220.137-10.8.8.138-80-43533-6,packet_id: 5,delay: 0.3194239139556885
185.2.220.137-10.8.8.138-80-43533-6,packet_id: 6,delay: 0.3231978416442871
185.2.220.137-10.8.8.138-80-43533-6,packet_id: 7,delay: 0.312300443649292
185.2.220.137-10.8.8.138-80-43533-6,packet_id: 8,delay: 0.307326078414917
185.2.220.137-10.8.8.138-80-43533-6,packet_id: 9,delay: 0.3123931884765625
185.2.220.137-10.8.8.138-80-43533-6,packet_id: 10,delay: 0.318284273147583
185.2.220.137-10.8.8.138-80-43533-6,packet_id: 11,delay: 0.3258476257324219
185.2.220.137-10.8.8.138-80-43533-6,packet_id: 12,delay: 0.3095552921295166
185.2.220.137-10.8.8.138-80-43533-6,packet_id: 13,delay: 0.3109931945800781
185.2.220.137-10.8.8.138-80-43533-6,packet_id: 14,delay: 0.3086693286895752
185.2.220.137-10.8.8.138-80-43533-6,packet_id: 15,delay: 0.33255457878112793
185.2.220.137-10.8.8.138-80-43533-6,packet_id: 16,delay: 0.3331897258758545
185.2.220.137-10.8.8.138-80-43533-6,packet_id: 17,delay: 0.32100820541381836
185.2.220.137-10.8.8.138-80-43533-6,packet_id: 18,delay: 0.3213355541229248
185.2.220.137-10.8.8.138-80-43533-6,packet_id: 19,delay: 0.30919766426086426
185.2.220.137-10.8.8.138-80-43533-6,packet_id: 20,delay: 0.3009190559387207
185.2.220.137-10.8.8.138-80-43533-6,packet_id: 21,delay: 0.31314873695373535
185.2.220.137-10.8.8.138-80-43533-6,packet_id: 22,delay: 0.3211503028869629
185.2.220.137-10.8.8.138-80-43533-6,packet_id: 23,delay: 0.30332303047180176
185.2.220.137-10.8.8.138-80-43533-6,packet_id: 24,delay: 0.30236005783081055
185.2.220.137-10.8.8.138-80-43533-6,packet_id: 25,delay: 0.29690098762512207
185.2.220.137-10.8.8.138-80-43533-6,packet_id: 26,delay: 0.3001282215118408
185.2.220.137-10.8.8.138-80-43533-6,packet_id: 27,delay: 0.2903757095336914
185.2.220.137-10.8.8.138-80-43533-6,packet_id: 28,delay: 0.31388139724731445
185.2.220.137-10.8.8.138-80-43533-6,packet_id: 29,delay: 0.3282303810119629
185.2.220.137-10.8.8.138-80-43533-6,packet_id: 30,delay: 0.3226776123046875
185.2.220.137-10.8.8.138-80-43533-6,packet_id: 31,delay: 0.3058187961578369
185.2.220.137-10.8.8.138-80-43533-6,packet_id: 32,delay: 0.3081934452056885
185.2.220.137-10.8.8.138-80-43533-6,packet_id: 33,delay: 0.3247711658477783
185.2.220.137-10.8.8.138-80-43533-6,packet_id: 34,delay: 0.3155496120452881
185.2.220.137-10.8.8.138-80-43533-6,packet_id: 35,delay: 0.3045353889465332
185.2.220.137-10.8.8.138-80-43533-6,packet_id: 36,delay: 0.3363466262817383
185.2.220.137-10.8.8.138-80-43533-6,packet_id: 37,delay: 0.34038209915161133
185.2.220.137-10.8.8.138-80-43533-6,packet_id: 38,delay: 0.347797155380249
185.2.220.137-10.8.8.138-80-43533-6,packet_id: 39,delay: 0.36692190170288086
185.2.220.137-10.8.8.138-80-43533-6,packet_id: 40,delay: 0.32768797874450684
185.2.220.137-10.8.8.138-80-43533-6,packet_id: 41,delay: 0.3291788101196289
185.2.220.137-10.8.8.138-80-43533-6,packet_id: 42,delay: 0.3708474636077881
185.2.220.137-10.8.8.138-80-43533-6,packet_id: 43,delay: 0.367403507232666
185.2.220.137-10.8.8.138-80-43533-6,packet_id: 44,delay: 0.33265185356140137
185.2.220.137-10.8.8.138-80-43533-6,packet_id: 45,delay: 0.31632208824157715
185.2.220.137-10.8.8.138-80-43533-6,packet_id: 46,delay: 0.35230207443237305
185.2.220.137-10.8.8.138-80-43533-6,packet_id: 47,delay: 0.33269405364990234
185.2.220.137-10.8.8.138-80-43533-6,packet_id: 48,delay: 0.33171892166137695
185.2.220.137-10.8.8.138-80-43533-6,packet_id: 49,delay: 0.3409550189971924
185.2.220.137-10.8.8.138-80-43533-6,packet_id: 50,delay: 0.3349766731262207
185.2.220.137-10.8.8.138-80-43533-6,packet_id: 51,delay: 0.31996846199035645
185.2.220.137-10.8.8.138-80-43533-6,packet_id: 52,delay: 0.3159780502319336
185.2.220.137-10.8.8.138-80-43533-6,packet_id: 53,delay: 0.30310702323913574
185.2.220.137-10.8.8.138-80-43533-6,packet_id: 54,delay: 0.32317018508911133
185.2.220.137-10.8.8.138-80-43533-6,packet_id: 55,delay: 0.31704020500183105
185.2.220.137-10.8.8.138-80-43533-6,packet_id: 56,delay: 0.32028722763061523
185.2.220.137-10.8.8.138-80-43533-6,packet_id: 57,delay: 0.31111717224121094
185.2.220.137-10.8.8.138-80-43533-6,packet_id: 58,delay: 0.3209657669067383
185.2.220.137-10.8.8.138-80-43533-6,packet_id: 59,delay: 0.31984996795654297
185.2.220.137-10.8.8.138-80-43533-6,packet_id: 60,delay: 0.3186633586883545
185.2.220.137-10.8.8.138-80-43533-6,packet_id: 61,delay: 0.3193035125732422
185.2.220.137-10.8.8.138-80-43533-6,packet_id: 62,delay: 0.31946444511413574
185.2.220.137-10.8.8.138-80-43533-6,packet_id: 63,delay: 0.3364076614379883
185.2.220.137-10.8.8.138-80-43533-6,packet_id: 64,delay: 0.31677770614624023
185.2.220.137-10.8.8.138-80-43533-6,packet_id: 65,delay: 0.3256716728210449
185.2.220.137-10.8.8.138-80-43533-6,packet_id: 66,delay: 0.32418107986450195
185.2.220.137-10.8.8.138-80-43533-6,packet_id: 67,delay: 0.3205749988555908
185.2.220.137-10.8.8.138-80-43533-6,packet_id: 68,delay: 0.3057682514190674
185.2.220.137-10.8.8.138-80-43533-6,packet_id: 69,delay: 0.3288147449493408
185.2.220.137-10.8.8.138-80-43533-6,packet_id: 70,delay: 0.31376075744628906
185.2.220.137-10.8.8.138-80-43533-6,packet_id: 71,delay: 0.33754801750183105
185.2.220.137-10.8.8.138-80-43533-6,packet_id: 72,delay: 0.32114100456237793
185.2.220.137-10.8.8.138-80-43533-6,packet_id: 73,delay: 0.315640926361084
185.2.220.137-10.8.8.138-80-43533-6,packet_id: 74,delay: 0.3211069107055664
185.2.220.137-10.8.8.138-80-43533-6,packet_id: 75,delay: 0.32014989852905273
185.2.220.137-10.8.8.138-80-43533-6,packet_id: 76,delay: 0.2982027530670166
185.2.220.137-10.8.8.138-80-43533-6,packet_id: 77,delay: 0.328960657119751
185.2.220.137-10.8.8.138-80-43533-6,packet_id: 78,delay: 0.3182661533355713
185.2.220.137-10.8.8.138-80-43533-6,packet_id: 79,delay: 0.31154847145080566
185.2.220.137-10.8.8.138-80-43533-6,packet_id: 80,delay: 0.3313002586364746
185.2.220.137-10.8.8.138-80-43533-6,packet_id: 81,delay: 0.3244795799255371
185.2.220.137-10.8.8.138-80-43533-6,packet_id: 82,delay: 0.31663012504577637
10.8.8.130-216.58.210.14-45184-443-6,packet_id: 1,delay: 0.25261831283569336
10.8.8.130-216.58.210.14-45184-443-6,packet_id: 2,delay: 0.2724745273590088
10.8.8.130-216.58.210.14-45184-443-6,packet_id: 3,delay: 0.25862884521484375
10.8.8.130-216.58.210.14-45184-443-6,packet_id: 4,delay: 0.2543141841888428
10.8.8.130-216.58.210.14-45184-443-6,packet_id: 5,delay: 0.24605894088745117
10.8.8.130-216.58.210.14-45184-443-6,packet_id: 6,delay: 0.25038814544677734
10.8.8.130-216.58.210.14-45184-443-6,packet_id: 7,delay: 0.24731087684631348
10.8.8.130-216.58.210.14-45184-443-6,packet_id: 8,delay: 0.2500746250152588
10.8.8.130-216.58.210.14-45184-443-6,packet_id: 9,delay: 0.24259591102600098
10.8.8.130-216.58.210.14-45184-443-6,packet_id: 10,delay: 0.238753080368042
10.8.8.130-216.58.210.14-45184-443-6,packet_id: 11,delay: 0.251359224319458
10.8.8.130-216.58.210.14-45184-443-6,packet_id: 12,delay: 0.23872089385986328
10.8.8.130-216.58.210.14-45184-443-6,packet_id: 13,delay: 0.25206589698791504
10.8.8.130-216.58.210.14-45184-443-6,packet_id: 14,delay: 0.23950982093811035
10.8.8.130-216.58.210.14-45184-443-6,packet_id: 15,delay: 0.2569892406463623
10.8.8.130-216.58.210.14-45184-443-6,packet_id: 16,delay: 0.24410462379455566
10.8.8.178-216.58.210.35-59252-443-6,packet_id: 1,delay: 0.39072608947753906
173.194.196.16-131.202.240.242-465-5524-6,packet_id: 1,delay: 0.610774040222168
131.202.240.87-74.125.202.16-10773-993-6,packet_id: 1,delay: 0.33567333221435547
157.56.52.13-10.8.8.178-40011-56909-6,packet_id: 1,delay: 0.2868335247039795
173.194.196.16-131.202.240.242-465-5527-6,packet_id: 1,delay: 0.596125602722168
10.8.8.178-216.58.210.46-39796-443-6,packet_id: 1,delay: 0.17362093925476074
10.8.8.178-216.58.210.46-39796-443-6,packet_id: 2,delay: 0.08560729026794434
10.8.8.178-216.58.210.46-39796-443-6,packet_id: 3,delay: 0.08047270774841309
10.8.8.178-216.58.210.46-39796-443-6,packet_id: 4,delay: 0.08078122138977051
10.8.8.178-216.58.210.46-39796-443-6,packet_id: 5,delay: 0.0804901123046875
10.8.8.178-216.58.210.46-39796-443-6,packet_id: 6,delay: 0.06952595710754395
131.202.240.87-74.125.202.16-10798-993-6,packet_id: 1,delay: 0.3239574432373047
10.8.8.138-185.2.220.137-43535-80-6,packet_id: 1,delay: 0.3296072483062744
131.202.240.87-105.237.177.132-42322-50244-6,packet_id: 1,delay: 0.32866454124450684
10.8.8.138-208.117.251.116-56550-443-6,packet_id: 1,delay: 0.22181200981140137
10.8.8.138-208.117.251.116-56550-443-6,packet_id: 2,delay: 0.21787381172180176
10.8.8.138-208.117.251.116-56550-443-6,packet_id: 3,delay: 0.21770668029785156
131.202.240.87-107.21.103.88-11343-443-6,packet_id: 1,delay: 0.4416468143463135
131.202.240.87-131.202.240.242-42322-5619-6,packet_id: 1,delay: 0.43390822410583496
131.202.240.87-131.202.240.242-42322-5619-6,packet_id: 2,delay: 0.4350447654724121
131.202.240.87-131.202.240.242-42322-5619-6,packet_id: 3,delay: 0.43081235885620117
131.202.240.87-131.202.240.242-42322-5619-6,packet_id: 4,delay: 0.4408762454986572
131.202.240.87-131.202.240.242-42322-5619-6,packet_id: 5,delay: 0.4482288360595703
131.202.240.87-131.202.240.242-42322-5619-6,packet_id: 6,delay: 0.4497854709625244
131.202.240.87-131.202.240.242-42322-5619-6,packet_id: 7,delay: 0.4412355422973633
131.202.240.87-131.202.240.242-42322-5619-6,packet_id: 8,delay: 0.4160490036010742
131.202.240.87-131.202.240.242-42322-5619-6,packet_id: 9,delay: 0.46634840965270996
131.202.240.87-131.202.240.242-42322-5619-6,packet_id: 10,delay: 0.417865514755249
131.202.240.87-131.202.240.242-42322-5619-6,packet_id: 11,delay: 0.43616795539855957
131.202.240.87-131.202.240.242-42322-5619-6,packet_id: 12,delay: 0.4216454029083252
131.202.240.87-131.202.240.242-42322-5619-6,packet_id: 13,delay: 0.43371033668518066
131.202.240.87-131.202.240.242-42322-5619-6,packet_id: 14,delay: 0.43152284622192383
131.202.240.87-131.202.240.242-42322-5619-6,packet_id: 15,delay: 0.43974947929382324
131.202.240.87-131.202.240.242-42322-5619-6,packet_id: 16,delay: 0.4518754482269287
131.202.240.87-131.202.240.242-42322-5619-6,packet_id: 17,delay: 0.44779276847839355
131.202.240.87-131.202.240.242-42322-5619-6,packet_id: 18,delay: 0.4217054843902588
131.202.240.87-131.202.240.242-42322-5619-6,packet_id: 19,delay: 0.42786264419555664
131.202.240.87-131.202.240.242-42322-5619-6,packet_id: 20,delay: 0.4200863838195801
131.202.240.87-131.202.240.242-42322-5619-6,packet_id: 21,delay: 0.41563963890075684
131.202.240.87-131.202.240.242-42322-5619-6,packet_id: 22,delay: 0.4214653968811035
131.202.240.87-131.202.240.242-42322-5619-6,packet_id: 23,delay: 0.4192652702331543
131.202.240.87-131.202.240.242-42322-5619-6,packet_id: 24,delay: 0.405686616897583
131.202.240.87-131.202.240.242-42322-5619-6,packet_id: 25,delay: 0.4256412982940674
131.202.240.87-131.202.240.242-42322-5619-6,packet_id: 26,delay: 0.4241044521331787
131.202.240.87-131.202.240.242-42322-5619-6,packet_id: 27,delay: 0.4056680202484131
131.202.240.87-131.202.240.242-42322-5619-6,packet_id: 28,delay: 0.4159073829650879
131.202.240.87-131.202.240.242-42322-5619-6,packet_id: 29,delay: 0.4337131977081299
131.202.240.87-131.202.240.242-42322-5619-6,packet_id: 30,delay: 0.4322245121002197
131.202.240.87-131.202.240.242-42322-5619-6,packet_id: 31,delay: 0.4292788505554199
131.202.240.87-131.202.240.242-42322-5619-6,packet_id: 32,delay: 0.42396044731140137
131.202.240.87-131.202.240.242-42322-5619-6,packet_id: 33,delay: 0.4218730926513672
131.202.240.87-131.202.240.242-42322-5619-6,packet_id: 34,delay: 0.45328426361083984
131.202.240.87-131.202.240.242-42322-5619-6,packet_id: 35,delay: 0.4565722942352295
131.202.240.87-131.202.240.242-42322-5619-6,packet_id: 36,delay: 0.4376332759857178
131.202.240.87-131.202.240.242-42322-5619-6,packet_id: 37,delay: 0.4367544651031494
131.202.240.87-131.202.240.242-42322-5619-6,packet_id: 38,delay: 0.4787590503692627
10.8.8.138-208.117.251.116-56557-443-6,packet_id: 1,delay: 0.2938356399536133
10.8.8.138-208.117.251.116-56568-443-6,packet_id: 1,delay: 0.2165830135345459
10.8.8.178-216.58.210.78-44923-443-6,packet_id: 1,delay: 0.37694573402404785
10.8.8.178-216.58.210.78-44923-443-6,packet_id: 2,delay: 0.3240184783935547
10.8.8.138-208.117.251.116-56577-443-6,packet_id: 1,delay: 0.3394653797149658
10.8.8.138-208.117.251.116-56577-443-6,packet_id: 2,delay: 0.32483959197998047
10.8.8.138-208.117.251.116-56622-443-6,packet_id: 1,delay: 0.24168872833251953
10.8.8.138-208.117.251.116-56622-443-6,packet_id: 2,delay: 0.26335787773132324
10.8.8.138-208.117.251.116-56647-443-6,packet_id: 1,delay: 0.34656858444213867
10.8.8.138-208.117.251.116-56647-443-6,packet_id: 2,delay: 0.3285863399505615
10.8.8.138-209.148.205.35-42190-443-6,packet_id: 1,delay: 0.10660815238952637
10.8.8.138-209.148.205.35-42190-443-6,packet_id: 2,delay: 0.10194516181945801
10.8.8.138-209.148.205.35-42190-443-6,packet_id: 3,delay: 0.10072159767150879
10.8.8.138-209.148.205.35-42190-443-6,packet_id: 4,delay: 0.08841371536254883
205.188.12.91-10.8.8.178-443-48911-6,packet_id: 1,delay: 0.2629663944244385
131.202.240.242-68.67.153.2-5887-80-6,packet_id: 1,delay: 0.3041503429412842
205.188.12.91-131.202.240.87-443-42522-6,packet_id: 1,delay: 0.4644629955291748
131.202.240.242-69.172.216.55-5957-443-6,packet_id: 1,delay: 0.4202756881713867
131.202.240.242-74.125.193.16-5535-995-6,packet_id: 1,delay: 0.4043304920196533
199.16.156.201-131.202.240.150-443-37303-6,packet_id: 1,delay: 0.22144508361816406
131.202.240.242-131.202.240.87-5619-42322-6,packet_id: 1,delay: 0.4306032657623291
131.202.240.242-131.202.240.87-5619-42322-6,packet_id: 2,delay: 0.4119870662689209
131.202.240.242-131.202.240.87-5619-42322-6,packet_id: 3,delay: 0.42550230026245117
131.202.240.242-131.202.240.87-5619-42322-6,packet_id: 4,delay: 0.40373754501342773
131.202.240.242-131.202.240.87-5619-42322-6,packet_id: 5,delay: 0.4149324893951416
131.202.240.242-131.202.240.87-5619-42322-6,packet_id: 6,delay: 0.44616246223449707
131.202.240.242-131.202.240.87-5619-42322-6,packet_id: 7,delay: 0.45018696784973145
131.202.240.242-131.202.240.87-5619-42322-6,packet_id: 8,delay: 0.41642022132873535
131.202.240.242-131.202.240.87-5619-42322-6,packet_id: 9,delay: 0.43619823455810547
131.202.240.242-131.202.240.87-5619-42322-6,packet_id: 10,delay: 0.454056978225708
131.202.240.242-131.202.240.87-5619-42322-6,packet_id: 11,delay: 0.4393472671508789
131.202.240.242-131.202.240.87-5619-42322-6,packet_id: 12,delay: 0.44516444206237793
131.202.240.242-131.202.240.87-5619-42322-6,packet_id: 13,delay: 0.47940802574157715
131.202.240.242-131.202.240.87-5619-42322-6,packet_id: 14,delay: 0.43320775032043457
131.202.240.242-131.202.240.87-5619-42322-6,packet_id: 15,delay: 0.4356870651245117
131.202.240.242-131.202.240.87-5619-42322-6,packet_id: 16,delay: 0.44216227531433105
131.202.240.242-131.202.240.87-5619-42322-6,packet_id: 17,delay: 0.43741893768310547
131.202.240.242-131.202.240.87-5619-42322-6,packet_id: 18,delay: 0.43636465072631836
131.202.240.242-131.202.240.87-5619-42322-6,packet_id: 19,delay: 0.43757128715515137
131.202.240.242-131.202.240.87-5619-42322-6,packet_id: 20,delay: 0.43300819396972656
131.202.240.242-131.202.240.87-5619-42322-6,packet_id: 21,delay: 0.4227297306060791
131.202.240.242-131.202.240.87-5619-42322-6,packet_id: 22,delay: 0.42856407165527344
131.202.240.242-131.202.240.87-5619-42322-6,packet_id: 23,delay: 0.41625475883483887
131.202.240.242-131.202.240.87-5619-42322-6,packet_id: 24,delay: 0.4279289245605469
131.202.240.242-131.202.240.87-5619-42322-6,packet_id: 25,delay: 0.4374275207519531
131.202.240.242-131.202.240.87-5619-42322-6,packet_id: 26,delay: 0.44092392921447754
131.202.240.242-131.202.240.87-5619-42322-6,packet_id: 27,delay: 0.434981107711792
131.202.240.242-131.202.240.87-5619-42322-6,packet_id: 28,delay: 0.43831515312194824
131.202.240.242-131.202.240.87-5619-42322-6,packet_id: 29,delay: 0.44473814964294434
108.175.43.146-131.202.240.150-80-60056-6,packet_id: 1,delay: 0.1365206241607666
108.175.43.146-131.202.240.150-80-60056-6,packet_id: 2,delay: 0.13866043090820312
108.175.43.146-131.202.240.150-80-60056-6,packet_id: 3,delay: 0.13019466400146484
108.175.43.146-131.202.240.150-80-60056-6,packet_id: 4,delay: 0.1732637882232666
108.175.43.146-131.202.240.150-80-60056-6,packet_id: 5,delay: 0.11133170127868652
108.175.43.146-131.202.240.150-80-60056-6,packet_id: 6,delay: 0.1389601230621338
108.175.43.146-131.202.240.150-80-60056-6,packet_id: 7,delay: 0.14529895782470703
108.175.43.146-131.202.240.150-80-60056-6,packet_id: 8,delay: 0.15077710151672363
134.170.19.124-131.202.240.87-443-10864-6,packet_id: 1,delay: 0.3378443717956543
134.170.19.124-131.202.240.87-443-10864-6,packet_id: 2,delay: 0.3644702434539795
134.170.19.124-131.202.240.87-443-10864-6,packet_id: 3,delay: 0.36299920082092285
134.170.19.124-131.202.240.87-443-10864-6,packet_id: 4,delay: 0.3564274311065674
134.170.19.124-131.202.240.87-443-10864-6,packet_id: 5,delay: 0.35622644424438477
134.170.19.124-131.202.240.87-443-10864-6,packet_id: 6,delay: 0.36188197135925293
134.170.19.124-131.202.240.87-443-10864-6,packet_id: 7,delay: 0.3477599620819092
134.170.19.124-131.202.240.87-443-10864-6,packet_id: 8,delay: 0.37052035331726074
134.170.19.124-131.202.240.87-443-10864-6,packet_id: 9,delay: 0.37661123275756836
134.170.19.124-131.202.240.87-443-10864-6,packet_id: 10,delay: 0.3391592502593994
199.212.24.173-131.202.240.150-443-54334-6,packet_id: 1,delay: 0.2266080379486084
173.194.78.189-10.8.8.130-443-60098-6,packet_id: 1,delay: 0.37448978424072266
173.194.78.189-10.8.8.130-443-60098-6,packet_id: 2,delay: 0.3601827621459961
173.194.78.189-10.8.8.130-443-60098-6,packet_id: 3,delay: 0.3586771488189697
157.56.126.188-131.202.240.242-443-5589-6,packet_id: 1,delay: 0.40518903732299805
157.56.126.188-131.202.240.242-443-5589-6,packet_id: 2,delay: 0.41402578353881836
157.56.126.188-131.202.240.242-443-5589-6,packet_id: 3,delay: 0.40611958503723145
157.56.126.188-131.202.240.242-443-5589-6,packet_id: 4,delay: 0.43042635917663574
157.56.126.188-131.202.240.242-443-5589-6,packet_id: 5,delay: 0.40079379081726074
157.56.126.188-131.202.240.242-443-5589-6,packet_id: 6,delay: 0.40163302421569824
157.56.126.188-131.202.240.242-443-5589-6,packet_id: 7,delay: 0.3793957233428955
157.56.126.188-131.202.240.242-443-5589-6,packet_id: 8,delay: 0.3997511863708496
157.56.126.188-131.202.240.242-443-5589-6,packet_id: 9,delay: 0.37423110008239746
157.56.126.188-131.202.240.242-443-5589-6,packet_id: 10,delay: 0.40085577964782715
157.56.126.188-131.202.240.242-443-5589-6,packet_id: 11,delay: 0.36872243881225586
157.56.126.188-131.202.240.242-443-5589-6,packet_id: 12,delay: 0.3711581230163574
157.56.126.188-131.202.240.242-443-5589-6,packet_id: 13,delay: 0.3746786117553711
173.194.20.107-131.202.240.150-443-44157-6,packet_id: 1,delay: 0.29143524169921875
173.194.20.107-131.202.240.150-443-44157-6,packet_id: 2,delay: 0.3136422634124756
173.194.20.107-131.202.240.150-443-44157-6,packet_id: 3,delay: 0.36088085174560547
173.194.20.107-131.202.240.150-443-44157-6,packet_id: 4,delay: 0.3114807605743408
173.194.20.107-131.202.240.150-443-44157-6,packet_id: 5,delay: 0.3158285617828369
173.194.20.107-131.202.240.150-443-44157-6,packet_id: 6,delay: 0.298037052154541
173.194.20.107-131.202.240.150-443-44157-6,packet_id: 7,delay: 0.29152345657348633
173.194.20.107-131.202.240.150-443-44157-6,packet_id: 8,delay: 0.2941935062408447
173.194.20.107-131.202.240.150-443-44157-6,packet_id: 9,delay: 0.296004056930542
91.190.216.125-10.8.8.130-12350-38182-6,packet_id: 1,delay: 0.5080139636993408
178.237.17.103-10.8.8.178-443-51318-6,packet_id: 1,delay: 0.4698677062988281
178.237.17.103-10.8.8.178-443-51318-6,packet_id: 2,delay: 0.4432506561279297
178.237.17.103-10.8.8.178-443-51318-6,packet_id: 3,delay: 0.4712231159210205
199.212.24.172-131.202.240.150-443-56874-6,packet_id: 1,delay: 0.338944673538208
199.212.24.172-131.202.240.150-443-56874-6,packet_id: 2,delay: 0.3181436061859131
199.212.24.172-131.202.240.150-443-56874-6,packet_id: 3,delay: 0.32172679901123047
199.212.24.172-131.202.240.150-443-56874-6,packet_id: 4,delay: 0.29880475997924805
199.212.24.172-131.202.240.150-443-56874-6,packet_id: 5,delay: 0.339202880859375
199.212.24.172-131.202.240.150-443-56874-6,packet_id: 6,delay: 0.2711176872253418
199.212.24.172-131.202.240.150-443-56874-6,packet_id: 7,delay: 0.3023226261138916
199.212.24.172-131.202.240.150-443-56874-6,packet_id: 8,delay: 0.31362247467041016
131.202.240.87-134.170.19.124-10864-443-6,packet_id: 1,delay: 0.42464494705200195
131.202.240.87-134.170.19.124-10864-443-6,packet_id: 2,delay: 0.37223339080810547
131.202.240.87-134.170.19.124-10864-443-6,packet_id: 3,delay: 0.3710160255432129
131.202.240.87-134.170.19.124-10864-443-6,packet_id: 4,delay: 0.3560805320739746
131.202.240.87-134.170.19.124-10864-443-6,packet_id: 5,delay: 0.34296417236328125
131.202.240.87-134.170.19.124-10864-443-6,packet_id: 6,delay: 0.3673439025878906
131.202.240.87-134.170.19.124-10864-443-6,packet_id: 7,delay: 0.3719937801361084
131.202.240.87-134.170.19.124-10864-443-6,packet_id: 8,delay: 0.357943058013916
131.202.240.87-134.170.19.124-10864-443-6,packet_id: 9,delay: 0.36850738525390625
131.202.240.87-173.194.196.16-10784-465-6,packet_id: 1,delay: 0.6389780044555664
131.202.240.87-173.194.196.16-10790-465-6,packet_id: 1,delay: 0.624140739440918
131.202.240.87-173.252.100.27-64842-443-6,packet_id: 1,delay: 0.30452656745910645
131.202.240.87-173.252.100.27-64842-443-6,packet_id: 2,delay: 0.3232729434967041
131.202.240.87-173.252.100.27-64842-443-6,packet_id: 3,delay: 0.31659722328186035
131.202.240.87-173.252.100.27-64842-443-6,packet_id: 4,delay: 0.30608201026916504
131.202.240.87-173.252.100.27-64842-443-6,packet_id: 5,delay: 0.31679630279541016
131.202.240.87-173.252.100.27-64842-443-6,packet_id: 6,delay: 0.30655980110168457
131.202.240.242-157.56.126.188-5589-443-6,packet_id: 1,delay: 0.38072657585144043
131.202.240.242-157.56.126.188-5589-443-6,packet_id: 2,delay: 0.38066530227661133
131.202.240.242-157.56.126.188-5589-443-6,packet_id: 3,delay: 0.3888404369354248
131.202.240.242-157.56.126.188-5589-443-6,packet_id: 4,delay: 0.39246559143066406
131.202.240.242-157.56.126.188-5589-443-6,packet_id: 5,delay: 0.41361570358276367
131.202.240.242-157.56.126.188-5589-443-6,packet_id: 6,delay: 0.4081697463989258
131.202.240.242-157.56.126.188-5589-443-6,packet_id: 7,delay: 0.40546083450317383
131.202.240.242-157.56.126.188-5589-443-6,packet_id: 8,delay: 0.39629602432250977
131.202.240.242-157.56.126.188-5589-443-6,packet_id: 9,delay: 0.3906717300415039
131.202.240.87-178.237.17.103-42530-443-6,packet_id: 1,delay: 0.6221013069152832
131.202.240.87-178.237.17.103-42530-443-6,packet_id: 2,delay: 0.6420116424560547
131.202.240.87-205.188.12.91-42522-443-6,packet_id: 1,delay: 0.5310568809509277
131.202.240.87-205.188.12.91-42522-443-6,packet_id: 2,delay: 0.5257110595703125
131.202.240.87-209.148.205.35-64882-443-6,packet_id: 1,delay: 0.25392627716064453
209.148.205.35-10.8.8.138-443-42010-6,packet_id: 1,delay: 0.14317893981933594
209.148.205.35-10.8.8.138-443-42010-6,packet_id: 2,delay: 0.12384295463562012
209.148.205.35-10.8.8.138-443-42010-6,packet_id: 3,delay: 0.11923980712890625
209.148.205.35-10.8.8.138-443-42010-6,packet_id: 4,delay: 0.1241912841796875
209.148.205.35-10.8.8.138-443-42010-6,packet_id: 5,delay: 0.11577343940734863
209.148.205.35-10.8.8.138-443-42010-6,packet_id: 6,delay: 0.11290693283081055
209.148.205.35-10.8.8.138-443-42010-6,packet_id: 7,delay: 0.1100013256072998
209.148.205.35-10.8.8.138-443-42010-6,packet_id: 8,delay: 0.10631680488586426
209.148.205.35-10.8.8.138-443-42010-6,packet_id: 9,delay: 0.12078452110290527
209.148.205.35-10.8.8.138-443-42010-6,packet_id: 10,delay: 0.11782646179199219
216.58.210.78-10.8.8.178-443-44923-6,packet_id: 1,delay: 0.30030131340026855
216.58.210.78-10.8.8.178-443-44923-6,packet_id: 2,delay: 0.28664708137512207
216.58.210.78-10.8.8.178-443-44923-6,packet_id: 3,delay: 0.31222987174987793
216.58.210.78-10.8.8.178-443-44923-6,packet_id: 4,delay: 0.2867569923400879
131.202.240.242-173.194.196.16-5500-465-6,packet_id: 1,delay: 0.5786328315734863
208.117.251.116-10.8.8.138-443-56550-6,packet_id: 1,delay: 0.22257637977600098
208.117.251.116-10.8.8.138-443-56550-6,packet_id: 2,delay: 0.24016523361206055
208.117.251.116-10.8.8.138-443-56550-6,packet_id: 3,delay: 0.23687195777893066
208.117.251.116-10.8.8.138-443-56550-6,packet_id: 4,delay: 0.23582863807678223
208.117.251.116-10.8.8.138-443-56550-6,packet_id: 5,delay: 0.2319962978363037
108.175.43.161-131.202.240.150-80-57196-6,packet_id: 1,delay: 0.14142680168151855
108.175.43.161-131.202.240.150-80-57196-6,packet_id: 2,delay: 0.15808653831481934
108.175.43.161-131.202.240.150-80-57196-6,packet_id: 3,delay: 0.15395879745483398
108.175.43.161-131.202.240.150-80-57196-6,packet_id: 4,delay: 0.15582895278930664
108.175.43.161-131.202.240.150-80-57196-6,packet_id: 5,delay: 0.1364457607269287
108.175.43.161-131.202.240.150-80-57196-6,packet_id: 6,delay: 0.12574243545532227
108.175.43.161-131.202.240.150-80-57196-6,packet_id: 7,delay: 0.13797950744628906
131.202.240.242-173.194.196.16-5529-465-6,packet_id: 1,delay: 0.5896806716918945
131.202.240.242-173.252.100.27-32576-443-6,packet_id: 1,delay: 0.28498339653015137
131.202.240.242-178.237.18.202-31773-443-6,packet_id: 1,delay: 0.42960619926452637
131.202.240.242-216.58.219.230-5999-443-6,packet_id: 1,delay: 0.3238513469696045
208.117.251.116-10.8.8.138-443-56560-6,packet_id: 1,delay: 0.22231674194335938
208.117.251.116-10.8.8.138-443-56560-6,packet_id: 2,delay: 0.2179875373840332
208.117.251.116-10.8.8.138-443-56560-6,packet_id: 3,delay: 0.21918082237243652
173.194.78.16-10.0.2.15-993-52882-6,packet_id: 1,delay: 0.4642338752746582
64.233.184.16-10.8.8.110-465-37409-6,packet_id: 1,delay: 0.27374887466430664
208.117.251.116-10.8.8.138-443-56577-6,packet_id: 1,delay: 0.23589444160461426
209.148.205.33-131.202.240.150-80-41146-6,packet_id: 1,delay: 0.33188319206237793
64.233.184.16-10.8.8.110-465-37417-6,packet_id: 1,delay: 0.2621469497680664
209.148.205.35-10.8.8.138-443-42190-6,packet_id: 1,delay: 0.11091780662536621
209.148.205.35-10.8.8.138-443-42190-6,packet_id: 2,delay: 0.1263132095336914
209.148.205.35-10.8.8.138-443-42190-6,packet_id: 3,delay: 0.10107660293579102
209.148.205.35-10.8.8.138-443-42190-6,packet_id: 4,delay: 0.09896349906921387
209.148.205.35-10.8.8.138-443-42190-6,packet_id: 5,delay: 0.10166621208190918
209.148.205.35-10.8.8.138-443-42190-6,packet_id: 6,delay: 0.09871578216552734
209.148.205.35-10.8.8.138-443-42190-6,packet_id: 7,delay: 0.1041421890258789
209.148.205.35-10.8.8.138-443-42190-6,packet_id: 8,delay: 0.1028141975402832
209.148.205.35-10.8.8.138-443-42190-6,packet_id: 9,delay: 0.09316325187683105
209.148.205.35-10.8.8.138-443-42190-6,packet_id: 10,delay: 0.09263372421264648
209.148.205.35-10.8.8.138-443-42190-6,packet_id: 11,delay: 0.1033782958984375
209.148.205.35-10.8.8.138-443-42190-6,packet_id: 12,delay: 0.10588669776916504
209.148.205.35-10.8.8.138-443-42190-6,packet_id: 13,delay: 0.09954953193664551
209.148.205.35-10.8.8.138-443-42190-6,packet_id: 14,delay: 0.09279036521911621
209.148.205.35-10.8.8.138-443-42190-6,packet_id: 15,delay: 0.0849003791809082
209.148.205.35-10.8.8.138-443-42190-6,packet_id: 16,delay: 0.09328007698059082
209.148.205.35-10.8.8.138-443-42190-6,packet_id: 17,delay: 0.09815287590026855
209.148.205.35-10.8.8.138-443-42190-6,packet_id: 18,delay: 0.0856633186340332
209.148.205.35-10.8.8.138-443-42190-6,packet_id: 19,delay: 0.0767672061920166
209.148.205.35-10.8.8.138-443-42190-6,packet_id: 20,delay: 0.07668209075927734
209.148.205.35-10.8.8.138-443-42190-6,packet_id: 21,delay: 0.0887608528137207
209.148.205.35-10.8.8.138-443-42190-6,packet_id: 22,delay: 0.08084940910339355
208.117.251.116-10.8.8.138-443-56587-6,packet_id: 1,delay: 0.24020743370056152
173.194.67.189-10.8.8.178-443-57866-6,packet_id: 1,delay: 0.2898683547973633
64.233.184.16-10.8.8.110-465-37425-6,packet_id: 1,delay: 0.27855587005615234
208.117.251.116-10.8.8.138-443-56597-6,packet_id: 1,delay: 0.22701096534729004
173.194.67.189-10.8.8.178-443-57926-6,packet_id: 1,delay: 0.3523898124694824
173.194.67.189-10.8.8.178-443-57926-6,packet_id: 2,delay: 0.3393244743347168
173.194.67.189-10.8.8.178-443-57926-6,packet_id: 3,delay: 0.2681581974029541
173.194.67.189-10.8.8.178-443-57926-6,packet_id: 4,delay: 0.2890477180480957
173.194.67.189-10.8.8.178-443-57926-6,packet_id: 5,delay: 0.25091981887817383
173.194.67.189-10.8.8.178-443-57926-6,packet_id: 6,delay: 0.3283505439758301
173.194.67.189-10.8.8.178-443-57926-6,packet_id: 7,delay: 0.27126622200012207
173.194.67.189-10.8.8.178-443-57926-6,packet_id: 8,delay: 0.267916202545166
173.194.67.189-10.8.8.178-443-57926-6,packet_id: 9,delay: 0.27198147773742676
64.233.184.16-10.8.8.110-465-37440-6,packet_id: 1,delay: 0.27431631088256836
208.117.251.116-10.8.8.138-443-56603-6,packet_id: 1,delay: 0.2256298065185547
64.233.184.16-10.8.8.234-993-56880-6,packet_id: 1,delay: 0.3413729667663574
178.237.18.202-10.8.8.130-443-34342-6,packet_id: 1,delay: 0.37023234367370605
178.237.18.202-10.8.8.130-443-34342-6,packet_id: 2,delay: 0.3797934055328369
178.237.18.202-10.8.8.130-443-34342-6,packet_id: 3,delay: 0.3780784606933594
178.237.18.202-10.8.8.130-443-34342-6,packet_id: 4,delay: 0.35564541816711426
178.237.18.202-10.8.8.130-443-34342-6,packet_id: 5,delay: 0.35392189025878906
178.237.18.202-10.8.8.130-443-34342-6,packet_id: 6,delay: 0.36216259002685547
208.117.251.116-10.8.8.138-443-56605-6,packet_id: 1,delay: 0.23968815803527832
208.117.251.116-10.8.8.138-443-56605-6,packet_id: 2,delay: 0.22447848320007324
64.233.184.16-10.8.8.234-993-56887-6,packet_id: 1,delay: 0.29163670539855957
64.233.184.16-10.8.8.234-993-56887-6,packet_id: 2,delay: 0.3138885498046875
2.30.116.54-10.8.8.130-58139-48835-6,packet_id: 1,delay: 0.3191533088684082
2.30.116.54-10.8.8.130-58139-48835-6,packet_id: 2,delay: 0.324324369430542
2.30.116.54-10.8.8.130-58139-48835-6,packet_id: 3,delay: 0.33512163162231445
2.30.116.54-10.8.8.130-58139-48835-6,packet_id: 4,delay: 0.32950377464294434
2.30.116.54-10.8.8.130-58139-48835-6,packet_id: 5,delay: 0.34432339668273926
216.58.208.35-10.8.8.178-443-52158-6,packet_id: 1,delay: 0.20885586738586426
216.58.208.35-10.8.8.178-443-52158-6,packet_id: 2,delay: 0.19188308715820312
74.125.70.16-131.202.240.242-995-5479-6,packet_id: 1,delay: 0.5860514640808105
208.117.251.116-10.8.8.138-443-56622-6,packet_id: 1,delay: 0.25476574897766113
208.117.251.116-10.8.8.138-443-56622-6,packet_id: 2,delay: 0.24636578559875488
208.117.251.116-10.8.8.138-443-56633-6,packet_id: 1,delay: 0.2218763828277588
208.117.251.116-10.8.8.138-443-56633-6,packet_id: 2,delay: 0.22232389450073242
2.30.116.54-10.8.8.178-58139-43020-6,packet_id: 1,delay: 0.26699352264404297
2.30.116.54-10.8.8.178-58139-43020-6,packet_id: 2,delay: 0.2620577812194824
2.30.116.54-10.8.8.178-58139-43020-6,packet_id: 3,delay: 0.230543851852417
2.30.116.54-10.8.8.178-58139-43020-6,packet_id: 4,delay: 0.24209189414978027
2.30.116.54-10.8.8.178-58139-43020-6,packet_id: 5,delay: 0.23432612419128418
2.30.116.54-10.8.8.178-58139-43020-6,packet_id: 6,delay: 0.2346181869506836
178.237.18.202-131.202.240.242-443-31773-6,packet_id: 1,delay: 0.44122934341430664
208.117.251.116-10.8.8.138-443-56641-6,packet_id: 1,delay: 0.23233437538146973
209.148.205.35-131.202.240.150-443-56578-6,packet_id: 1,delay: 0.0928802490234375
209.148.205.35-131.202.240.150-443-56578-6,packet_id: 2,delay: 0.08060026168823242
209.148.205.35-131.202.240.150-443-56578-6,packet_id: 3,delay: 0.08536171913146973
209.148.205.35-131.202.240.150-443-56578-6,packet_id: 4,delay: 0.08044648170471191
23.235.40.143-131.202.240.150-443-54394-6,packet_id: 1,delay: 0.28916144371032715
23.235.40.143-131.202.240.150-443-54394-6,packet_id: 2,delay: 0.2902801036834717
23.235.40.143-131.202.240.150-443-54394-6,packet_id: 3,delay: 0.3063969612121582
208.118.125.54-131.202.240.87-49266-42322-6,packet_id: 1,delay: 0.3767070770263672
216.58.210.46-10.8.8.178-443-39796-6,packet_id: 1,delay: 0.10187530517578125
216.58.210.46-10.8.8.178-443-39796-6,packet_id: 2,delay: 0.08739566802978516
216.58.210.46-10.8.8.178-443-39796-6,packet_id: 3,delay: 0.08725094795227051
131.202.240.150-23.50.75.27-45724-80-6,packet_id: 1,delay: 0.18079733848571777
131.202.240.150-23.235.40.143-54394-443-6,packet_id: 1,delay: 0.33893251419067383
131.202.240.150-23.235.40.143-54394-443-6,packet_id: 2,delay: 0.3514840602874756
131.202.240.150-23.235.40.143-54394-443-6,packet_id: 3,delay: 0.3724703788757324
131.202.240.150-23.235.40.143-54394-443-6,packet_id: 4,delay: 0.3254988193511963
131.202.240.150-23.235.40.143-54394-443-6,packet_id: 5,delay: 0.36742615699768066
74.125.202.16-131.202.240.87-993-10798-6,packet_id: 1,delay: 0.277416467666626
68.67.153.211-131.202.240.242-443-5932-6,packet_id: 1,delay: 0.38854265213012695
209.148.205.41-10.8.8.138-80-57838-6,packet_id: 1,delay: 0.29233741760253906
199.212.24.174-131.202.240.150-443-43919-6,packet_id: 1,delay: 0.17604923248291016
77.103.197.35-10.8.8.130-47872-52719-6,packet_id: 1,delay: 0.532886266708374
216.58.219.230-131.202.240.150-443-35187-6,packet_id: 1,delay: 0.22516536712646484
209.148.205.41-10.8.8.138-443-60124-6,packet_id: 1,delay: 0.30106210708618164
209.148.205.41-10.8.8.138-443-60124-6,packet_id: 2,delay: 0.2994070053100586
209.148.205.41-10.8.8.138-443-60124-6,packet_id: 3,delay: 0.2907564640045166
209.148.205.41-10.8.8.138-443-60124-6,packet_id: 4,delay: 0.27465152740478516
209.148.205.41-10.8.8.138-443-60124-6,packet_id: 5,delay: 0.2787947654724121
209.148.205.41-10.8.8.138-443-60124-6,packet_id: 6,delay: 0.2827296257019043
209.148.205.41-10.8.8.138-443-60124-6,packet_id: 7,delay: 0.2708439826965332
209.148.205.41-10.8.8.138-443-60124-6,packet_id: 8,delay: 0.27886414527893066
209.148.205.41-10.8.8.138-443-60124-6,packet_id: 9,delay: 0.29053544998168945
209.148.205.41-10.8.8.138-443-60124-6,packet_id: 10,delay: 0.27271413803100586
216.58.208.37-10.8.8.178-443-51920-6,packet_id: 1,delay: 0.2915501594543457
216.58.219.230-131.202.240.242-443-5999-6,packet_id: 1,delay: 0.34331464767456055
216.58.208.37-10.8.8.178-443-51939-6,packet_id: 1,delay: 0.31299400329589844
131.202.240.150-108.175.39.202-40884-80-6,packet_id: 1,delay: 0.2719147205352783
131.202.240.150-108.175.39.202-40884-80-6,packet_id: 2,delay: 0.2503786087036133
131.202.240.150-108.175.39.202-40884-80-6,packet_id: 3,delay: 0.27388477325439453
131.202.240.150-108.175.39.202-40884-80-6,packet_id: 4,delay: 0.2618124485015869
131.202.240.150-108.175.39.202-40884-80-6,packet_id: 5,delay: 0.26270365715026855
131.202.240.150-108.175.39.202-40884-80-6,packet_id: 6,delay: 0.2505660057067871
131.202.240.150-108.175.39.202-40884-80-6,packet_id: 7,delay: 0.258558988571167
131.202.240.150-108.175.39.202-40884-80-6,packet_id: 8,delay: 0.25461578369140625
131.202.240.150-108.175.39.202-40884-80-6,packet_id: 9,delay: 0.24529242515563965
131.202.240.150-108.175.39.202-40884-80-6,packet_id: 10,delay: 0.26224184036254883
131.202.240.150-108.175.39.202-40884-80-6,packet_id: 11,delay: 0.255033016204834
131.202.240.150-108.175.39.202-40884-80-6,packet_id: 12,delay: 0.2589709758758545
131.202.240.150-108.175.39.202-40884-80-6,packet_id: 13,delay: 0.2511286735534668
131.202.240.150-108.175.39.202-40884-80-6,packet_id: 14,delay: 0.2547743320465088
131.202.240.150-108.175.39.202-40884-80-6,packet_id: 15,delay: 0.24701976776123047
131.202.240.150-108.175.39.202-40884-80-6,packet_id: 16,delay: 0.2461235523223877
209.148.205.41-131.202.240.150-443-34177-6,packet_id: 1,delay: 0.2855198383331299
209.148.205.41-131.202.240.150-443-34177-6,packet_id: 2,delay: 0.2896616458892822
209.148.205.41-131.202.240.150-443-34203-6,packet_id: 1,delay: 0.2789793014526367
131.202.240.150-108.175.42.181-58287-80-6,packet_id: 1,delay: 0.18940305709838867
131.202.240.150-108.175.42.181-58287-80-6,packet_id: 2,delay: 0.19348978996276855
131.202.240.150-108.175.42.181-58287-80-6,packet_id: 3,delay: 0.19564461708068848
131.202.240.150-108.175.42.181-58287-80-6,packet_id: 4,delay: 0.1930985450744629
131.202.240.150-108.175.42.181-58287-80-6,packet_id: 5,delay: 0.19861054420471191
131.202.240.150-108.175.42.181-58287-80-6,packet_id: 6,delay: 0.18879079818725586
131.202.240.150-108.175.42.181-58287-80-6,packet_id: 7,delay: 0.20090818405151367
131.202.240.150-108.175.42.181-58287-80-6,packet_id: 8,delay: 0.2089402675628662
131.202.240.150-108.175.42.181-58287-80-6,packet_id: 9,delay: 0.20494842529296875
131.202.240.150-108.175.42.181-58287-80-6,packet_id: 10,delay: 0.20516657829284668
131.202.240.150-108.175.42.181-58287-80-6,packet_id: 11,delay: 0.18831229209899902
216.58.219.238-131.202.240.150-443-48018-6,packet_id: 1,delay: 0.23062777519226074
131.202.240.150-108.175.43.146-60056-80-6,packet_id: 1,delay: 0.16018271446228027
131.202.240.150-108.175.43.146-60056-80-6,packet_id: 2,delay: 0.14613604545593262
131.202.240.150-108.175.43.146-60056-80-6,packet_id: 3,delay: 0.12093329429626465
131.202.240.150-108.175.43.146-60056-80-6,packet_id: 4,delay: 0.14659428596496582
131.202.240.150-108.175.43.146-60056-80-6,packet_id: 5,delay: 0.13481426239013672
131.202.240.150-108.175.43.146-60056-80-6,packet_id: 6,delay: 0.14229202270507812
131.202.240.150-108.175.43.146-60056-80-6,packet_id: 7,delay: 0.13386845588684082
131.202.240.150-108.175.43.146-60056-80-6,packet_id: 8,delay: 0.13387608528137207
131.202.240.150-108.175.43.146-60056-80-6,packet_id: 9,delay: 0.1616225242614746
131.202.240.150-108.175.43.146-60056-80-6,packet_id: 10,delay: 0.1300792694091797
131.202.240.150-108.175.43.146-60056-80-6,packet_id: 11,delay: 0.14308738708496094
131.202.240.150-108.175.43.146-60056-80-6,packet_id: 12,delay: 0.1339113712310791
131.202.240.150-108.175.43.146-60056-80-6,packet_id: 13,delay: 0.14218854904174805
131.202.240.150-108.175.43.146-60056-80-6,packet_id: 14,delay: 0.13919329643249512
131.202.240.150-108.175.43.146-60056-80-6,packet_id: 15,delay: 0.14249968528747559
131.202.240.150-108.175.43.146-60056-80-6,packet_id: 16,delay: 0.17005157470703125
131.202.240.150-108.175.43.146-60056-80-6,packet_id: 17,delay: 0.14211773872375488
131.202.240.150-108.175.43.146-60056-80-6,packet_id: 18,delay: 0.13380742073059082
131.202.240.150-108.175.43.146-60056-80-6,packet_id: 19,delay: 0.14739227294921875
216.58.208.46-10.8.8.110-80-33072-6,packet_id: 1,delay: 0.4210045337677002
74.125.133.16-10.8.8.234-993-51039-6,packet_id: 1,delay: 0.4559760093688965
216.58.208.46-10.8.8.178-443-38243-6,packet_id: 1,delay: 0.26688289642333984
216.58.208.46-10.8.8.178-443-38243-6,packet_id: 2,delay: 0.3678743839263916
216.58.208.46-10.8.8.178-443-38243-6,packet_id: 3,delay: 0.32280898094177246
216.58.208.46-10.8.8.178-443-38243-6,packet_id: 4,delay: 0.28998708724975586
216.58.208.46-10.8.8.178-443-38243-6,packet_id: 5,delay: 0.29906153678894043
216.58.208.46-10.8.8.178-443-38243-6,packet_id: 6,delay: 0.3040769100189209
216.58.208.46-10.8.8.178-443-38243-6,packet_id: 7,delay: 0.3296816349029541
216.58.208.46-10.8.8.178-443-38243-6,packet_id: 8,delay: 0.30152130126953125
74.125.133.16-10.8.8.234-993-51040-6,packet_id: 1,delay: 0.46201515197753906
173.194.123.101-131.202.240.150-443-53805-6,packet_id: 1,delay: 0.16408991813659668
74.125.133.16-10.8.8.234-993-51055-6,packet_id: 1,delay: 0.4307515621185303
74.125.133.16-10.8.8.234-993-51055-6,packet_id: 2,delay: 0.4330883026123047
74.125.133.16-10.8.8.234-993-51055-6,packet_id: 3,delay: 0.45366597175598145
74.125.133.16-10.8.8.234-993-51055-6,packet_id: 4,delay: 0.4415738582611084
74.125.133.16-10.8.8.234-993-51055-6,packet_id: 5,delay: 0.42506885528564453
74.125.133.16-10.8.8.234-993-51055-6,packet_id: 6,delay: 0.47243404388427734
74.125.133.16-10.8.8.234-993-51055-6,packet_id: 7,delay: 0.4556112289428711
74.125.133.16-10.8.8.234-993-51055-6,packet_id: 8,delay: 0.4518003463745117
74.125.133.16-10.8.8.234-993-51055-6,packet_id: 9,delay: 0.45467257499694824
74.125.133.16-10.8.8.234-993-51055-6,packet_id: 10,delay: 0.4857816696166992
74.125.133.16-10.8.8.234-993-51055-6,packet_id: 11,delay: 0.44109201431274414
74.125.133.16-10.8.8.234-993-51055-6,packet_id: 12,delay: 0.44508910179138184
74.125.133.16-10.8.8.234-993-51055-6,packet_id: 13,delay: 0.4149622917175293
74.125.133.16-10.8.8.234-993-51055-6,packet_id: 14,delay: 0.4779801368713379
216.58.219.206-131.202.240.150-443-59290-6,packet_id: 1,delay: 0.11201786994934082
216.58.219.206-131.202.240.150-443-59539-6,packet_id: 1,delay: 0.10692858695983887
216.58.219.206-131.202.240.150-443-59539-6,packet_id: 2,delay: 0.11200165748596191
204.83.155.169-10.0.2.15-32620-54963-6,packet_id: 1,delay: 0.41852283477783203
68.67.176.42-131.202.240.87-443-11439-6,packet_id: 1,delay: 0.457334041595459
204.83.155.169-10.0.2.15-32620-55727-6,packet_id: 1,delay: 0.4239184856414795
216.58.208.46-10.8.8.178-443-38264-6,packet_id: 1,delay: 0.26378750801086426
216.58.208.46-10.8.8.178-443-38264-6,packet_id: 2,delay: 0.3001129627227783
216.58.208.46-10.8.8.178-443-38264-6,packet_id: 3,delay: 0.28943729400634766
216.58.208.46-10.8.8.178-443-38264-6,packet_id: 4,delay: 0.27115702629089355
216.58.208.46-10.8.8.178-443-38264-6,packet_id: 5,delay: 0.28072404861450195
216.58.208.46-10.8.8.178-443-38264-6,packet_id: 6,delay: 0.2851691246032715
216.58.208.46-10.8.8.178-443-38264-6,packet_id: 7,delay: 0.2809898853302002
216.58.208.46-10.8.8.178-443-38264-6,packet_id: 8,delay: 0.3170304298400879
216.58.208.46-10.8.8.178-443-38264-6,packet_id: 9,delay: 0.29906320571899414
216.58.208.46-10.8.8.178-443-38264-6,packet_id: 10,delay: 0.29514646530151367
216.58.208.46-10.8.8.178-443-38264-6,packet_id: 11,delay: 0.2857785224914551
216.58.208.46-10.8.8.178-443-38264-6,packet_id: 12,delay: 0.2870051860809326
216.58.208.46-10.8.8.178-443-38264-6,packet_id: 13,delay: 0.2871854305267334
216.58.208.46-10.8.8.178-443-38264-6,packet_id: 14,delay: 0.2715413570404053
131.202.240.150-108.175.43.161-57196-80-6,packet_id: 1,delay: 0.14235997200012207
131.202.240.150-108.175.43.161-57196-80-6,packet_id: 2,delay: 0.1546335220336914
131.202.240.150-108.175.43.161-57196-80-6,packet_id: 3,delay: 0.14940094947814941
131.202.240.150-108.175.43.161-57196-80-6,packet_id: 4,delay: 0.13382291793823242
131.202.240.150-108.175.43.161-57196-80-6,packet_id: 5,delay: 0.14577364921569824
131.202.240.150-108.175.43.161-57196-80-6,packet_id: 6,delay: 0.14995479583740234
131.202.240.150-108.175.43.161-57196-80-6,packet_id: 7,delay: 0.14238905906677246
131.202.240.150-108.175.43.161-57196-80-6,packet_id: 8,delay: 0.15401554107666016
131.202.240.150-108.175.43.161-57196-80-6,packet_id: 9,delay: 0.15796780586242676
131.202.240.150-108.175.43.161-57196-80-6,packet_id: 10,delay: 0.13419556617736816
131.202.240.150-108.175.43.161-57196-80-6,packet_id: 11,delay: 0.13865447044372559
131.202.240.150-108.175.43.161-57196-80-6,packet_id: 12,delay: 0.14187049865722656
131.202.240.150-108.175.43.161-57196-80-6,packet_id: 13,delay: 0.16431427001953125
131.202.240.150-108.175.43.161-57196-80-6,packet_id: 14,delay: 0.15427207946777344
131.202.240.150-108.175.43.161-57196-80-6,packet_id: 15,delay: 0.14951443672180176
131.202.240.150-108.175.43.161-57196-80-6,packet_id: 16,delay: 0.15432095527648926
131.202.240.150-108.175.43.161-57196-80-6,packet_id: 17,delay: 0.17074203491210938
74.125.133.16-10.8.8.234-993-51056-6,packet_id: 1,delay: 0.4703254699707031
74.125.133.16-10.8.8.234-993-51056-6,packet_id: 2,delay: 0.4540903568267822
74.125.133.16-10.8.8.234-993-51056-6,packet_id: 3,delay: 0.4698479175567627
74.125.133.16-10.8.8.234-993-51056-6,packet_id: 4,delay: 0.4409313201904297
74.125.133.16-10.8.8.234-993-51056-6,packet_id: 5,delay: 0.44881558418273926
74.125.133.16-10.8.8.234-993-51056-6,packet_id: 6,delay: 0.4582033157348633
74.125.133.16-10.8.8.234-993-51056-6,packet_id: 7,delay: 0.4500725269317627
74.125.133.16-10.8.8.234-993-51056-6,packet_id: 8,delay: 0.47734546661376953
74.125.133.16-10.8.8.234-993-51056-6,packet_id: 9,delay: 0.48084020614624023
74.125.133.16-10.8.8.234-993-51056-6,packet_id: 10,delay: 0.44251155853271484
74.125.133.16-10.8.8.234-993-51056-6,packet_id: 11,delay: 0.4694509506225586
131.202.240.150-173.194.20.107-44157-443-6,packet_id: 1,delay: 0.29190778732299805
131.202.240.150-173.194.20.107-44157-443-6,packet_id: 2,delay: 0.28330469131469727
131.202.240.150-173.194.20.107-44157-443-6,packet_id: 3,delay: 0.292874813079834
131.202.240.150-173.194.20.107-44157-443-6,packet_id: 4,delay: 0.2852652072906494
131.202.240.150-184.73.252.179-39085-80-6,packet_id: 1,delay: 0.15192866325378418
131.202.240.150-199.127.194.212-41858-443-6,packet_id: 1,delay: 0.1065523624420166
38.124.168.119-131.202.240.87-80-65089-6,packet_id: 1,delay: 0.3820664882659912
131.202.240.150-199.212.24.172-56874-443-6,packet_id: 1,delay: 0.318697452545166
131.202.240.150-199.212.24.172-56874-443-6,packet_id: 2,delay: 0.3194236755371094
131.202.240.150-199.212.24.172-56874-443-6,packet_id: 3,delay: 0.3139305114746094
131.202.240.150-199.212.24.172-56874-443-6,packet_id: 4,delay: 0.3096740245819092
131.202.240.150-199.212.24.172-56874-443-6,packet_id: 5,delay: 0.3180971145629883
131.202.240.150-199.212.24.172-56874-443-6,packet_id: 6,delay: 0.31477999687194824
131.202.240.150-199.212.24.172-56874-443-6,packet_id: 7,delay: 0.3222188949584961
131.202.240.150-199.212.24.172-56874-443-6,packet_id: 8,delay: 0.30595827102661133
131.202.240.150-199.212.24.172-56874-443-6,packet_id: 9,delay: 0.32132673263549805
131.202.240.150-199.212.24.172-56874-443-6,packet_id: 10,delay: 0.31716299057006836
131.202.240.150-199.212.24.172-56874-443-6,packet_id: 11,delay: 0.3085744380950928
131.202.240.150-199.212.24.172-56874-443-6,packet_id: 12,delay: 0.3267524242401123
131.202.240.150-199.212.24.172-56874-443-6,packet_id: 13,delay: 0.30556797981262207
131.202.240.150-199.212.24.172-56874-443-6,packet_id: 14,delay: 0.31287312507629395
131.202.240.150-199.212.24.172-56874-443-6,packet_id: 15,delay: 0.32293105125427246
131.202.240.150-199.212.24.172-56874-443-6,packet_id: 16,delay: 0.3175950050354004
131.202.240.150-199.212.24.172-56874-443-6,packet_id: 17,delay: 0.3178291320800781
131.202.240.150-199.212.24.172-56874-443-6,packet_id: 18,delay: 0.32086968421936035
131.202.240.150-199.212.24.172-56874-443-6,packet_id: 19,delay: 0.3197002410888672
131.202.240.150-199.212.24.172-56874-443-6,packet_id: 20,delay: 0.3239443302154541
131.202.240.150-199.212.24.172-56874-443-6,packet_id: 21,delay: 0.31343889236450195
131.202.240.150-199.212.24.172-56874-443-6,packet_id: 22,delay: 0.32691240310668945
131.202.240.150-199.212.24.172-56874-443-6,packet_id: 23,delay: 0.315716028213501
131.202.240.150-199.212.24.172-56874-443-6,packet_id: 24,delay: 0.32813143730163574
131.202.240.150-199.212.24.172-56874-443-6,packet_id: 25,delay: 0.3164091110229492
131.202.240.150-199.212.24.172-56874-443-6,packet_id: 26,delay: 0.2859971523284912
131.202.240.150-199.212.24.172-56874-443-6,packet_id: 27,delay: 0.30829644203186035
131.202.240.150-199.212.24.172-56874-443-6,packet_id: 28,delay: 0.3246159553527832
131.202.240.150-199.212.24.172-56874-443-6,packet_id: 29,delay: 0.33303284645080566
131.202.240.150-199.212.24.172-56874-443-6,packet_id: 30,delay: 0.3142428398132324
131.202.240.150-199.212.24.172-56874-443-6,packet_id: 31,delay: 0.3170442581176758
131.202.240.150-199.212.24.172-56874-443-6,packet_id: 32,delay: 0.30074119567871094
23.192.162.186-10.8.8.178-443-46884-6,packet_id: 1,delay: 0.0782005786895752
173.194.210.188-131.202.240.242-5228-32506-6,packet_id: 1,delay: 0.2791733741760254
216.58.210.14-10.8.8.130-443-45184-6,packet_id: 1,delay: 0.2341914176940918
216.58.210.14-10.8.8.130-443-45184-6,packet_id: 2,delay: 0.2265791893005371
216.58.210.14-10.8.8.130-443-45184-6,packet_id: 3,delay: 0.25962257385253906
216.58.210.14-10.8.8.130-443-45184-6,packet_id: 4,delay: 0.2428147792816162
216.58.210.14-10.8.8.130-443-45184-6,packet_id: 5,delay: 0.23851871490478516
216.58.210.14-10.8.8.130-443-45184-6,packet_id: 6,delay: 0.2357180118560791
216.58.210.14-10.8.8.130-443-45184-6,packet_id: 7,delay: 0.2556796073913574
216.58.210.14-10.8.8.130-443-45184-6,packet_id: 8,delay: 0.25556516647338867
216.58.210.14-10.8.8.130-443-45184-6,packet_id: 9,delay: 0.23871159553527832
216.58.210.14-10.8.8.130-443-45184-6,packet_id: 10,delay: 0.24637150764465332
216.58.210.14-10.8.8.130-443-45184-6,packet_id: 11,delay: 0.2847442626953125
216.58.210.14-10.8.8.130-443-45184-6,packet_id: 12,delay: 0.23851227760314941
216.58.210.14-10.8.8.130-443-45184-6,packet_id: 13,delay: 0.29618263244628906
216.58.210.14-10.8.8.130-443-45184-6,packet_id: 14,delay: 0.23834609985351562
216.58.210.14-10.8.8.130-443-45184-6,packet_id: 15,delay: 0.24756646156311035
216.58.210.14-10.8.8.130-443-45184-6,packet_id: 16,delay: 0.24284934997558594
216.58.210.14-10.8.8.130-443-45184-6,packet_id: 17,delay: 0.252061128616333
216.58.210.14-10.8.8.130-443-45184-6,packet_id: 18,delay: 0.24704742431640625
216.58.210.14-10.8.8.130-443-45184-6,packet_id: 19,delay: 0.253467321395874
216.58.210.14-10.8.8.130-443-45184-6,packet_id: 20,delay: 0.23986244201660156
216.58.210.3-10.8.8.130-443-34918-6,packet_id: 1,delay: 0.41353511810302734
74.125.207.16-10.0.2.15-465-42849-6,packet_id: 1,delay: 0.5438299179077148
216.58.210.3-10.8.8.130-443-34920-6,packet_id: 1,delay: 0.3762502670288086
216.58.210.3-10.8.8.130-443-34920-6,packet_id: 2,delay: 0.3830130100250244
74.125.207.16-10.0.2.15-465-42904-6,packet_id: 1,delay: 0.5241708755493164
74.125.207.16-10.0.2.15-465-42911-6,packet_id: 1,delay: 0.5280823707580566
216.58.210.3-10.8.8.130-443-34927-6,packet_id: 1,delay: 0.3789713382720947
216.58.210.3-10.8.8.130-443-34927-6,packet_id: 2,delay: 0.3719978332519531
74.125.207.16-10.0.2.15-465-42921-6,packet_id: 1,delay: 0.5321488380432129
74.125.207.16-10.0.2.15-465-48940-6,packet_id: 1,delay: 0.5247788429260254
74.125.207.16-10.0.2.15-465-48942-6,packet_id: 1,delay: 0.5196866989135742
74.125.207.16-10.0.2.15-465-48980-6,packet_id: 1,delay: 0.5506353378295898
74.125.207.16-10.0.2.15-465-48995-6,packet_id: 1,delay: 0.5084266662597656
74.125.207.16-10.0.2.15-465-49016-6,packet_id: 1,delay: 0.5311226844787598
74.125.207.16-10.0.2.15-995-51319-6,packet_id: 1,delay: 0.576080322265625
74.125.207.16-10.0.2.15-995-51323-6,packet_id: 1,delay: 0.5201470851898193
131.202.240.150-199.212.24.173-53736-443-6,packet_id: 1,delay: 0.20010662078857422
131.202.240.150-199.212.24.173-54334-443-6,packet_id: 1,delay: 0.2256619930267334
131.202.240.150-199.212.24.173-54334-443-6,packet_id: 2,delay: 0.22551250457763672
131.202.240.150-199.212.24.173-54334-443-6,packet_id: 3,delay: 0.21321845054626465
131.202.240.150-199.212.24.173-54334-443-6,packet_id: 4,delay: 0.2003319263458252
131.202.240.150-199.212.24.173-54334-443-6,packet_id: 5,delay: 0.20776987075805664
131.202.240.150-199.212.24.173-54334-443-6,packet_id: 6,delay: 0.22003817558288574
131.202.240.150-199.212.24.173-54540-443-6,packet_id: 1,delay: 0.21639013290405273
131.202.240.150-199.212.24.173-54540-443-6,packet_id: 2,delay: 0.22416377067565918
131.202.240.150-199.212.24.173-54540-443-6,packet_id: 3,delay: 0.21978378295898438
131.202.240.150-199.212.24.173-54540-443-6,packet_id: 4,delay: 0.22167515754699707
131.202.240.150-199.212.24.173-54540-443-6,packet_id: 5,delay: 0.21607279777526855
131.202.240.150-199.212.24.173-54540-443-6,packet_id: 6,delay: 0.195267915725708
131.202.240.150-199.212.24.173-54540-443-6,packet_id: 7,delay: 0.21185803413391113
131.202.240.150-199.212.24.173-54540-443-6,packet_id: 8,delay: 0.20911836624145508
131.202.240.150-199.212.24.173-54540-443-6,packet_id: 9,delay: 0.21707582473754883
131.202.240.150-199.212.24.173-54563-443-6,packet_id: 1,delay: 0.1944429874420166
131.202.240.150-199.212.24.173-54563-443-6,packet_id: 2,delay: 0.1884613037109375
131.202.240.150-199.212.24.173-54563-443-6,packet_id: 3,delay: 0.19798636436462402
131.202.240.150-199.212.24.173-54563-443-6,packet_id: 4,delay: 0.20603251457214355
131.202.240.150-199.212.24.173-54563-443-6,packet_id: 5,delay: 0.20631694793701172
131.202.240.150-199.212.24.173-54563-443-6,packet_id: 6,delay: 0.21541595458984375
131.202.240.150-199.212.24.173-54563-443-6,packet_id: 7,delay: 0.22415685653686523
131.202.240.150-199.212.24.173-54563-443-6,packet_id: 8,delay: 0.22423720359802246
173.252.100.27-10.8.8.178-443-47132-6,packet_id: 1,delay: 0.10656595230102539
173.252.100.27-10.8.8.178-443-47132-6,packet_id: 2,delay: 0.11931657791137695
173.252.100.27-10.8.8.178-443-47132-6,packet_id: 3,delay: 0.10544610023498535
173.252.100.27-10.8.8.178-443-47132-6,packet_id: 4,delay: 0.13376688957214355
173.252.100.27-10.8.8.178-443-47132-6,packet_id: 5,delay: 0.12906813621520996
173.252.100.27-10.8.8.178-443-47132-6,packet_id: 6,delay: 0.11795639991760254
173.252.100.27-10.8.8.178-443-47132-6,packet_id: 7,delay: 0.13369226455688477
173.252.100.27-10.8.8.178-443-47132-6,packet_id: 8,delay: 0.12558579444885254
173.252.100.27-10.8.8.178-443-47132-6,packet_id: 9,delay: 0.1074533462524414
173.252.100.27-10.8.8.178-443-47132-6,packet_id: 10,delay: 0.16632795333862305
173.252.100.27-10.8.8.178-443-47132-6,packet_id: 11,delay: 0.1260979175567627
86.4.212.228-10.8.8.130-59222-59320-6,packet_id: 1,delay: 0.3367440700531006
86.4.212.228-10.8.8.130-59222-59320-6,packet_id: 2,delay: 0.35247087478637695
64.233.183.16-10.0.2.15-993-43558-6,packet_id: 1,delay: 0.5599110126495361
64.233.183.16-10.0.2.15-993-43558-6,packet_id: 2,delay: 0.5571696758270264
64.233.183.16-10.0.2.15-993-43558-6,packet_id: 3,delay: 0.5716369152069092
131.202.240.150-199.212.24.174-43919-443-6,packet_id: 1,delay: 0.17432451248168945
131.202.240.150-199.212.24.174-43919-443-6,packet_id: 2,delay: 0.17408037185668945
131.202.240.150-199.212.24.174-43919-443-6,packet_id: 3,delay: 0.1910264492034912
131.202.240.150-199.212.24.174-43919-443-6,packet_id: 4,delay: 0.1805720329284668
86.4.212.228-10.8.8.178-59222-52449-6,packet_id: 1,delay: 0.266737699508667
86.4.212.228-10.8.8.178-59222-52449-6,packet_id: 2,delay: 0.25869035720825195
86.4.212.228-10.8.8.178-59222-52449-6,packet_id: 3,delay: 0.26305341720581055
86.4.212.228-10.8.8.178-59222-52449-6,packet_id: 4,delay: 0.27582859992980957
86.4.212.228-10.8.8.178-59222-52449-6,packet_id: 5,delay: 0.2546067237854004
86.4.212.228-10.8.8.178-59222-52449-6,packet_id: 6,delay: 0.2704427242279053
86.4.212.228-10.8.8.178-59222-52449-6,packet_id: 7,delay: 0.2753465175628662
64.233.183.16-10.0.2.15-995-51739-6,packet_id: 1,delay: 0.5767421722412109
131.202.240.150-199.212.24.175-58587-443-6,packet_id: 1,delay: 0.3607208728790283
131.202.240.150-199.212.24.175-58600-443-6,packet_id: 1,delay: 0.301938533782959
131.202.240.150-199.212.24.175-58600-443-6,packet_id: 2,delay: 0.32014989852905273
173.252.100.27-131.202.240.87-443-64842-6,packet_id: 1,delay: 0.3157460689544678
173.252.100.27-131.202.240.87-443-64842-6,packet_id: 2,delay: 0.2995479106903076
173.252.100.27-131.202.240.87-443-64842-6,packet_id: 3,delay: 0.29616856575012207
173.252.100.27-131.202.240.87-443-64842-6,packet_id: 4,delay: 0.29979610443115234
173.252.100.27-131.202.240.87-443-64842-6,packet_id: 5,delay: 0.30780625343322754
173.252.100.27-131.202.240.87-443-64842-6,packet_id: 6,delay: 0.3175930976867676
173.252.100.27-131.202.240.87-443-64842-6,packet_id: 7,delay: 0.30389976501464844
131.202.240.150-199.212.24.175-58936-443-6,packet_id: 1,delay: 0.352935791015625
131.202.240.150-199.212.24.175-58977-443-6,packet_id: 1,delay: 0.3578357696533203
131.202.240.150-209.148.205.16-44144-80-6,packet_id: 1,delay: 0.26246142387390137
131.202.240.150-209.148.205.35-56435-443-6,packet_id: 1,delay: 0.16858124732971191
131.202.240.150-209.148.205.35-56578-443-6,packet_id: 1,delay: 0.15706086158752441
131.202.240.150-209.148.205.35-56578-443-6,packet_id: 2,delay: 0.14832305908203125
131.202.240.150-209.148.205.35-56578-443-6,packet_id: 3,delay: 0.16635560989379883
131.202.240.150-209.148.205.35-56578-443-6,packet_id: 4,delay: 0.14841723442077637
131.202.240.150-209.148.205.35-56578-443-6,packet_id: 5,delay: 0.10940432548522949
173.252.100.27-131.202.240.242-443-32576-6,packet_id: 1,delay: 0.25829100608825684
173.252.100.27-131.202.240.242-443-32576-6,packet_id: 2,delay: 0.2557952404022217
131.202.240.150-209.148.205.41-34177-443-6,packet_id: 1,delay: 0.29340147972106934
131.202.240.150-209.148.205.41-34177-443-6,packet_id: 2,delay: 0.29083919525146484
131.202.240.150-209.148.205.41-34177-443-6,packet_id: 3,delay: 0.303936243057251
131.202.240.150-209.148.205.41-34177-443-6,packet_id: 4,delay: 0.2965672016143799
131.202.240.150-209.148.205.41-34177-443-6,packet_id: 5,delay: 0.30049967765808105
131.202.240.150-209.148.205.41-34177-443-6,packet_id: 6,delay: 0.29610252380371094
131.202.240.150-209.148.205.41-34177-443-6,packet_id: 7,delay: 0.29241347312927246
131.202.240.150-209.148.205.41-34203-443-6,packet_id: 1,delay: 0.28430962562561035
131.202.240.150-209.148.205.41-34203-443-6,packet_id: 2,delay: 0.2919955253601074
131.202.240.150-209.148.205.41-34203-443-6,packet_id: 3,delay: 0.28418421745300293
131.202.240.150-209.148.205.41-34203-443-6,packet_id: 4,delay: 0.28421473503112793
131.202.240.150-209.148.205.41-34203-443-6,packet_id: 5,delay: 0.29233217239379883
131.202.240.150-209.148.205.41-34203-443-6,packet_id: 6,delay: 0.2934575080871582
131.202.240.150-209.148.205.41-34203-443-6,packet_id: 7,delay: 0.2857074737548828
131.202.240.150-209.148.205.41-34203-443-6,packet_id: 8,delay: 0.2753119468688965
131.202.240.150-209.148.205.41-34203-443-6,packet_id: 9,delay: 0.30440425872802734
131.202.240.150-209.148.205.41-34203-443-6,packet_id: 10,delay: 0.2832520008087158
131.202.240.150-209.148.205.41-34203-443-6,packet_id: 11,delay: 0.2829580307006836
131.202.240.150-209.148.205.41-34203-443-6,packet_id: 12,delay: 0.29506921768188477
131.202.240.150-209.148.205.41-34203-443-6,packet_id: 13,delay: 0.296356201171875
131.202.240.150-209.148.205.41-34203-443-6,packet_id: 14,delay: 0.2900998592376709
131.202.240.150-209.148.205.41-34203-443-6,packet_id: 15,delay: 0.30931735038757324
131.202.240.150-209.148.205.41-34203-443-6,packet_id: 16,delay: 0.3087015151977539
63.245.216.134-10.8.8.178-443-49841-6,packet_id: 1,delay: 0.09091567993164062
184.29.105.106-131.202.240.150-80-45466-6,packet_id: 1,delay: 0.18486595153808594
24.36.174.173-10.0.2.15-47044-55027-6,packet_id: 1,delay: 0.4364793300628662
131.202.240.150-209.148.205.41-43673-80-6,packet_id: 1,delay: 0.29076075553894043
69.172.216.55-131.202.240.242-443-5957-6,packet_id: 1,delay: 0.4311645030975342
205.188.12.43-10.8.8.130-443-44917-6,packet_id: 1,delay: 0.23824453353881836
205.188.12.43-10.8.8.130-443-44917-6,packet_id: 2,delay: 0.21001124382019043
205.188.12.43-10.8.8.130-443-44917-6,packet_id: 3,delay: 0.20182538032531738
205.188.12.43-131.202.240.242-443-31783-6,packet_id: 1,delay: 0.24588227272033691
70.80.25.101-10.0.2.15-64982-38947-6,packet_id: 1,delay: 0.5456647872924805
64.233.167.16-10.0.2.15-993-58426-6,packet_id: 1,delay: 0.42404913902282715
64.233.167.16-10.0.2.15-993-58426-6,packet_id: 2,delay: 0.4407515525817871
74.125.71.16-10.0.2.15-465-51254-6,packet_id: 1,delay: 0.3328540325164795
74.125.71.16-10.8.8.234-993-56529-6,packet_id: 1,delay: 0.24229216575622559
74.125.71.16-10.8.8.234-993-56529-6,packet_id: 2,delay: 0.2775547504425049
74.125.71.16-10.8.8.234-993-56529-6,packet_id: 3,delay: 0.31740689277648926
64.4.23.162-10.0.2.15-40019-46839-6,packet_id: 1,delay: 0.4205813407897949
66.220.156.2-10.8.8.130-443-42513-6,packet_id: 1,delay: 0.2440650463104248
66.220.156.2-10.8.8.130-443-42513-6,packet_id: 2,delay: 0.2682368755340576
66.220.156.2-10.8.8.130-443-42513-6,packet_id: 3,delay: 0.2279067039489746
66.220.156.2-10.8.8.130-443-42513-6,packet_id: 4,delay: 0.22860956192016602
66.220.156.2-10.8.8.130-443-42513-6,packet_id: 5,delay: 0.24795985221862793
66.220.156.2-10.8.8.130-443-42513-6,packet_id: 6,delay: 0.25951719284057617
66.220.156.2-10.8.8.130-443-42513-6,packet_id: 7,delay: 0.23585009574890137
66.220.156.2-10.8.8.130-443-42513-6,packet_id: 8,delay: 0.29065418243408203
66.220.156.2-10.8.8.130-443-42513-6,packet_id: 9,delay: 0.317413330078125
24.156.130.203-10.8.8.138-80-55782-6,packet_id: 1,delay: 0.15493178367614746
24.156.130.203-10.8.8.138-80-55782-6,packet_id: 2,delay: 0.16226601600646973
24.156.130.203-10.8.8.138-80-55782-6,packet_id: 3,delay: 0.17044353485107422
24.156.130.203-10.8.8.138-80-55782-6,packet_id: 4,delay: 0.17059087753295898
24.156.130.203-10.8.8.138-80-55782-6,packet_id: 5,delay: 0.17484354972839355
24.156.130.203-10.8.8.138-80-55782-6,packet_id: 6,delay: 0.18021106719970703
24.156.130.203-10.8.8.138-80-55782-6,packet_id: 7,delay: 0.16989970207214355
24.156.130.203-10.8.8.138-80-55782-6,packet_id: 8,delay: 0.18301916122436523
24.156.130.203-10.8.8.138-80-55782-6,packet_id: 9,delay: 0.16401171684265137
24.156.130.203-10.8.8.138-80-55782-6,packet_id: 10,delay: 0.1660144329071045
68.67.153.146-131.202.240.87-443-11327-6,packet_id: 1,delay: 0.38799452781677246
68.67.153.2-131.202.240.242-443-5900-6,packet_id: 1,delay: 0.30626940727233887
74.125.69.16-131.202.240.87-993-10714-6,packet_id: 1,delay: 0.3112986087799072
74.125.69.16-131.202.240.87-993-10714-6,packet_id: 2,delay: 0.3004317283630371
74.125.69.16-131.202.240.87-993-10714-6,packet_id: 3,delay: 0.2961156368255615
74.125.69.16-131.202.240.87-993-10714-6,packet_id: 4,delay: 0.2966487407684326
74.125.69.16-131.202.240.87-993-10714-6,packet_id: 5,delay: 0.29300689697265625
74.125.69.16-131.202.240.87-993-10714-6,packet_id: 6,delay: 0.300372838973999
74.125.69.16-131.202.240.87-993-10714-6,packet_id: 7,delay: 0.29978346824645996
74.125.69.16-131.202.240.87-993-10715-6,packet_id: 1,delay: 0.2878444194793701
74.125.69.16-131.202.240.87-993-10715-6,packet_id: 2,delay: 0.29604673385620117
74.125.69.16-131.202.240.87-993-10715-6,packet_id: 3,delay: 0.295501708984375
74.125.69.16-131.202.240.87-993-10743-6,packet_id: 1,delay: 0.30863404273986816
Average Packet Delay,0.30318787789344787
