108.175.39.202-131.202.240.150-80-40884-6,packet_id: 1,delay: 0.6800720691680908
108.175.39.202-131.202.240.150-80-40884-6,packet_id: 2,delay: 0.6688799858093262
137.117.177.33-10.8.8.178-443-40028-6,packet_id: 1,delay: 0.5242626667022705
199.16.156.201-131.202.240.150-443-37303-6,packet_id: 1,delay: 0.642000675201416
173.194.123.101-131.202.240.150-443-53805-6,packet_id: 1,delay: 0.4974079132080078
108.175.43.161-131.202.240.150-80-57196-6,packet_id: 1,delay: 0.41387009620666504
108.175.43.161-131.202.240.150-80-57196-6,packet_id: 2,delay: 0.4008293151855469
108.175.43.161-131.202.240.150-80-57196-6,packet_id: 3,delay: 0.3519093990325928
108.175.43.161-131.202.240.150-80-57196-6,packet_id: 4,delay: 0.40959906578063965
108.175.43.161-131.202.240.150-80-57196-6,packet_id: 5,delay: 0.3997795581817627
108.175.43.161-131.202.240.150-80-57196-6,packet_id: 6,delay: 0.37343263626098633
108.175.43.161-131.202.240.150-80-57196-6,packet_id: 7,delay: 0.39357495307922363
108.175.43.146-131.202.240.150-80-60056-6,packet_id: 1,delay: 0.3521113395690918
108.175.43.146-131.202.240.150-80-60056-6,packet_id: 2,delay: 0.36814093589782715
108.175.43.146-131.202.240.150-80-60056-6,packet_id: 3,delay: 0.37763452529907227
108.175.43.146-131.202.240.150-80-60056-6,packet_id: 4,delay: 0.4034440517425537
108.175.43.146-131.202.240.150-80-60056-6,packet_id: 5,delay: 0.3725435733795166
108.175.43.146-131.202.240.150-80-60056-6,packet_id: 6,delay: 0.3423950672149658
108.175.43.146-131.202.240.150-80-60056-6,packet_id: 7,delay: 0.34224963188171387
108.175.43.146-131.202.240.150-80-60056-6,packet_id: 8,delay: 0.3404984474182129
108.175.42.181-131.202.240.150-80-58287-6,packet_id: 1,delay: 0.30177831649780273
108.175.42.181-131.202.240.150-80-58287-6,packet_id: 2,delay: 0.31232571601867676
108.175.42.181-131.202.240.150-80-58287-6,packet_id: 3,delay: 0.3339550495147705
108.175.42.181-131.202.240.150-80-58287-6,packet_id: 4,delay: 0.3132359981536865
108.175.42.181-131.202.240.150-80-58287-6,packet_id: 5,delay: 0.28479623794555664
131.202.240.87-64.12.27.65-64714-443-6,packet_id: 1,delay: 0.19748640060424805
10.0.2.15-24.140.134.21-45746-45411-6,packet_id: 1,delay: 0.43109607696533203
131.202.240.87-65.55.2.6-11378-443-6,packet_id: 1,delay: 0.23320698738098145
157.56.192.53-10.8.8.130-443-33104-6,packet_id: 1,delay: 0.3486599922180176
157.56.192.53-10.8.8.130-443-33104-6,packet_id: 2,delay: 0.34563159942626953
10.0.2.15-64.233.183.16-43558-993-6,packet_id: 1,delay: 0.6666035652160645
10.0.2.15-64.233.183.16-43558-993-6,packet_id: 2,delay: 0.6798272132873535
10.8.8.110-63.245.216.132-39035-443-6,packet_id: 1,delay: 0.19724750518798828
173.194.20.107-131.202.240.150-443-44157-6,packet_id: 1,delay: 0.390392541885376
173.194.20.107-131.202.240.150-443-44157-6,packet_id: 2,delay: 0.3851339817047119
173.194.20.107-131.202.240.150-443-44157-6,packet_id: 3,delay: 0.3355674743652344
173.194.20.107-131.202.240.150-443-44157-6,packet_id: 4,delay: 0.3728773593902588
173.194.20.107-131.202.240.150-443-44157-6,packet_id: 5,delay: 0.37609004974365234
173.194.20.107-131.202.240.150-443-44157-6,packet_id: 6,delay: 0.3771326541900635
173.194.20.107-131.202.240.150-443-44157-6,packet_id: 7,delay: 0.380967378616333
173.194.20.107-131.202.240.150-443-44157-6,packet_id: 8,delay: 0.37442779541015625
173.194.20.107-131.202.240.150-443-44157-6,packet_id: 9,delay: 0.37077927589416504
131.202.240.87-68.67.153.40-11386-80-6,packet_id: 1,delay: 0.23758506774902344
10.8.8.110-63.245.216.134-46949-443-6,packet_id: 1,delay: 0.4016454219818115
131.202.240.87-74.125.69.16-10714-993-6,packet_id: 1,delay: 0.49182891845703125
10.0.2.15-74.125.71.16-51269-465-6,packet_id: 1,delay: 0.5770390033721924
10.8.8.110-64.233.184.16-37404-465-6,packet_id: 1,delay: 0.37721729278564453
131.202.240.87-74.125.69.16-10741-993-6,packet_id: 1,delay: 0.4682929515838623
131.202.240.87-74.125.69.16-10741-993-6,packet_id: 2,delay: 0.4527928829193115
131.202.240.87-74.125.69.16-10741-993-6,packet_id: 3,delay: 0.4656071662902832
10.8.8.110-64.233.184.16-37424-465-6,packet_id: 1,delay: 0.400256872177124
10.0.2.15-74.125.207.16-42905-465-6,packet_id: 1,delay: 0.46061086654663086
10.8.8.110-64.233.184.16-37428-465-6,packet_id: 1,delay: 0.380328893661499
10.0.2.15-74.125.207.16-42924-465-6,packet_id: 1,delay: 0.460036039352417
10.8.8.110-64.233.184.16-37433-465-6,packet_id: 1,delay: 0.4114036560058594
10.0.2.15-74.125.207.16-48993-465-6,packet_id: 1,delay: 0.4527292251586914
131.202.240.87-74.125.69.16-10743-993-6,packet_id: 1,delay: 0.4719822406768799
10.0.2.15-74.125.207.16-49005-465-6,packet_id: 1,delay: 0.4579732418060303
131.202.240.87-74.125.134.188-64960-5228-6,packet_id: 1,delay: 0.557701587677002
10.0.2.15-137.116.32.77-34727-443-6,packet_id: 1,delay: 0.4207181930541992
131.202.240.87-74.125.202.16-10773-993-6,packet_id: 1,delay: 0.2380084991455078
10.0.2.15-204.83.155.169-54967-32620-6,packet_id: 1,delay: 0.7424516677856445
131.202.240.87-74.125.202.16-10798-993-6,packet_id: 1,delay: 0.22851085662841797
10.0.2.15-216.58.208.46-53913-80-6,packet_id: 1,delay: 0.7458441257476807
131.202.240.87-105.237.177.132-42322-50244-6,packet_id: 1,delay: 0.3477005958557129
131.202.240.87-107.21.103.88-11343-443-6,packet_id: 1,delay: 0.4703984260559082
131.202.240.87-131.202.240.242-42322-5619-6,packet_id: 1,delay: 0.20984935760498047
131.202.240.87-131.202.240.242-42322-5619-6,packet_id: 2,delay: 0.230316162109375
131.202.240.87-131.202.240.242-42322-5619-6,packet_id: 3,delay: 0.19921255111694336
131.202.240.87-131.202.240.242-42322-5619-6,packet_id: 4,delay: 0.19582343101501465
131.202.240.87-131.202.240.242-42322-5619-6,packet_id: 5,delay: 0.18555164337158203
131.202.240.87-131.202.240.242-42322-5619-6,packet_id: 6,delay: 0.1907639503479004
131.202.240.87-131.202.240.242-42322-5619-6,packet_id: 7,delay: 0.19494318962097168
131.202.240.87-131.202.240.242-42322-5619-6,packet_id: 8,delay: 0.17136120796203613
131.202.240.87-131.202.240.242-42322-5619-6,packet_id: 9,delay: 0.18659591674804688
131.202.240.87-131.202.240.242-42322-5619-6,packet_id: 10,delay: 0.1786348819732666
131.202.240.87-131.202.240.242-42322-5619-6,packet_id: 11,delay: 0.1827411651611328
131.202.240.87-131.202.240.242-42322-5619-6,packet_id: 12,delay: 0.20340323448181152
131.202.240.87-131.202.240.242-42322-5619-6,packet_id: 13,delay: 0.18892836570739746
131.202.240.87-131.202.240.242-42322-5619-6,packet_id: 14,delay: 0.1902165412902832
131.202.240.87-131.202.240.242-42322-5619-6,packet_id: 15,delay: 0.1939558982849121
131.202.240.87-131.202.240.242-42322-5619-6,packet_id: 16,delay: 0.19671940803527832
131.202.240.87-131.202.240.242-42322-5619-6,packet_id: 17,delay: 0.18116092681884766
131.202.240.87-131.202.240.242-42322-5619-6,packet_id: 18,delay: 0.2023179531097412
131.202.240.87-131.202.240.242-42322-5619-6,packet_id: 19,delay: 0.19606542587280273
131.202.240.87-131.202.240.242-42322-5619-6,packet_id: 20,delay: 0.18056583404541016
131.202.240.87-131.202.240.242-42322-5619-6,packet_id: 21,delay: 0.18902134895324707
131.202.240.87-131.202.240.242-42322-5619-6,packet_id: 22,delay: 0.19031000137329102
131.202.240.87-131.202.240.242-42322-5619-6,packet_id: 23,delay: 0.2108755111694336
131.202.240.87-131.202.240.242-42322-5619-6,packet_id: 24,delay: 0.19689154624938965
131.202.240.87-131.202.240.242-42322-5619-6,packet_id: 25,delay: 0.17982745170593262
131.202.240.87-131.202.240.242-42322-5619-6,packet_id: 26,delay: 0.20530033111572266
131.202.240.87-131.202.240.242-42322-5619-6,packet_id: 27,delay: 0.2148761749267578
131.202.240.87-131.202.240.242-42322-5619-6,packet_id: 28,delay: 0.18806695938110352
131.202.240.87-131.202.240.242-42322-5619-6,packet_id: 29,delay: 0.20245575904846191
131.202.240.87-131.202.240.242-42322-5619-6,packet_id: 30,delay: 0.23236608505249023
131.202.240.87-131.202.240.242-42322-5619-6,packet_id: 31,delay: 0.2183396816253662
131.202.240.87-131.202.240.242-42322-5619-6,packet_id: 32,delay: 0.20119094848632812
131.202.240.87-131.202.240.242-42322-5619-6,packet_id: 33,delay: 0.211350679397583
131.202.240.87-131.202.240.242-42322-5619-6,packet_id: 34,delay: 0.20771002769470215
131.202.240.87-131.202.240.242-42322-5619-6,packet_id: 35,delay: 0.20138025283813477
131.202.240.87-131.202.240.242-42322-5619-6,packet_id: 36,delay: 0.2021467685699463
131.202.240.87-131.202.240.242-42322-5619-6,packet_id: 37,delay: 0.20079445838928223
131.202.240.87-131.202.240.242-42322-5619-6,packet_id: 38,delay: 0.19293832778930664
131.202.6.26-131.202.240.87-13000-64719-6,packet_id: 1,delay: 0.6166837215423584
131.202.6.26-131.202.240.87-13000-64719-6,packet_id: 2,delay: 0.6086733341217041
131.202.6.26-131.202.240.87-13000-64719-6,packet_id: 3,delay: 0.5982279777526855
142.1.33.2-10.0.2.15-3230-56467-6,packet_id: 1,delay: 0.6603207588195801
199.212.24.174-131.202.240.150-443-43919-6,packet_id: 1,delay: 0.647536039352417
199.212.24.173-131.202.240.150-443-54334-6,packet_id: 1,delay: 0.511669397354126
173.194.67.189-10.8.8.178-443-57866-6,packet_id: 1,delay: 0.5208005905151367
173.194.67.189-10.8.8.178-443-57926-6,packet_id: 1,delay: 0.5272781848907471
173.194.67.189-10.8.8.178-443-57926-6,packet_id: 2,delay: 0.4996654987335205
173.194.67.189-10.8.8.178-443-57926-6,packet_id: 3,delay: 0.5407180786132812
173.194.67.189-10.8.8.178-443-57926-6,packet_id: 4,delay: 0.5216474533081055
173.194.67.189-10.8.8.178-443-57926-6,packet_id: 5,delay: 0.5354046821594238
173.194.67.189-10.8.8.178-443-57926-6,packet_id: 6,delay: 0.5136213302612305
173.194.67.189-10.8.8.178-443-57926-6,packet_id: 7,delay: 0.532174825668335
173.194.67.189-10.8.8.178-443-57926-6,packet_id: 8,delay: 0.5192768573760986
173.194.67.189-10.8.8.178-443-57926-6,packet_id: 9,delay: 0.5010221004486084
131.202.240.150-23.50.75.27-45724-80-6,packet_id: 1,delay: 0.7233216762542725
131.202.240.150-23.235.40.143-54394-443-6,packet_id: 1,delay: 0.6727721691131592
131.202.240.150-23.235.40.143-54394-443-6,packet_id: 2,delay: 0.6556754112243652
131.202.240.150-23.235.40.143-54394-443-6,packet_id: 3,delay: 0.6783580780029297
131.202.240.150-23.235.40.143-54394-443-6,packet_id: 4,delay: 0.6719160079956055
131.202.240.150-23.235.40.143-54394-443-6,packet_id: 5,delay: 0.664344072341919
10.8.8.138-24.156.130.203-55782-80-6,packet_id: 1,delay: 0.7592267990112305
10.8.8.138-24.156.130.203-55782-80-6,packet_id: 2,delay: 0.7409689426422119
10.8.8.138-24.156.130.203-55782-80-6,packet_id: 3,delay: 0.7363834381103516
10.8.8.138-24.156.130.203-55782-80-6,packet_id: 4,delay: 0.7408792972564697
173.194.78.189-10.8.8.130-443-60098-6,packet_id: 1,delay: 0.5775463581085205
173.194.78.189-10.8.8.130-443-60098-6,packet_id: 2,delay: 0.5802695751190186
173.194.78.189-10.8.8.130-443-60098-6,packet_id: 3,delay: 0.5769093036651611
10.8.8.130-2.30.116.54-48835-58139-6,packet_id: 1,delay: 0.2929859161376953
10.8.8.130-2.30.116.54-48835-58139-6,packet_id: 2,delay: 0.30950927734375
10.8.8.130-2.30.116.54-48835-58139-6,packet_id: 3,delay: 0.30072546005249023
157.56.52.13-10.0.2.15-40011-34332-6,packet_id: 1,delay: 0.49399518966674805
157.56.52.13-10.0.2.15-40011-34332-6,packet_id: 2,delay: 0.4993555545806885
199.212.24.175-131.202.240.150-443-58600-6,packet_id: 1,delay: 0.3630974292755127
10.8.8.138-107.22.243.234-35936-443-6,packet_id: 1,delay: 0.6149437427520752
137.116.32.77-10.0.2.15-443-34727-6,packet_id: 1,delay: 0.4206359386444092
131.202.240.150-108.175.39.202-40884-80-6,packet_id: 1,delay: 0.6626036167144775
131.202.240.150-108.175.39.202-40884-80-6,packet_id: 2,delay: 0.68096923828125
131.202.240.150-108.175.39.202-40884-80-6,packet_id: 3,delay: 0.67289137840271
131.202.240.150-108.175.39.202-40884-80-6,packet_id: 4,delay: 0.6833274364471436
131.202.240.150-108.175.39.202-40884-80-6,packet_id: 5,delay: 0.6934623718261719
131.202.240.150-108.175.39.202-40884-80-6,packet_id: 6,delay: 0.6863651275634766
131.202.240.150-108.175.39.202-40884-80-6,packet_id: 7,delay: 0.6690161228179932
131.202.240.150-108.175.39.202-40884-80-6,packet_id: 8,delay: 0.6685705184936523
131.202.240.150-108.175.39.202-40884-80-6,packet_id: 9,delay: 0.6688504219055176
131.202.240.150-108.175.39.202-40884-80-6,packet_id: 10,delay: 0.6687343120574951
131.202.240.150-108.175.39.202-40884-80-6,packet_id: 11,delay: 0.666773796081543
131.202.240.150-108.175.39.202-40884-80-6,packet_id: 12,delay: 0.6522555351257324
131.202.240.150-108.175.39.202-40884-80-6,packet_id: 13,delay: 0.666879415512085
131.202.240.150-108.175.39.202-40884-80-6,packet_id: 14,delay: 0.6696288585662842
131.202.240.150-108.175.39.202-40884-80-6,packet_id: 15,delay: 0.6600439548492432
131.202.240.150-108.175.39.202-40884-80-6,packet_id: 16,delay: 0.6785709857940674
10.8.8.130-2.101.222.231-34461-9396-6,packet_id: 1,delay: 0.5100452899932861
10.8.8.130-2.101.222.231-34461-9396-6,packet_id: 2,delay: 0.5217933654785156
10.8.8.130-2.101.222.231-34461-9396-6,packet_id: 3,delay: 0.5215301513671875
10.8.8.130-2.101.222.231-34461-9396-6,packet_id: 4,delay: 0.5300841331481934
10.8.8.130-2.101.222.231-34461-9396-6,packet_id: 5,delay: 0.5299537181854248
199.212.24.175-131.202.240.150-443-58936-6,packet_id: 1,delay: 0.37272214889526367
10.8.8.138-185.2.220.137-43533-80-6,packet_id: 1,delay: 0.46695423126220703
10.8.8.138-185.2.220.137-43533-80-6,packet_id: 2,delay: 0.45845460891723633
10.8.8.138-185.2.220.137-43533-80-6,packet_id: 3,delay: 0.4616739749908447
10.8.8.138-185.2.220.137-43533-80-6,packet_id: 4,delay: 0.45450472831726074
10.8.8.138-185.2.220.137-43533-80-6,packet_id: 5,delay: 0.4562966823577881
10.8.8.138-185.2.220.137-43533-80-6,packet_id: 6,delay: 0.4564321041107178
10.8.8.138-185.2.220.137-43533-80-6,packet_id: 7,delay: 0.46808481216430664
10.8.8.138-185.2.220.137-43533-80-6,packet_id: 8,delay: 0.4528076648712158
10.8.8.138-185.2.220.137-43533-80-6,packet_id: 9,delay: 0.457749605178833
10.8.8.138-185.2.220.137-43533-80-6,packet_id: 10,delay: 0.45601415634155273
10.8.8.138-185.2.220.137-43533-80-6,packet_id: 11,delay: 0.45296454429626465
10.8.8.138-185.2.220.137-43533-80-6,packet_id: 12,delay: 0.455155611038208
10.8.8.138-185.2.220.137-43533-80-6,packet_id: 13,delay: 0.4753603935241699
10.8.8.138-185.2.220.137-43533-80-6,packet_id: 14,delay: 0.4599428176879883
10.8.8.138-185.2.220.137-43533-80-6,packet_id: 15,delay: 0.44883012771606445
10.8.8.138-185.2.220.137-43533-80-6,packet_id: 16,delay: 0.460399866104126
10.8.8.138-185.2.220.137-43533-80-6,packet_id: 17,delay: 0.44390320777893066
10.8.8.138-185.2.220.137-43533-80-6,packet_id: 18,delay: 0.482654333114624
10.8.8.138-185.2.220.137-43533-80-6,packet_id: 19,delay: 0.46531224250793457
10.8.8.138-185.2.220.137-43533-80-6,packet_id: 20,delay: 0.45421338081359863
10.8.8.138-185.2.220.137-43533-80-6,packet_id: 21,delay: 0.45705580711364746
10.8.8.138-185.2.220.137-43533-80-6,packet_id: 22,delay: 0.4552743434906006
10.8.8.138-185.2.220.137-43533-80-6,packet_id: 23,delay: 0.46063971519470215
10.8.8.138-185.2.220.137-43533-80-6,packet_id: 24,delay: 0.4656717777252197
10.8.8.138-185.2.220.137-43533-80-6,packet_id: 25,delay: 0.44977664947509766
10.8.8.138-185.2.220.137-43533-80-6,packet_id: 26,delay: 0.44426774978637695
10.8.8.138-185.2.220.137-43533-80-6,packet_id: 27,delay: 0.44849252700805664
10.8.8.138-185.2.220.137-43533-80-6,packet_id: 28,delay: 0.4434988498687744
10.8.8.138-185.2.220.137-43533-80-6,packet_id: 29,delay: 0.45743727684020996
10.8.8.138-185.2.220.137-43533-80-6,packet_id: 30,delay: 0.44794154167175293
10.8.8.138-185.2.220.137-43533-80-6,packet_id: 31,delay: 0.4507787227630615
10.8.8.138-185.2.220.137-43533-80-6,packet_id: 32,delay: 0.45670437812805176
10.8.8.138-185.2.220.137-43533-80-6,packet_id: 33,delay: 0.4559326171875
10.8.8.138-185.2.220.137-43533-80-6,packet_id: 34,delay: 0.4543724060058594
10.8.8.138-185.2.220.137-43533-80-6,packet_id: 35,delay: 0.4505655765533447
10.8.8.138-185.2.220.137-43533-80-6,packet_id: 36,delay: 0.4655568599700928
10.8.8.138-185.2.220.137-43533-80-6,packet_id: 37,delay: 0.44440722465515137
10.8.8.138-185.2.220.137-43533-80-6,packet_id: 38,delay: 0.45052218437194824
10.8.8.138-185.2.220.137-43533-80-6,packet_id: 39,delay: 0.45621800422668457
10.8.8.138-185.2.220.137-43533-80-6,packet_id: 40,delay: 0.45804309844970703
10.8.8.138-185.2.220.137-43533-80-6,packet_id: 41,delay: 0.452625036239624
10.8.8.138-185.2.220.137-43533-80-6,packet_id: 42,delay: 0.4602696895599365
10.8.8.138-185.2.220.137-43533-80-6,packet_id: 43,delay: 0.4804568290710449
10.8.8.138-185.2.220.137-43533-80-6,packet_id: 44,delay: 0.48061418533325195
10.8.8.138-185.2.220.137-43533-80-6,packet_id: 45,delay: 0.48076438903808594
10.8.8.138-185.2.220.137-43533-80-6,packet_id: 46,delay: 0.45990800857543945
10.8.8.138-185.2.220.137-43533-80-6,packet_id: 47,delay: 0.468367338180542
10.8.8.138-185.2.220.137-43533-80-6,packet_id: 48,delay: 0.44114255905151367
10.8.8.138-185.2.220.137-43533-80-6,packet_id: 49,delay: 0.46153974533081055
157.56.52.13-10.8.8.178-40011-56909-6,packet_id: 1,delay: 0.3352808952331543
10.8.8.130-66.220.156.2-42513-443-6,packet_id: 1,delay: 0.6502506732940674
10.8.8.130-66.220.156.2-42513-443-6,packet_id: 2,delay: 0.6305696964263916
10.8.8.130-66.220.156.2-42513-443-6,packet_id: 3,delay: 0.6284897327423096
10.8.8.130-66.220.156.2-42513-443-6,packet_id: 4,delay: 0.6279113292694092
10.8.8.130-66.220.156.2-42513-443-6,packet_id: 5,delay: 0.6277751922607422
10.8.8.130-66.220.156.2-42513-443-6,packet_id: 6,delay: 0.6258678436279297
10.8.8.130-66.220.156.2-42513-443-6,packet_id: 7,delay: 0.6314678192138672
10.8.8.130-66.220.156.2-42513-443-6,packet_id: 8,delay: 0.6265277862548828
10.8.8.130-66.220.156.2-42513-443-6,packet_id: 9,delay: 0.6195394992828369
10.8.8.130-66.220.156.2-42513-443-6,packet_id: 10,delay: 0.6242580413818359
131.202.240.87-134.170.19.124-10864-443-6,packet_id: 1,delay: 0.5611522197723389
131.202.240.87-134.170.19.124-10864-443-6,packet_id: 2,delay: 0.5622549057006836
131.202.240.87-134.170.19.124-10864-443-6,packet_id: 3,delay: 0.5371148586273193
131.202.240.87-134.170.19.124-10864-443-6,packet_id: 4,delay: 0.5468113422393799
131.202.240.87-134.170.19.124-10864-443-6,packet_id: 5,delay: 0.5543217658996582
131.202.240.87-134.170.19.124-10864-443-6,packet_id: 6,delay: 0.5446703433990479
131.202.240.87-134.170.19.124-10864-443-6,packet_id: 7,delay: 0.5524752140045166
131.202.240.87-134.170.19.124-10864-443-6,packet_id: 8,delay: 0.5341823101043701
131.202.240.87-134.170.19.124-10864-443-6,packet_id: 9,delay: 0.5287637710571289
10.8.8.130-77.103.197.35-52719-47872-6,packet_id: 1,delay: 0.31339478492736816
131.202.240.150-108.175.42.181-58287-80-6,packet_id: 1,delay: 0.31788134574890137
131.202.240.150-108.175.42.181-58287-80-6,packet_id: 2,delay: 0.2938857078552246
131.202.240.150-108.175.42.181-58287-80-6,packet_id: 3,delay: 0.30146360397338867
131.202.240.150-108.175.42.181-58287-80-6,packet_id: 4,delay: 0.28879642486572266
131.202.240.150-108.175.42.181-58287-80-6,packet_id: 5,delay: 0.2869384288787842
131.202.240.150-108.175.42.181-58287-80-6,packet_id: 6,delay: 0.3122897148132324
131.202.240.150-108.175.42.181-58287-80-6,packet_id: 7,delay: 0.3010902404785156
131.202.240.150-108.175.42.181-58287-80-6,packet_id: 8,delay: 0.3028695583343506
131.202.240.150-108.175.42.181-58287-80-6,packet_id: 9,delay: 0.27994608879089355
131.202.240.150-108.175.42.181-58287-80-6,packet_id: 10,delay: 0.3210108280181885
131.202.240.150-108.175.42.181-58287-80-6,packet_id: 11,delay: 0.2915918827056885
10.8.8.130-86.4.212.228-59320-59222-6,packet_id: 1,delay: 0.31763172149658203
10.8.8.130-86.4.212.228-59320-59222-6,packet_id: 2,delay: 0.3395195007324219
10.8.8.130-86.4.212.228-59320-59222-6,packet_id: 3,delay: 0.3238949775695801
10.8.8.130-86.4.212.228-59320-59222-6,packet_id: 4,delay: 0.3347313404083252
131.202.240.87-173.194.196.16-10784-465-6,packet_id: 1,delay: 0.20899081230163574
131.202.240.87-173.194.196.16-10790-465-6,packet_id: 1,delay: 0.2219250202178955
131.202.240.87-173.252.100.27-64842-443-6,packet_id: 1,delay: 0.21380257606506348
131.202.240.87-173.252.100.27-64842-443-6,packet_id: 2,delay: 0.23445463180541992
131.202.240.87-173.252.100.27-64842-443-6,packet_id: 3,delay: 0.21583056449890137
131.202.240.87-173.252.100.27-64842-443-6,packet_id: 4,delay: 0.24041056632995605
131.202.240.87-173.252.100.27-64842-443-6,packet_id: 5,delay: 0.21605181694030762
131.202.240.87-173.252.100.27-64842-443-6,packet_id: 6,delay: 0.24129414558410645
10.8.8.130-157.56.192.53-33104-443-6,packet_id: 1,delay: 0.3359646797180176
10.8.8.130-157.56.192.53-33104-443-6,packet_id: 2,delay: 0.3293631076812744
10.8.8.130-157.56.192.53-33104-443-6,packet_id: 3,delay: 0.33316993713378906
10.8.8.130-173.194.78.189-60098-443-6,packet_id: 1,delay: 0.4939296245574951
10.8.8.130-173.194.78.189-60098-443-6,packet_id: 2,delay: 0.468372106552124
10.8.8.130-173.194.78.189-60098-443-6,packet_id: 3,delay: 0.46381235122680664
10.8.8.130-173.194.78.189-60098-443-6,packet_id: 4,delay: 0.46714091300964355
10.8.8.130-173.194.78.189-60098-443-6,packet_id: 5,delay: 0.46410608291625977
10.8.8.130-173.194.78.189-60098-443-6,packet_id: 6,delay: 0.48290133476257324
134.170.19.124-131.202.240.87-443-10864-6,packet_id: 1,delay: 0.6176722049713135
134.170.19.124-131.202.240.87-443-10864-6,packet_id: 2,delay: 0.6044800281524658
134.170.19.124-131.202.240.87-443-10864-6,packet_id: 3,delay: 0.6000590324401855
134.170.19.124-131.202.240.87-443-10864-6,packet_id: 4,delay: 0.6067166328430176
134.170.19.124-131.202.240.87-443-10864-6,packet_id: 5,delay: 0.6113598346710205
134.170.19.124-131.202.240.87-443-10864-6,packet_id: 6,delay: 0.6025073528289795
134.170.19.124-131.202.240.87-443-10864-6,packet_id: 7,delay: 0.6109528541564941
134.170.19.124-131.202.240.87-443-10864-6,packet_id: 8,delay: 0.6149370670318604
134.170.19.124-131.202.240.87-443-10864-6,packet_id: 9,delay: 0.6429543495178223
134.170.19.124-131.202.240.87-443-10864-6,packet_id: 10,delay: 0.6279571056365967
131.202.240.87-178.237.17.103-42530-443-6,packet_id: 1,delay: 0.1911630630493164
131.202.240.87-178.237.17.103-42530-443-6,packet_id: 2,delay: 0.2171766757965088
131.202.240.150-108.175.43.146-60056-80-6,packet_id: 1,delay: 0.3467593193054199
131.202.240.150-108.175.43.146-60056-80-6,packet_id: 2,delay: 0.3375377655029297
131.202.240.150-108.175.43.146-60056-80-6,packet_id: 3,delay: 0.3459165096282959
131.202.240.150-108.175.43.146-60056-80-6,packet_id: 4,delay: 0.35228824615478516
131.202.240.150-108.175.43.146-60056-80-6,packet_id: 5,delay: 0.3520689010620117
131.202.240.150-108.175.43.146-60056-80-6,packet_id: 6,delay: 0.349484920501709
131.202.240.150-108.175.43.146-60056-80-6,packet_id: 7,delay: 0.36015987396240234
131.202.240.150-108.175.43.146-60056-80-6,packet_id: 8,delay: 0.3608098030090332
131.202.240.150-108.175.43.146-60056-80-6,packet_id: 9,delay: 0.33742642402648926
131.202.240.150-108.175.43.146-60056-80-6,packet_id: 10,delay: 0.3388698101043701
131.202.240.150-108.175.43.146-60056-80-6,packet_id: 11,delay: 0.3449580669403076
131.202.240.150-108.175.43.146-60056-80-6,packet_id: 12,delay: 0.3370018005371094
131.202.240.150-108.175.43.146-60056-80-6,packet_id: 13,delay: 0.36688971519470215
131.202.240.150-108.175.43.146-60056-80-6,packet_id: 14,delay: 0.34253978729248047
131.202.240.150-108.175.43.146-60056-80-6,packet_id: 15,delay: 0.36207032203674316
131.202.240.150-108.175.43.146-60056-80-6,packet_id: 16,delay: 0.35404276847839355
131.202.240.150-108.175.43.146-60056-80-6,packet_id: 17,delay: 0.351318359375
131.202.240.150-108.175.43.146-60056-80-6,packet_id: 18,delay: 0.352158784866333
131.202.240.150-108.175.43.146-60056-80-6,packet_id: 19,delay: 0.34096527099609375
184.29.105.106-131.202.240.150-80-45466-6,packet_id: 1,delay: 0.573169469833374
131.202.240.87-205.188.12.91-42522-443-6,packet_id: 1,delay: 0.5935614109039307
131.202.240.87-205.188.12.91-42522-443-6,packet_id: 2,delay: 0.5862011909484863
10.8.8.130-178.237.18.202-34342-443-6,packet_id: 1,delay: 0.35743236541748047
10.8.8.130-178.237.18.202-34342-443-6,packet_id: 2,delay: 0.33051085472106934
10.8.8.130-178.237.18.202-34342-443-6,packet_id: 3,delay: 0.34630751609802246
131.202.240.87-209.148.205.35-64882-443-6,packet_id: 1,delay: 0.25872135162353516
208.118.125.54-131.202.240.87-49266-42322-6,packet_id: 1,delay: 0.5965447425842285
10.8.8.130-205.188.12.43-44917-443-6,packet_id: 1,delay: 0.614300012588501
10.8.8.130-205.188.12.43-44917-443-6,packet_id: 2,delay: 0.6320946216583252
205.188.12.43-10.8.8.130-443-44917-6,packet_id: 1,delay: 0.5758085250854492
205.188.12.43-10.8.8.130-443-44917-6,packet_id: 2,delay: 0.5937485694885254
205.188.12.43-10.8.8.130-443-44917-6,packet_id: 3,delay: 0.5904839038848877
10.8.8.130-216.58.210.3-34920-443-6,packet_id: 1,delay: 0.39694666862487793
10.8.8.130-216.58.210.3-34920-443-6,packet_id: 2,delay: 0.38077354431152344
10.8.8.130-216.58.210.3-34920-443-6,packet_id: 3,delay: 0.37142491340637207
205.188.12.43-131.202.240.242-443-31783-6,packet_id: 1,delay: 0.5930664539337158
10.8.8.130-216.58.210.3-34927-443-6,packet_id: 1,delay: 0.3858928680419922
173.194.194.16-10.0.2.15-995-58959-6,packet_id: 1,delay: 0.42148685455322266
74.125.71.16-10.0.2.15-465-51254-6,packet_id: 1,delay: 0.5640003681182861
10.8.8.130-216.58.210.3-34930-443-6,packet_id: 1,delay: 0.39264345169067383
216.58.210.78-10.8.8.178-443-44923-6,packet_id: 1,delay: 0.18737339973449707
216.58.210.78-10.8.8.178-443-44923-6,packet_id: 2,delay: 0.18879938125610352
216.58.210.78-10.8.8.178-443-44923-6,packet_id: 3,delay: 0.19442224502563477
216.58.210.78-10.8.8.178-443-44923-6,packet_id: 4,delay: 0.2159748077392578
10.8.8.178-2.30.116.54-43020-58139-6,packet_id: 1,delay: 0.2710268497467041
10.8.8.178-2.30.116.54-43020-58139-6,packet_id: 2,delay: 0.28525757789611816
10.8.8.178-2.30.116.54-43020-58139-6,packet_id: 3,delay: 0.28081679344177246
10.8.8.178-2.30.116.54-43020-58139-6,packet_id: 4,delay: 0.2860598564147949
10.8.8.178-2.30.116.54-43020-58139-6,packet_id: 5,delay: 0.30465006828308105
10.8.8.178-2.30.116.54-43020-58139-6,packet_id: 6,delay: 0.28250885009765625
74.125.71.16-10.8.8.234-993-56529-6,packet_id: 1,delay: 0.5757095813751221
74.125.71.16-10.8.8.234-993-56529-6,packet_id: 2,delay: 0.5706510543823242
74.125.71.16-10.8.8.234-993-56529-6,packet_id: 3,delay: 0.5805184841156006
10.8.8.130-216.58.210.14-45184-443-6,packet_id: 1,delay: 0.48541259765625
10.8.8.130-216.58.210.14-45184-443-6,packet_id: 2,delay: 0.49304747581481934
10.8.8.130-216.58.210.14-45184-443-6,packet_id: 3,delay: 0.4880330562591553
10.8.8.130-216.58.210.14-45184-443-6,packet_id: 4,delay: 0.49903440475463867
10.8.8.130-216.58.210.14-45184-443-6,packet_id: 5,delay: 0.47542762756347656
10.8.8.130-216.58.210.14-45184-443-6,packet_id: 6,delay: 0.47069573402404785
10.8.8.130-216.58.210.14-45184-443-6,packet_id: 7,delay: 0.46035313606262207
10.8.8.130-216.58.210.14-45184-443-6,packet_id: 8,delay: 0.46697235107421875
10.8.8.130-216.58.210.14-45184-443-6,packet_id: 9,delay: 0.47627949714660645
10.8.8.130-216.58.210.14-45184-443-6,packet_id: 10,delay: 0.47603845596313477
10.8.8.130-216.58.210.14-45184-443-6,packet_id: 11,delay: 0.4748668670654297
10.8.8.130-216.58.210.14-45184-443-6,packet_id: 12,delay: 0.46616697311401367
10.8.8.130-216.58.210.14-45184-443-6,packet_id: 13,delay: 0.47064661979675293
10.8.8.130-216.58.210.14-45184-443-6,packet_id: 14,delay: 0.4649980068206787
10.8.8.130-216.58.210.14-45184-443-6,packet_id: 15,delay: 0.47578978538513184
10.8.8.130-216.58.210.14-45184-443-6,packet_id: 16,delay: 0.47181081771850586
10.8.8.234-74.125.71.16-56545-993-6,packet_id: 1,delay: 0.5857362747192383
10.8.8.234-74.125.71.16-56545-993-6,packet_id: 2,delay: 0.5960204601287842
185.2.220.137-10.8.8.138-80-43533-6,packet_id: 1,delay: 0.4648754596710205
185.2.220.137-10.8.8.138-80-43533-6,packet_id: 2,delay: 0.4594707489013672
185.2.220.137-10.8.8.138-80-43533-6,packet_id: 3,delay: 0.47472620010375977
185.2.220.137-10.8.8.138-80-43533-6,packet_id: 4,delay: 0.48255181312561035
185.2.220.137-10.8.8.138-80-43533-6,packet_id: 5,delay: 0.45470571517944336
185.2.220.137-10.8.8.138-80-43533-6,packet_id: 6,delay: 0.47203707695007324
185.2.220.137-10.8.8.138-80-43533-6,packet_id: 7,delay: 0.4529898166656494
185.2.220.137-10.8.8.138-80-43533-6,packet_id: 8,delay: 0.46071910858154297
185.2.220.137-10.8.8.138-80-43533-6,packet_id: 9,delay: 0.4676504135131836
185.2.220.137-10.8.8.138-80-43533-6,packet_id: 10,delay: 0.4716043472290039
185.2.220.137-10.8.8.138-80-43533-6,packet_id: 11,delay: 0.4634971618652344
185.2.220.137-10.8.8.138-80-43533-6,packet_id: 12,delay: 0.4728353023529053
185.2.220.137-10.8.8.138-80-43533-6,packet_id: 13,delay: 0.4677155017852783
185.2.220.137-10.8.8.138-80-43533-6,packet_id: 14,delay: 0.464249849319458
185.2.220.137-10.8.8.138-80-43533-6,packet_id: 15,delay: 0.4604809284210205
185.2.220.137-10.8.8.138-80-43533-6,packet_id: 16,delay: 0.475600004196167
185.2.220.137-10.8.8.138-80-43533-6,packet_id: 17,delay: 0.461653470993042
185.2.220.137-10.8.8.138-80-43533-6,packet_id: 18,delay: 0.47936153411865234
185.2.220.137-10.8.8.138-80-43533-6,packet_id: 19,delay: 0.46482300758361816
185.2.220.137-10.8.8.138-80-43533-6,packet_id: 20,delay: 0.4571645259857178
185.2.220.137-10.8.8.138-80-43533-6,packet_id: 21,delay: 0.4535226821899414
185.2.220.137-10.8.8.138-80-43533-6,packet_id: 22,delay: 0.45884227752685547
185.2.220.137-10.8.8.138-80-43533-6,packet_id: 23,delay: 0.44805312156677246
185.2.220.137-10.8.8.138-80-43533-6,packet_id: 24,delay: 0.45316290855407715
185.2.220.137-10.8.8.138-80-43533-6,packet_id: 25,delay: 0.45105838775634766
185.2.220.137-10.8.8.138-80-43533-6,packet_id: 26,delay: 0.4591362476348877
185.2.220.137-10.8.8.138-80-43533-6,packet_id: 27,delay: 0.4578859806060791
185.2.220.137-10.8.8.138-80-43533-6,packet_id: 28,delay: 0.45194220542907715
185.2.220.137-10.8.8.138-80-43533-6,packet_id: 29,delay: 0.4574427604675293
185.2.220.137-10.8.8.138-80-43533-6,packet_id: 30,delay: 0.4527003765106201
185.2.220.137-10.8.8.138-80-43533-6,packet_id: 31,delay: 0.453432559967041
185.2.220.137-10.8.8.138-80-43533-6,packet_id: 32,delay: 0.45996761322021484
185.2.220.137-10.8.8.138-80-43533-6,packet_id: 33,delay: 0.4478440284729004
185.2.220.137-10.8.8.138-80-43533-6,packet_id: 34,delay: 0.4698035717010498
185.2.220.137-10.8.8.138-80-43533-6,packet_id: 35,delay: 0.45514869689941406
185.2.220.137-10.8.8.138-80-43533-6,packet_id: 36,delay: 0.4686875343322754
185.2.220.137-10.8.8.138-80-43533-6,packet_id: 37,delay: 0.46541690826416016
185.2.220.137-10.8.8.138-80-43533-6,packet_id: 38,delay: 0.48821020126342773
185.2.220.137-10.8.8.138-80-43533-6,packet_id: 39,delay: 0.45353150367736816
185.2.220.137-10.8.8.138-80-43533-6,packet_id: 40,delay: 0.4640841484069824
185.2.220.137-10.8.8.138-80-43533-6,packet_id: 41,delay: 0.47069430351257324
185.2.220.137-10.8.8.138-80-43533-6,packet_id: 42,delay: 0.46159958839416504
185.2.220.137-10.8.8.138-80-43533-6,packet_id: 43,delay: 0.4670846462249756
185.2.220.137-10.8.8.138-80-43533-6,packet_id: 44,delay: 0.4517707824707031
185.2.220.137-10.8.8.138-80-43533-6,packet_id: 45,delay: 0.46115541458129883
185.2.220.137-10.8.8.138-80-43533-6,packet_id: 46,delay: 0.44304776191711426
185.2.220.137-10.8.8.138-80-43533-6,packet_id: 47,delay: 0.4618496894836426
185.2.220.137-10.8.8.138-80-43533-6,packet_id: 48,delay: 0.45890355110168457
185.2.220.137-10.8.8.138-80-43533-6,packet_id: 49,delay: 0.4663071632385254
185.2.220.137-10.8.8.138-80-43533-6,packet_id: 50,delay: 0.46431756019592285
185.2.220.137-10.8.8.138-80-43533-6,packet_id: 51,delay: 0.45590782165527344
185.2.220.137-10.8.8.138-80-43533-6,packet_id: 52,delay: 0.4687483310699463
185.2.220.137-10.8.8.138-80-43533-6,packet_id: 53,delay: 0.46795153617858887
185.2.220.137-10.8.8.138-80-43533-6,packet_id: 54,delay: 0.46523165702819824
185.2.220.137-10.8.8.138-80-43533-6,packet_id: 55,delay: 0.45915842056274414
185.2.220.137-10.8.8.138-80-43533-6,packet_id: 56,delay: 0.45729684829711914
185.2.220.137-10.8.8.138-80-43533-6,packet_id: 57,delay: 0.46085190773010254
185.2.220.137-10.8.8.138-80-43533-6,packet_id: 58,delay: 0.4455244541168213
185.2.220.137-10.8.8.138-80-43533-6,packet_id: 59,delay: 0.44275641441345215
185.2.220.137-10.8.8.138-80-43533-6,packet_id: 60,delay: 0.44187498092651367
185.2.220.137-10.8.8.138-80-43533-6,packet_id: 61,delay: 0.462766170501709
185.2.220.137-10.8.8.138-80-43533-6,packet_id: 62,delay: 0.4566822052001953
185.2.220.137-10.8.8.138-80-43533-6,packet_id: 63,delay: 0.4667339324951172
185.2.220.137-10.8.8.138-80-43533-6,packet_id: 64,delay: 0.4303250312805176
185.2.220.137-10.8.8.138-80-43533-6,packet_id: 65,delay: 0.46353745460510254
185.2.220.137-10.8.8.138-80-43533-6,packet_id: 66,delay: 0.4631195068359375
185.2.220.137-10.8.8.138-80-43533-6,packet_id: 67,delay: 0.45891857147216797
185.2.220.137-10.8.8.138-80-43533-6,packet_id: 68,delay: 0.45734715461730957
185.2.220.137-10.8.8.138-80-43533-6,packet_id: 69,delay: 0.45729947090148926
185.2.220.137-10.8.8.138-80-43533-6,packet_id: 70,delay: 0.46442747116088867
185.2.220.137-10.8.8.138-80-43533-6,packet_id: 71,delay: 0.45055341720581055
185.2.220.137-10.8.8.138-80-43533-6,packet_id: 72,delay: 0.4573483467102051
185.2.220.137-10.8.8.138-80-43533-6,packet_id: 73,delay: 0.4517996311187744
185.2.220.137-10.8.8.138-80-43533-6,packet_id: 74,delay: 0.44385671615600586
185.2.220.137-10.8.8.138-80-43533-6,packet_id: 75,delay: 0.47296571731567383
185.2.220.137-10.8.8.138-80-43533-6,packet_id: 76,delay: 0.5047199726104736
185.2.220.137-10.8.8.138-80-43533-6,packet_id: 77,delay: 0.4720790386199951
185.2.220.137-10.8.8.138-80-43533-6,packet_id: 78,delay: 0.4559140205383301
185.2.220.137-10.8.8.138-80-43533-6,packet_id: 79,delay: 0.4474976062774658
185.2.220.137-10.8.8.138-80-43533-6,packet_id: 80,delay: 0.4755702018737793
185.2.220.137-10.8.8.138-80-43533-6,packet_id: 81,delay: 0.45796895027160645
185.2.220.137-10.8.8.138-80-43533-6,packet_id: 82,delay: 0.4375317096710205
173.194.123.124-131.202.240.242-443-5983-6,packet_id: 1,delay: 0.3415496349334717
68.67.153.146-131.202.240.87-443-11327-6,packet_id: 1,delay: 0.2604646682739258
10.8.8.234-74.125.133.16-51040-993-6,packet_id: 1,delay: 0.548008918762207
10.8.8.234-74.125.133.16-51055-993-6,packet_id: 1,delay: 0.5746235847473145
10.8.8.234-74.125.133.16-51055-993-6,packet_id: 2,delay: 0.5271873474121094
10.8.8.234-74.125.133.16-51055-993-6,packet_id: 3,delay: 0.5183670520782471
10.8.8.234-74.125.133.16-51055-993-6,packet_id: 4,delay: 0.529895544052124
10.8.8.234-74.125.133.16-51055-993-6,packet_id: 5,delay: 0.5365381240844727
10.8.8.234-74.125.133.16-51055-993-6,packet_id: 6,delay: 0.5327942371368408
10.8.8.234-74.125.133.16-51055-993-6,packet_id: 7,delay: 0.546588659286499
10.8.8.234-74.125.133.16-51055-993-6,packet_id: 8,delay: 0.5252361297607422
10.8.8.178-23.67.255.209-39285-443-6,packet_id: 1,delay: 0.5996508598327637
10.8.8.178-23.192.162.186-46878-443-6,packet_id: 1,delay: 0.2366623878479004
131.202.240.150-108.175.43.161-57196-80-6,packet_id: 1,delay: 0.38875889778137207
131.202.240.150-108.175.43.161-57196-80-6,packet_id: 2,delay: 0.37305164337158203
131.202.240.150-108.175.43.161-57196-80-6,packet_id: 3,delay: 0.3815746307373047
131.202.240.150-108.175.43.161-57196-80-6,packet_id: 4,delay: 0.3687140941619873
131.202.240.150-108.175.43.161-57196-80-6,packet_id: 5,delay: 0.3904001712799072
131.202.240.150-108.175.43.161-57196-80-6,packet_id: 6,delay: 0.39246082305908203
131.202.240.150-108.175.43.161-57196-80-6,packet_id: 7,delay: 0.3956291675567627
131.202.240.150-108.175.43.161-57196-80-6,packet_id: 8,delay: 0.3720386028289795
131.202.240.150-108.175.43.161-57196-80-6,packet_id: 9,delay: 0.38423871994018555
131.202.240.150-108.175.43.161-57196-80-6,packet_id: 10,delay: 0.3889808654785156
131.202.240.150-108.175.43.161-57196-80-6,packet_id: 11,delay: 0.3839249610900879
131.202.240.150-108.175.43.161-57196-80-6,packet_id: 12,delay: 0.3820207118988037
131.202.240.150-108.175.43.161-57196-80-6,packet_id: 13,delay: 0.3818991184234619
131.202.240.150-108.175.43.161-57196-80-6,packet_id: 14,delay: 0.38496971130371094
131.202.240.150-108.175.43.161-57196-80-6,packet_id: 15,delay: 0.39565181732177734
131.202.240.150-108.175.43.161-57196-80-6,packet_id: 16,delay: 0.3701021671295166
131.202.240.150-108.175.43.161-57196-80-6,packet_id: 17,delay: 0.386476993560791
10.8.8.178-63.245.217.113-38085-443-6,packet_id: 1,delay: 0.45694613456726074
10.8.8.178-63.245.217.113-38086-443-6,packet_id: 1,delay: 0.48501062393188477
10.8.8.178-86.4.212.228-52449-59222-6,packet_id: 1,delay: 0.3380403518676758
10.8.8.138-185.2.220.137-43535-80-6,packet_id: 1,delay: 0.47850751876831055
10.8.8.138-208.117.251.116-56550-443-6,packet_id: 1,delay: 0.46795082092285156
10.8.8.138-208.117.251.116-56550-443-6,packet_id: 2,delay: 0.4569356441497803
10.8.8.138-208.117.251.116-56550-443-6,packet_id: 3,delay: 0.45804691314697266
10.8.8.178-134.170.25.26-54269-443-6,packet_id: 1,delay: 0.2692861557006836
10.8.8.178-134.170.25.26-54269-443-6,packet_id: 2,delay: 0.2548787593841553
10.8.8.234-74.125.133.16-51056-993-6,packet_id: 1,delay: 0.5457282066345215
10.8.8.234-74.125.133.16-51056-993-6,packet_id: 2,delay: 0.525752067565918
10.8.8.234-74.125.133.16-51056-993-6,packet_id: 3,delay: 0.5164287090301514
10.8.8.234-74.125.133.16-51056-993-6,packet_id: 4,delay: 0.5275816917419434
10.8.8.234-74.125.133.16-51056-993-6,packet_id: 5,delay: 0.5246529579162598
10.8.8.234-74.125.133.16-51056-993-6,packet_id: 6,delay: 0.5274562835693359
10.8.8.234-74.125.133.16-51056-993-6,packet_id: 7,delay: 0.5219054222106934
10.8.8.234-74.125.133.16-51056-993-6,packet_id: 8,delay: 0.5305931568145752
10.8.8.178-173.194.67.94-34123-443-6,packet_id: 1,delay: 0.24105000495910645
10.8.8.178-173.194.67.94-34123-443-6,packet_id: 2,delay: 0.2615830898284912
10.8.8.138-208.117.251.116-56557-443-6,packet_id: 1,delay: 0.4519376754760742
10.8.8.138-208.117.251.116-56568-443-6,packet_id: 1,delay: 0.4753835201263428
10.8.8.178-173.194.67.189-57926-443-6,packet_id: 1,delay: 0.5239753723144531
10.8.8.178-173.194.67.189-57926-443-6,packet_id: 2,delay: 0.5295734405517578
10.8.8.178-173.194.67.189-57926-443-6,packet_id: 3,delay: 0.5317604541778564
10.8.8.178-173.194.67.189-57926-443-6,packet_id: 4,delay: 0.5190644264221191
10.8.8.178-173.194.67.189-57926-443-6,packet_id: 5,delay: 0.5169219970703125
10.8.8.178-173.194.67.189-57926-443-6,packet_id: 6,delay: 0.5093240737915039
10.8.8.138-208.117.251.116-56577-443-6,packet_id: 1,delay: 0.46465611457824707
10.8.8.138-208.117.251.116-56577-443-6,packet_id: 2,delay: 0.4581139087677002
10.8.8.138-208.117.251.116-56622-443-6,packet_id: 1,delay: 0.4583277702331543
10.8.8.138-208.117.251.116-56622-443-6,packet_id: 2,delay: 0.4552288055419922
10.8.8.138-208.117.251.116-56647-443-6,packet_id: 1,delay: 0.44561147689819336
10.8.8.138-208.117.251.116-56647-443-6,packet_id: 2,delay: 0.45623230934143066
10.8.8.234-173.194.67.16-37858-465-6,packet_id: 1,delay: 0.424274206161499
10.8.8.234-173.194.67.16-37875-465-6,packet_id: 1,delay: 0.43352389335632324
10.8.8.178-173.252.100.27-47132-443-6,packet_id: 1,delay: 0.27604103088378906
10.8.8.178-173.252.100.27-47132-443-6,packet_id: 2,delay: 0.28093791007995605
10.8.8.178-173.252.100.27-47132-443-6,packet_id: 3,delay: 0.26883506774902344
10.8.8.178-173.252.100.27-47132-443-6,packet_id: 4,delay: 0.2736794948577881
10.8.8.178-173.252.100.27-47132-443-6,packet_id: 5,delay: 0.270784854888916
10.8.8.178-173.252.100.27-47132-443-6,packet_id: 6,delay: 0.28891825675964355
10.8.8.138-209.148.205.35-42190-443-6,packet_id: 1,delay: 0.46131420135498047
10.8.8.138-209.148.205.35-42190-443-6,packet_id: 2,delay: 0.44743967056274414
10.8.8.138-209.148.205.35-42190-443-6,packet_id: 3,delay: 0.43903398513793945
10.8.8.138-209.148.205.35-42190-443-6,packet_id: 4,delay: 0.4582850933074951
10.8.8.234-173.194.67.16-37877-465-6,packet_id: 1,delay: 0.42801880836486816
10.8.8.234-173.194.67.16-37883-465-6,packet_id: 1,delay: 0.40393757820129395
131.202.240.150-173.194.20.107-44157-443-6,packet_id: 1,delay: 0.2697319984436035
131.202.240.150-173.194.20.107-44157-443-6,packet_id: 2,delay: 0.27050328254699707
131.202.240.150-173.194.20.107-44157-443-6,packet_id: 3,delay: 0.2705864906311035
131.202.240.150-173.194.20.107-44157-443-6,packet_id: 4,delay: 0.2794311046600342
199.212.24.172-131.202.240.150-443-56874-6,packet_id: 1,delay: 0.6792290210723877
199.212.24.172-131.202.240.150-443-56874-6,packet_id: 2,delay: 0.6594984531402588
199.212.24.172-131.202.240.150-443-56874-6,packet_id: 3,delay: 0.6733076572418213
199.212.24.172-131.202.240.150-443-56874-6,packet_id: 4,delay: 0.6747596263885498
199.212.24.172-131.202.240.150-443-56874-6,packet_id: 5,delay: 0.6645011901855469
199.212.24.172-131.202.240.150-443-56874-6,packet_id: 6,delay: 0.6473994255065918
199.212.24.172-131.202.240.150-443-56874-6,packet_id: 7,delay: 0.6789505481719971
199.212.24.172-131.202.240.150-443-56874-6,packet_id: 8,delay: 0.6869680881500244
10.8.8.178-178.237.17.103-51318-443-6,packet_id: 1,delay: 0.24780726432800293
10.8.8.178-178.237.17.103-51318-443-6,packet_id: 2,delay: 0.24879240989685059
10.8.8.178-178.237.17.103-51318-443-6,packet_id: 3,delay: 0.23679852485656738
10.8.8.178-178.237.17.103-51318-443-6,packet_id: 4,delay: 0.2538604736328125
10.8.8.178-178.237.17.103-51318-443-6,packet_id: 5,delay: 0.23580121994018555
131.202.240.150-184.73.252.179-39085-80-6,packet_id: 1,delay: 0.6006152629852295
131.202.240.150-199.127.194.212-41858-443-6,packet_id: 1,delay: 0.3228797912597656
209.148.205.33-131.202.240.150-80-41146-6,packet_id: 1,delay: 0.5917227268218994
131.202.240.150-199.212.24.172-56874-443-6,packet_id: 1,delay: 0.6642484664916992
131.202.240.150-199.212.24.172-56874-443-6,packet_id: 2,delay: 0.6632153987884521
131.202.240.150-199.212.24.172-56874-443-6,packet_id: 3,delay: 0.6779053211212158
131.202.240.150-199.212.24.172-56874-443-6,packet_id: 4,delay: 0.6581933498382568
131.202.240.150-199.212.24.172-56874-443-6,packet_id: 5,delay: 0.6650762557983398
131.202.240.150-199.212.24.172-56874-443-6,packet_id: 6,delay: 0.6443665027618408
131.202.240.150-199.212.24.172-56874-443-6,packet_id: 7,delay: 0.6671147346496582
131.202.240.150-199.212.24.172-56874-443-6,packet_id: 8,delay: 0.6739339828491211
131.202.240.150-199.212.24.172-56874-443-6,packet_id: 9,delay: 0.6731216907501221
131.202.240.150-199.212.24.172-56874-443-6,packet_id: 10,delay: 0.6753318309783936
131.202.240.150-199.212.24.172-56874-443-6,packet_id: 11,delay: 0.6694154739379883
131.202.240.150-199.212.24.172-56874-443-6,packet_id: 12,delay: 0.6813652515411377
131.202.240.150-199.212.24.172-56874-443-6,packet_id: 13,delay: 0.6787779331207275
131.202.240.150-199.212.24.172-56874-443-6,packet_id: 14,delay: 0.6697707176208496
131.202.240.150-199.212.24.172-56874-443-6,packet_id: 15,delay: 0.6729223728179932
131.202.240.150-199.212.24.172-56874-443-6,packet_id: 16,delay: 0.6710629463195801
131.202.240.150-199.212.24.172-56874-443-6,packet_id: 17,delay: 0.6670489311218262
131.202.240.150-199.212.24.172-56874-443-6,packet_id: 18,delay: 0.6743602752685547
131.202.240.150-199.212.24.172-56874-443-6,packet_id: 19,delay: 0.6565852165222168
131.202.240.150-199.212.24.172-56874-443-6,packet_id: 20,delay: 0.668304443359375
131.202.240.150-199.212.24.172-56874-443-6,packet_id: 21,delay: 0.6765062808990479
131.202.240.150-199.212.24.172-56874-443-6,packet_id: 22,delay: 0.6921234130859375
131.202.240.150-199.212.24.172-56874-443-6,packet_id: 23,delay: 0.6913104057312012
131.202.240.150-199.212.24.172-56874-443-6,packet_id: 24,delay: 0.6792569160461426
131.202.240.150-199.212.24.172-56874-443-6,packet_id: 25,delay: 0.6707136631011963
131.202.240.150-199.212.24.172-56874-443-6,packet_id: 26,delay: 0.6816422939300537
131.202.240.150-199.212.24.172-56874-443-6,packet_id: 27,delay: 0.6770484447479248
131.202.240.150-199.212.24.172-56874-443-6,packet_id: 28,delay: 0.6926867961883545
131.202.240.150-199.212.24.172-56874-443-6,packet_id: 29,delay: 0.6693143844604492
131.202.240.150-199.212.24.172-56874-443-6,packet_id: 30,delay: 0.6606919765472412
131.202.240.150-199.212.24.172-56874-443-6,packet_id: 31,delay: 0.6705489158630371
131.202.240.150-199.212.24.172-56874-443-6,packet_id: 32,delay: 0.6696915626525879
10.8.8.178-205.188.12.91-48911-443-6,packet_id: 1,delay: 0.6208374500274658
10.8.8.178-216.58.208.35-52205-443-6,packet_id: 1,delay: 0.5099616050720215
10.8.8.178-216.58.208.37-51920-443-6,packet_id: 1,delay: 0.26500678062438965
10.8.8.178-216.58.208.46-38243-443-6,packet_id: 1,delay: 0.577918291091919
10.8.8.178-216.58.208.46-38243-443-6,packet_id: 2,delay: 0.5861868858337402
10.8.8.178-216.58.208.46-38243-443-6,packet_id: 3,delay: 0.595355749130249
10.8.8.178-216.58.208.46-38243-443-6,packet_id: 4,delay: 0.6327707767486572
10.8.8.178-216.58.208.46-38243-443-6,packet_id: 5,delay: 0.5995025634765625
208.117.251.116-10.8.8.138-443-56550-6,packet_id: 1,delay: 0.4640650749206543
208.117.251.116-10.8.8.138-443-56550-6,packet_id: 2,delay: 0.4613831043243408
208.117.251.116-10.8.8.138-443-56550-6,packet_id: 3,delay: 0.4370150566101074
208.117.251.116-10.8.8.138-443-56550-6,packet_id: 4,delay: 0.48079371452331543
208.117.251.116-10.8.8.138-443-56550-6,packet_id: 5,delay: 0.4676690101623535
205.188.12.91-10.8.8.178-443-48911-6,packet_id: 1,delay: 0.5876686573028564
178.237.18.202-10.8.8.130-443-34342-6,packet_id: 1,delay: 0.33106541633605957
178.237.18.202-10.8.8.130-443-34342-6,packet_id: 2,delay: 0.3466758728027344
178.237.18.202-10.8.8.130-443-34342-6,packet_id: 3,delay: 0.3388853073120117
178.237.18.202-10.8.8.130-443-34342-6,packet_id: 4,delay: 0.33242130279541016
178.237.18.202-10.8.8.130-443-34342-6,packet_id: 5,delay: 0.3410522937774658
178.237.18.202-10.8.8.130-443-34342-6,packet_id: 6,delay: 0.35980749130249023
173.194.196.16-131.202.240.242-465-5488-6,packet_id: 1,delay: 0.2781834602355957
205.188.12.91-131.202.240.87-443-42522-6,packet_id: 1,delay: 0.5938940048217773
173.194.196.16-131.202.240.242-465-5492-6,packet_id: 1,delay: 0.27716708183288574
216.58.210.14-10.8.8.130-443-45184-6,packet_id: 1,delay: 0.5791888236999512
216.58.210.14-10.8.8.130-443-45184-6,packet_id: 2,delay: 0.5779929161071777
216.58.210.14-10.8.8.130-443-45184-6,packet_id: 3,delay: 0.5830261707305908
216.58.210.14-10.8.8.130-443-45184-6,packet_id: 4,delay: 0.5868914127349854
216.58.210.14-10.8.8.130-443-45184-6,packet_id: 5,delay: 0.5750916004180908
216.58.210.14-10.8.8.130-443-45184-6,packet_id: 6,delay: 0.5778045654296875
216.58.210.14-10.8.8.130-443-45184-6,packet_id: 7,delay: 0.603562593460083
216.58.210.14-10.8.8.130-443-45184-6,packet_id: 8,delay: 0.6040472984313965
216.58.210.14-10.8.8.130-443-45184-6,packet_id: 9,delay: 0.5835416316986084
216.58.210.14-10.8.8.130-443-45184-6,packet_id: 10,delay: 0.5804288387298584
216.58.210.14-10.8.8.130-443-45184-6,packet_id: 11,delay: 0.5837631225585938
216.58.210.14-10.8.8.130-443-45184-6,packet_id: 12,delay: 0.6163895130157471
216.58.210.14-10.8.8.130-443-45184-6,packet_id: 13,delay: 0.588299036026001
216.58.210.14-10.8.8.130-443-45184-6,packet_id: 14,delay: 0.5674827098846436
216.58.210.14-10.8.8.130-443-45184-6,packet_id: 15,delay: 0.5989360809326172
216.58.210.14-10.8.8.130-443-45184-6,packet_id: 16,delay: 0.5836277008056641
216.58.210.14-10.8.8.130-443-45184-6,packet_id: 17,delay: 0.5736546516418457
216.58.210.14-10.8.8.130-443-45184-6,packet_id: 18,delay: 0.5843214988708496
216.58.210.14-10.8.8.130-443-45184-6,packet_id: 19,delay: 0.5789604187011719
216.58.210.14-10.8.8.130-443-45184-6,packet_id: 20,delay: 0.5652265548706055
173.194.196.16-131.202.240.242-465-5524-6,packet_id: 1,delay: 0.2768552303314209
10.8.8.178-216.58.208.46-38246-443-6,packet_id: 1,delay: 0.6274635791778564
173.194.196.16-131.202.240.242-465-5527-6,packet_id: 1,delay: 0.2750988006591797
208.117.251.116-10.8.8.138-443-56560-6,packet_id: 1,delay: 0.42673397064208984
208.117.251.116-10.8.8.138-443-56560-6,packet_id: 2,delay: 0.4618968963623047
208.117.251.116-10.8.8.138-443-56560-6,packet_id: 3,delay: 0.45174551010131836
10.8.8.178-216.58.208.46-38264-443-6,packet_id: 1,delay: 0.6157898902893066
10.8.8.178-216.58.208.46-38264-443-6,packet_id: 2,delay: 0.6121470928192139
10.8.8.178-216.58.208.46-38264-443-6,packet_id: 3,delay: 0.5972299575805664
10.8.8.178-216.58.208.46-38264-443-6,packet_id: 4,delay: 0.5954086780548096
74.125.70.16-131.202.240.242-995-5479-6,packet_id: 1,delay: 0.3293600082397461
131.202.240.242-68.67.153.2-5887-80-6,packet_id: 1,delay: 0.3394150733947754
131.202.240.242-69.172.216.55-5957-443-6,packet_id: 1,delay: 0.6163744926452637
178.237.18.202-131.202.240.242-443-31773-6,packet_id: 1,delay: 0.34725189208984375
208.117.251.116-10.8.8.138-443-56577-6,packet_id: 1,delay: 0.4615020751953125
131.202.240.242-74.125.193.16-5535-995-6,packet_id: 1,delay: 0.5253684520721436
208.117.251.116-10.8.8.138-443-56587-6,packet_id: 1,delay: 0.4702892303466797
131.202.240.242-131.202.240.87-5619-42322-6,packet_id: 1,delay: 0.2581756114959717
131.202.240.242-131.202.240.87-5619-42322-6,packet_id: 2,delay: 0.28627824783325195
131.202.240.242-131.202.240.87-5619-42322-6,packet_id: 3,delay: 0.24720096588134766
131.202.240.242-131.202.240.87-5619-42322-6,packet_id: 4,delay: 0.24285268783569336
131.202.240.242-131.202.240.87-5619-42322-6,packet_id: 5,delay: 0.24516510963439941
131.202.240.242-131.202.240.87-5619-42322-6,packet_id: 6,delay: 0.2618718147277832
131.202.240.242-131.202.240.87-5619-42322-6,packet_id: 7,delay: 0.2815122604370117
131.202.240.242-131.202.240.87-5619-42322-6,packet_id: 8,delay: 0.26535820960998535
131.202.240.242-131.202.240.87-5619-42322-6,packet_id: 9,delay: 0.28014659881591797
131.202.240.242-131.202.240.87-5619-42322-6,packet_id: 10,delay: 0.265972375869751
131.202.240.242-131.202.240.87-5619-42322-6,packet_id: 11,delay: 0.27611517906188965
131.202.240.242-131.202.240.87-5619-42322-6,packet_id: 12,delay: 0.28974127769470215
131.202.240.242-131.202.240.87-5619-42322-6,packet_id: 13,delay: 0.27577686309814453
131.202.240.242-131.202.240.87-5619-42322-6,packet_id: 14,delay: 0.2649705410003662
131.202.240.242-131.202.240.87-5619-42322-6,packet_id: 15,delay: 0.263047456741333
131.202.240.242-131.202.240.87-5619-42322-6,packet_id: 16,delay: 0.2679421901702881
131.202.240.242-131.202.240.87-5619-42322-6,packet_id: 17,delay: 0.2739427089691162
131.202.240.242-131.202.240.87-5619-42322-6,packet_id: 18,delay: 0.2805180549621582
131.202.240.242-131.202.240.87-5619-42322-6,packet_id: 19,delay: 0.27309346199035645
131.202.240.242-131.202.240.87-5619-42322-6,packet_id: 20,delay: 0.2857706546783447
131.202.240.242-131.202.240.87-5619-42322-6,packet_id: 21,delay: 0.3012654781341553
131.202.240.242-131.202.240.87-5619-42322-6,packet_id: 22,delay: 0.3007972240447998
131.202.240.242-131.202.240.87-5619-42322-6,packet_id: 23,delay: 0.2662501335144043
131.202.240.242-131.202.240.87-5619-42322-6,packet_id: 24,delay: 0.284379243850708
131.202.240.242-131.202.240.87-5619-42322-6,packet_id: 25,delay: 0.2497255802154541
131.202.240.242-131.202.240.87-5619-42322-6,packet_id: 26,delay: 0.27318334579467773
131.202.240.242-131.202.240.87-5619-42322-6,packet_id: 27,delay: 0.2933995723724365
131.202.240.242-131.202.240.87-5619-42322-6,packet_id: 28,delay: 0.2608957290649414
131.202.240.242-131.202.240.87-5619-42322-6,packet_id: 29,delay: 0.25306177139282227
10.8.8.178-216.58.210.35-59222-443-6,packet_id: 1,delay: 0.25905323028564453
208.117.251.116-10.8.8.138-443-56597-6,packet_id: 1,delay: 0.47430419921875
10.8.8.178-216.58.210.35-59252-443-6,packet_id: 1,delay: 0.2512967586517334
208.117.251.116-10.8.8.138-443-56603-6,packet_id: 1,delay: 0.46843481063842773
10.8.8.178-216.58.210.46-39796-443-6,packet_id: 1,delay: 0.28532934188842773
10.8.8.178-216.58.210.46-39796-443-6,packet_id: 2,delay: 0.24387001991271973
10.8.8.178-216.58.210.46-39796-443-6,packet_id: 3,delay: 0.251629114151001
10.8.8.178-216.58.210.46-39796-443-6,packet_id: 4,delay: 0.2843945026397705
10.8.8.178-216.58.210.46-39796-443-6,packet_id: 5,delay: 0.25709962844848633
10.8.8.178-216.58.210.46-39796-443-6,packet_id: 6,delay: 0.25414228439331055
208.117.251.116-10.8.8.138-443-56605-6,packet_id: 1,delay: 0.46042704582214355
208.117.251.116-10.8.8.138-443-56605-6,packet_id: 2,delay: 0.4558992385864258
208.117.251.116-10.8.8.138-443-56622-6,packet_id: 1,delay: 0.47333717346191406
208.117.251.116-10.8.8.138-443-56622-6,packet_id: 2,delay: 0.4851679801940918
208.117.251.116-10.8.8.138-443-56633-6,packet_id: 1,delay: 0.468752384185791
208.117.251.116-10.8.8.138-443-56633-6,packet_id: 2,delay: 0.45346784591674805
10.8.8.178-216.58.210.78-44923-443-6,packet_id: 1,delay: 0.2784745693206787
10.8.8.178-216.58.210.78-44923-443-6,packet_id: 2,delay: 0.25954246520996094
208.117.251.116-10.8.8.138-443-56641-6,packet_id: 1,delay: 0.46123385429382324
131.202.240.150-199.212.24.173-53736-443-6,packet_id: 1,delay: 0.5095622539520264
131.202.240.150-199.212.24.173-54334-443-6,packet_id: 1,delay: 0.4960927963256836
131.202.240.150-199.212.24.173-54334-443-6,packet_id: 2,delay: 0.5185902118682861
131.202.240.150-199.212.24.173-54334-443-6,packet_id: 3,delay: 0.4884607791900635
131.202.240.150-199.212.24.173-54334-443-6,packet_id: 4,delay: 0.5215742588043213
131.202.240.150-199.212.24.173-54334-443-6,packet_id: 5,delay: 0.49343299865722656
131.202.240.150-199.212.24.173-54334-443-6,packet_id: 6,delay: 0.48322415351867676
204.83.155.169-10.0.2.15-32620-54963-6,packet_id: 1,delay: 0.7450580596923828
204.83.155.169-10.0.2.15-32620-55727-6,packet_id: 1,delay: 0.7663452625274658
131.202.240.150-199.212.24.173-54540-443-6,packet_id: 1,delay: 0.49770331382751465
131.202.240.150-199.212.24.173-54540-443-6,packet_id: 2,delay: 0.49085021018981934
131.202.240.150-199.212.24.173-54540-443-6,packet_id: 3,delay: 0.5195083618164062
131.202.240.150-199.212.24.173-54540-443-6,packet_id: 4,delay: 0.5001556873321533
131.202.240.150-199.212.24.173-54540-443-6,packet_id: 5,delay: 0.5161125659942627
131.202.240.150-199.212.24.173-54540-443-6,packet_id: 6,delay: 0.5041859149932861
131.202.240.150-199.212.24.173-54540-443-6,packet_id: 7,delay: 0.5136158466339111
131.202.240.150-199.212.24.173-54540-443-6,packet_id: 8,delay: 0.51401686668396
131.202.240.150-199.212.24.173-54540-443-6,packet_id: 9,delay: 0.5064880847930908
209.148.205.41-10.8.8.138-80-57838-6,packet_id: 1,delay: 0.6513519287109375
209.148.205.41-10.8.8.138-443-60124-6,packet_id: 1,delay: 0.6318638324737549
209.148.205.41-10.8.8.138-443-60124-6,packet_id: 2,delay: 0.6912329196929932
209.148.205.41-10.8.8.138-443-60124-6,packet_id: 3,delay: 0.6459066867828369
209.148.205.41-10.8.8.138-443-60124-6,packet_id: 4,delay: 0.6554875373840332
209.148.205.41-10.8.8.138-443-60124-6,packet_id: 5,delay: 0.665294885635376
209.148.205.41-10.8.8.138-443-60124-6,packet_id: 6,delay: 0.6715497970581055
209.148.205.41-10.8.8.138-443-60124-6,packet_id: 7,delay: 0.6474826335906982
209.148.205.41-10.8.8.138-443-60124-6,packet_id: 8,delay: 0.6543841361999512
209.148.205.41-10.8.8.138-443-60124-6,packet_id: 9,delay: 0.654794454574585
209.148.205.41-10.8.8.138-443-60124-6,packet_id: 10,delay: 0.6678698062896729
216.58.219.230-131.202.240.150-443-35187-6,packet_id: 1,delay: 0.6586410999298096
216.58.219.230-131.202.240.242-443-5999-6,packet_id: 1,delay: 0.587277889251709
131.202.240.242-157.56.126.188-5589-443-6,packet_id: 1,delay: 0.39337873458862305
131.202.240.242-157.56.126.188-5589-443-6,packet_id: 2,delay: 0.4285597801208496
131.202.240.242-157.56.126.188-5589-443-6,packet_id: 3,delay: 0.41129159927368164
131.202.240.242-157.56.126.188-5589-443-6,packet_id: 4,delay: 0.4178812503814697
131.202.240.242-157.56.126.188-5589-443-6,packet_id: 5,delay: 0.3952152729034424
131.202.240.242-157.56.126.188-5589-443-6,packet_id: 6,delay: 0.40129947662353516
131.202.240.242-157.56.126.188-5589-443-6,packet_id: 7,delay: 0.3880014419555664
131.202.240.242-157.56.126.188-5589-443-6,packet_id: 8,delay: 0.3930213451385498
131.202.240.242-157.56.126.188-5589-443-6,packet_id: 9,delay: 0.3872077465057373
216.58.219.206-131.202.240.150-443-59290-6,packet_id: 1,delay: 0.42307162284851074
157.56.126.188-131.202.240.242-443-5589-6,packet_id: 1,delay: 0.38110947608947754
157.56.126.188-131.202.240.242-443-5589-6,packet_id: 2,delay: 0.43755650520324707
157.56.126.188-131.202.240.242-443-5589-6,packet_id: 3,delay: 0.3910715579986572
157.56.126.188-131.202.240.242-443-5589-6,packet_id: 4,delay: 0.39043140411376953
157.56.126.188-131.202.240.242-443-5589-6,packet_id: 5,delay: 0.4076542854309082
157.56.126.188-131.202.240.242-443-5589-6,packet_id: 6,delay: 0.3874497413635254
157.56.126.188-131.202.240.242-443-5589-6,packet_id: 7,delay: 0.3953535556793213
157.56.126.188-131.202.240.242-443-5589-6,packet_id: 8,delay: 0.39455175399780273
157.56.126.188-131.202.240.242-443-5589-6,packet_id: 9,delay: 0.40340447425842285
157.56.126.188-131.202.240.242-443-5589-6,packet_id: 10,delay: 0.3935282230377197
157.56.126.188-131.202.240.242-443-5589-6,packet_id: 11,delay: 0.40908312797546387
157.56.126.188-131.202.240.242-443-5589-6,packet_id: 12,delay: 0.4027574062347412
157.56.126.188-131.202.240.242-443-5589-6,packet_id: 13,delay: 0.3979043960571289
216.58.219.206-131.202.240.150-443-59539-6,packet_id: 1,delay: 0.4475557804107666
216.58.219.206-131.202.240.150-443-59539-6,packet_id: 2,delay: 0.41548800468444824
131.202.240.150-199.212.24.173-54563-443-6,packet_id: 1,delay: 0.5308544635772705
131.202.240.150-199.212.24.173-54563-443-6,packet_id: 2,delay: 0.5204007625579834
131.202.240.150-199.212.24.173-54563-443-6,packet_id: 3,delay: 0.5098021030426025
131.202.240.150-199.212.24.173-54563-443-6,packet_id: 4,delay: 0.518113374710083
131.202.240.150-199.212.24.173-54563-443-6,packet_id: 5,delay: 0.51694655418396
131.202.240.150-199.212.24.173-54563-443-6,packet_id: 6,delay: 0.5014636516571045
131.202.240.150-199.212.24.173-54563-443-6,packet_id: 7,delay: 0.5074257850646973
131.202.240.150-199.212.24.173-54563-443-6,packet_id: 8,delay: 0.5381934642791748
209.148.205.41-131.202.240.150-443-34177-6,packet_id: 1,delay: 0.605004072189331
209.148.205.41-131.202.240.150-443-34177-6,packet_id: 2,delay: 0.5973281860351562
209.148.205.35-10.8.8.138-443-42010-6,packet_id: 1,delay: 0.44520020484924316
209.148.205.35-10.8.8.138-443-42010-6,packet_id: 2,delay: 0.461993932723999
209.148.205.35-10.8.8.138-443-42010-6,packet_id: 3,delay: 0.45926928520202637
209.148.205.35-10.8.8.138-443-42010-6,packet_id: 4,delay: 0.48794007301330566
209.148.205.35-10.8.8.138-443-42010-6,packet_id: 5,delay: 0.46085238456726074
209.148.205.35-10.8.8.138-443-42010-6,packet_id: 6,delay: 0.4670219421386719
209.148.205.35-10.8.8.138-443-42010-6,packet_id: 7,delay: 0.4967041015625
209.148.205.35-10.8.8.138-443-42010-6,packet_id: 8,delay: 0.46578049659729004
209.148.205.35-10.8.8.138-443-42010-6,packet_id: 9,delay: 0.4543492794036865
209.148.205.35-10.8.8.138-443-42010-6,packet_id: 10,delay: 0.45996665954589844
209.148.205.41-131.202.240.150-443-34203-6,packet_id: 1,delay: 0.6060082912445068
173.194.67.16-10.8.8.234-465-37826-6,packet_id: 1,delay: 0.42133665084838867
131.202.240.242-173.194.196.16-5500-465-6,packet_id: 1,delay: 0.24413228034973145
173.194.67.16-10.8.8.234-465-37857-6,packet_id: 1,delay: 0.42289257049560547
131.202.240.242-173.194.196.16-5529-465-6,packet_id: 1,delay: 0.28386831283569336
173.194.67.16-10.8.8.234-465-37860-6,packet_id: 1,delay: 0.4337756633758545
131.202.240.242-173.252.100.27-32576-443-6,packet_id: 1,delay: 0.28449416160583496
173.194.67.16-10.8.8.234-465-37865-6,packet_id: 1,delay: 0.4199092388153076
131.202.240.242-178.237.18.202-31773-443-6,packet_id: 1,delay: 0.35129833221435547
131.202.240.150-199.212.24.174-43919-443-6,packet_id: 1,delay: 0.7286031246185303
131.202.240.150-199.212.24.174-43919-443-6,packet_id: 2,delay: 0.7192435264587402
131.202.240.150-199.212.24.174-43919-443-6,packet_id: 3,delay: 0.7240049839019775
131.202.240.150-199.212.24.174-43919-443-6,packet_id: 4,delay: 0.7131845951080322
173.194.67.16-10.8.8.234-465-37872-6,packet_id: 1,delay: 0.43198728561401367
131.202.240.242-216.58.219.230-5999-443-6,packet_id: 1,delay: 0.47109246253967285
131.202.240.150-199.212.24.175-58587-443-6,packet_id: 1,delay: 0.25940537452697754
131.202.240.150-199.212.24.175-58600-443-6,packet_id: 1,delay: 0.27445149421691895
131.202.240.150-199.212.24.175-58600-443-6,packet_id: 2,delay: 0.28289103507995605
209.148.205.35-10.8.8.138-443-42190-6,packet_id: 1,delay: 0.45516490936279297
209.148.205.35-10.8.8.138-443-42190-6,packet_id: 2,delay: 0.4712052345275879
209.148.205.35-10.8.8.138-443-42190-6,packet_id: 3,delay: 0.47260165214538574
209.148.205.35-10.8.8.138-443-42190-6,packet_id: 4,delay: 0.4634244441986084
209.148.205.35-10.8.8.138-443-42190-6,packet_id: 5,delay: 0.4559359550476074
209.148.205.35-10.8.8.138-443-42190-6,packet_id: 6,delay: 0.44979190826416016
209.148.205.35-10.8.8.138-443-42190-6,packet_id: 7,delay: 0.46840524673461914
209.148.205.35-10.8.8.138-443-42190-6,packet_id: 8,delay: 0.4417870044708252
209.148.205.35-10.8.8.138-443-42190-6,packet_id: 9,delay: 0.46248364448547363
209.148.205.35-10.8.8.138-443-42190-6,packet_id: 10,delay: 0.4496033191680908
209.148.205.35-10.8.8.138-443-42190-6,packet_id: 11,delay: 0.46429014205932617
209.148.205.35-10.8.8.138-443-42190-6,packet_id: 12,delay: 0.4554438591003418
209.148.205.35-10.8.8.138-443-42190-6,packet_id: 13,delay: 0.455211877822876
209.148.205.35-10.8.8.138-443-42190-6,packet_id: 14,delay: 0.44809460639953613
209.148.205.35-10.8.8.138-443-42190-6,packet_id: 15,delay: 0.4483909606933594
209.148.205.35-10.8.8.138-443-42190-6,packet_id: 16,delay: 0.4178638458251953
209.148.205.35-10.8.8.138-443-42190-6,packet_id: 17,delay: 0.4696235656738281
209.148.205.35-10.8.8.138-443-42190-6,packet_id: 18,delay: 0.463026762008667
209.148.205.35-10.8.8.138-443-42190-6,packet_id: 19,delay: 0.4667792320251465
209.148.205.35-10.8.8.138-443-42190-6,packet_id: 20,delay: 0.450655460357666
209.148.205.35-10.8.8.138-443-42190-6,packet_id: 21,delay: 0.45520544052124023
209.148.205.35-10.8.8.138-443-42190-6,packet_id: 22,delay: 0.4641447067260742
131.202.240.150-199.212.24.175-58936-443-6,packet_id: 1,delay: 0.252164363861084
131.202.240.150-199.212.24.175-58977-443-6,packet_id: 1,delay: 0.2639782428741455
131.202.240.150-209.148.205.16-44144-80-6,packet_id: 1,delay: 0.3473377227783203
131.202.240.150-209.148.205.35-56435-443-6,packet_id: 1,delay: 0.38109660148620605
131.202.240.150-209.148.205.35-56578-443-6,packet_id: 1,delay: 0.39348268508911133
131.202.240.150-209.148.205.35-56578-443-6,packet_id: 2,delay: 0.38938307762145996
131.202.240.150-209.148.205.35-56578-443-6,packet_id: 3,delay: 0.38102126121520996
131.202.240.150-209.148.205.35-56578-443-6,packet_id: 4,delay: 0.38765931129455566
131.202.240.150-209.148.205.35-56578-443-6,packet_id: 5,delay: 0.37928175926208496
131.202.240.150-209.148.205.41-34177-443-6,packet_id: 1,delay: 0.6063861846923828
131.202.240.150-209.148.205.41-34177-443-6,packet_id: 2,delay: 0.5920939445495605
131.202.240.150-209.148.205.41-34177-443-6,packet_id: 3,delay: 0.5916440486907959
131.202.240.150-209.148.205.41-34177-443-6,packet_id: 4,delay: 0.5800445079803467
131.202.240.150-209.148.205.41-34177-443-6,packet_id: 5,delay: 0.556389570236206
131.202.240.150-209.148.205.41-34177-443-6,packet_id: 6,delay: 0.6007740497589111
131.202.240.150-209.148.205.41-34177-443-6,packet_id: 7,delay: 0.5946745872497559
216.58.208.46-10.8.8.110-80-33072-6,packet_id: 1,delay: 0.5785112380981445
216.58.208.46-10.8.8.178-443-38243-6,packet_id: 1,delay: 0.6147263050079346
216.58.208.46-10.8.8.178-443-38243-6,packet_id: 2,delay: 0.6148090362548828
216.58.208.46-10.8.8.178-443-38243-6,packet_id: 3,delay: 0.6147918701171875
216.58.208.46-10.8.8.178-443-38243-6,packet_id: 4,delay: 0.6249406337738037
216.58.208.46-10.8.8.178-443-38243-6,packet_id: 5,delay: 0.6126573085784912
216.58.208.46-10.8.8.178-443-38243-6,packet_id: 6,delay: 0.6264491081237793
216.58.208.46-10.8.8.178-443-38243-6,packet_id: 7,delay: 0.6166784763336182
216.58.208.46-10.8.8.178-443-38243-6,packet_id: 8,delay: 0.6018736362457275
131.202.240.150-209.148.205.41-34203-443-6,packet_id: 1,delay: 0.5973718166351318
131.202.240.150-209.148.205.41-34203-443-6,packet_id: 2,delay: 0.6005778312683105
131.202.240.150-209.148.205.41-34203-443-6,packet_id: 3,delay: 0.5840976238250732
131.202.240.150-209.148.205.41-34203-443-6,packet_id: 4,delay: 0.5889863967895508
131.202.240.150-209.148.205.41-34203-443-6,packet_id: 5,delay: 0.587393045425415
131.202.240.150-209.148.205.41-34203-443-6,packet_id: 6,delay: 0.5962269306182861
131.202.240.150-209.148.205.41-34203-443-6,packet_id: 7,delay: 0.5830292701721191
131.202.240.150-209.148.205.41-34203-443-6,packet_id: 8,delay: 0.6056661605834961
131.202.240.150-209.148.205.41-34203-443-6,packet_id: 9,delay: 0.5973200798034668
131.202.240.150-209.148.205.41-34203-443-6,packet_id: 10,delay: 0.603065013885498
131.202.240.150-209.148.205.41-34203-443-6,packet_id: 11,delay: 0.6050550937652588
131.202.240.150-209.148.205.41-34203-443-6,packet_id: 12,delay: 0.605621337890625
131.202.240.150-209.148.205.41-34203-443-6,packet_id: 13,delay: 0.5939483642578125
131.202.240.150-209.148.205.41-34203-443-6,packet_id: 14,delay: 0.5957012176513672
131.202.240.150-209.148.205.41-34203-443-6,packet_id: 15,delay: 0.5903244018554688
131.202.240.150-209.148.205.41-34203-443-6,packet_id: 16,delay: 0.6016409397125244
24.36.174.173-10.0.2.15-47044-55027-6,packet_id: 1,delay: 0.7161431312561035
209.148.205.35-131.202.240.150-443-56578-6,packet_id: 1,delay: 0.3981935977935791
209.148.205.35-131.202.240.150-443-56578-6,packet_id: 2,delay: 0.3977515697479248
209.148.205.35-131.202.240.150-443-56578-6,packet_id: 3,delay: 0.4119913578033447
209.148.205.35-131.202.240.150-443-56578-6,packet_id: 4,delay: 0.40224671363830566
74.125.69.16-131.202.240.87-993-10714-6,packet_id: 1,delay: 0.5434000492095947
74.125.69.16-131.202.240.87-993-10714-6,packet_id: 2,delay: 0.565253496170044
74.125.69.16-131.202.240.87-993-10714-6,packet_id: 3,delay: 0.5673737525939941
74.125.69.16-131.202.240.87-993-10714-6,packet_id: 4,delay: 0.535412073135376
74.125.69.16-131.202.240.87-993-10714-6,packet_id: 5,delay: 0.5462915897369385
74.125.69.16-131.202.240.87-993-10714-6,packet_id: 6,delay: 0.5725016593933105
74.125.69.16-131.202.240.87-993-10714-6,packet_id: 7,delay: 0.5242509841918945
38.124.168.119-131.202.240.87-80-65089-6,packet_id: 1,delay: 0.3455953598022461
216.58.208.46-10.8.8.178-443-38264-6,packet_id: 1,delay: 0.5948667526245117
216.58.208.46-10.8.8.178-443-38264-6,packet_id: 2,delay: 0.6022169589996338
216.58.208.46-10.8.8.178-443-38264-6,packet_id: 3,delay: 0.614220380783081
216.58.208.46-10.8.8.178-443-38264-6,packet_id: 4,delay: 0.5992569923400879
216.58.208.46-10.8.8.178-443-38264-6,packet_id: 5,delay: 0.6227812767028809
216.58.208.46-10.8.8.178-443-38264-6,packet_id: 6,delay: 0.6192855834960938
216.58.208.46-10.8.8.178-443-38264-6,packet_id: 7,delay: 0.618333101272583
216.58.208.46-10.8.8.178-443-38264-6,packet_id: 8,delay: 0.5995981693267822
216.58.208.46-10.8.8.178-443-38264-6,packet_id: 9,delay: 0.5894582271575928
216.58.208.46-10.8.8.178-443-38264-6,packet_id: 10,delay: 0.6063368320465088
216.58.208.46-10.8.8.178-443-38264-6,packet_id: 11,delay: 0.5837581157684326
216.58.208.46-10.8.8.178-443-38264-6,packet_id: 12,delay: 0.6028363704681396
216.58.208.46-10.8.8.178-443-38264-6,packet_id: 13,delay: 0.5941801071166992
216.58.208.46-10.8.8.178-443-38264-6,packet_id: 14,delay: 0.5970876216888428
216.58.208.35-10.8.8.178-443-52158-6,packet_id: 1,delay: 0.5155642032623291
216.58.208.35-10.8.8.178-443-52158-6,packet_id: 2,delay: 0.5304250717163086
173.194.210.188-131.202.240.242-5228-32506-6,packet_id: 1,delay: 0.39894914627075195
173.252.100.27-10.8.8.178-443-47132-6,packet_id: 1,delay: 0.2769184112548828
173.252.100.27-10.8.8.178-443-47132-6,packet_id: 2,delay: 0.2978479862213135
173.252.100.27-10.8.8.178-443-47132-6,packet_id: 3,delay: 0.27602505683898926
173.252.100.27-10.8.8.178-443-47132-6,packet_id: 4,delay: 0.26450395584106445
173.252.100.27-10.8.8.178-443-47132-6,packet_id: 5,delay: 0.29049015045166016
173.252.100.27-10.8.8.178-443-47132-6,packet_id: 6,delay: 0.30130934715270996
173.252.100.27-10.8.8.178-443-47132-6,packet_id: 7,delay: 0.27677130699157715
173.252.100.27-10.8.8.178-443-47132-6,packet_id: 8,delay: 0.30536556243896484
173.252.100.27-10.8.8.178-443-47132-6,packet_id: 9,delay: 0.2771646976470947
173.252.100.27-10.8.8.178-443-47132-6,packet_id: 10,delay: 0.2778024673461914
173.252.100.27-10.8.8.178-443-47132-6,packet_id: 11,delay: 0.29753565788269043
70.80.25.101-10.0.2.15-64982-38947-6,packet_id: 1,delay: 0.4569530487060547
74.125.69.16-131.202.240.87-993-10715-6,packet_id: 1,delay: 0.5639443397521973
74.125.69.16-131.202.240.87-993-10715-6,packet_id: 2,delay: 0.5622854232788086
74.125.69.16-131.202.240.87-993-10715-6,packet_id: 3,delay: 0.5685083866119385
74.125.69.16-131.202.240.87-993-10743-6,packet_id: 1,delay: 0.5335848331451416
131.202.240.150-209.148.205.41-43673-80-6,packet_id: 1,delay: 0.5940194129943848
173.252.100.27-131.202.240.87-443-64842-6,packet_id: 1,delay: 0.3135066032409668
173.252.100.27-131.202.240.87-443-64842-6,packet_id: 2,delay: 0.28786277770996094
173.252.100.27-131.202.240.87-443-64842-6,packet_id: 3,delay: 0.2896597385406494
173.252.100.27-131.202.240.87-443-64842-6,packet_id: 4,delay: 0.3013346195220947
173.252.100.27-131.202.240.87-443-64842-6,packet_id: 5,delay: 0.31525325775146484
173.252.100.27-131.202.240.87-443-64842-6,packet_id: 6,delay: 0.30547380447387695
173.252.100.27-131.202.240.87-443-64842-6,packet_id: 7,delay: 0.3094482421875
173.252.100.27-131.202.240.242-443-32576-6,packet_id: 1,delay: 0.29202747344970703
173.252.100.27-131.202.240.242-443-32576-6,packet_id: 2,delay: 0.2904520034790039
23.235.40.143-131.202.240.150-443-54394-6,packet_id: 1,delay: 0.6563866138458252
23.235.40.143-131.202.240.150-443-54394-6,packet_id: 2,delay: 0.671396017074585
23.235.40.143-131.202.240.150-443-54394-6,packet_id: 3,delay: 0.6724529266357422
91.190.216.125-10.8.8.130-12350-38182-6,packet_id: 1,delay: 0.5395553112030029
66.220.156.2-10.8.8.130-443-42513-6,packet_id: 1,delay: 0.5879170894622803
66.220.156.2-10.8.8.130-443-42513-6,packet_id: 2,delay: 0.5840301513671875
66.220.156.2-10.8.8.130-443-42513-6,packet_id: 3,delay: 0.5952277183532715
66.220.156.2-10.8.8.130-443-42513-6,packet_id: 4,delay: 0.5815627574920654
66.220.156.2-10.8.8.130-443-42513-6,packet_id: 5,delay: 0.5850589275360107
66.220.156.2-10.8.8.130-443-42513-6,packet_id: 6,delay: 0.5950391292572021
66.220.156.2-10.8.8.130-443-42513-6,packet_id: 7,delay: 0.5885298252105713
66.220.156.2-10.8.8.130-443-42513-6,packet_id: 8,delay: 0.5764744281768799
66.220.156.2-10.8.8.130-443-42513-6,packet_id: 9,delay: 0.591759443283081
74.125.207.16-10.0.2.15-465-42849-6,packet_id: 1,delay: 0.45909667015075684
64.233.183.16-10.0.2.15-993-43558-6,packet_id: 1,delay: 0.68121337890625
64.233.183.16-10.0.2.15-993-43558-6,packet_id: 2,delay: 0.663273811340332
64.233.183.16-10.0.2.15-993-43558-6,packet_id: 3,delay: 0.6740741729736328
74.125.207.16-10.0.2.15-465-42904-6,packet_id: 1,delay: 0.47605347633361816
74.125.207.16-10.0.2.15-465-42911-6,packet_id: 1,delay: 0.4606146812438965
74.125.207.16-10.0.2.15-465-42921-6,packet_id: 1,delay: 0.46874237060546875
68.67.153.2-131.202.240.242-443-5900-6,packet_id: 1,delay: 0.3370177745819092
64.233.183.16-10.0.2.15-995-51739-6,packet_id: 1,delay: 0.6552870273590088
74.125.207.16-10.0.2.15-465-48940-6,packet_id: 1,delay: 0.4720156192779541
74.125.207.16-10.0.2.15-465-48942-6,packet_id: 1,delay: 0.4605708122253418
2.30.116.54-10.8.8.130-58139-48835-6,packet_id: 1,delay: 0.2735025882720947
2.30.116.54-10.8.8.130-58139-48835-6,packet_id: 2,delay: 0.2859654426574707
2.30.116.54-10.8.8.130-58139-48835-6,packet_id: 3,delay: 0.27173280715942383
2.30.116.54-10.8.8.130-58139-48835-6,packet_id: 4,delay: 0.2827284336090088
2.30.116.54-10.8.8.130-58139-48835-6,packet_id: 5,delay: 0.2912733554840088
216.58.210.3-10.8.8.130-443-34918-6,packet_id: 1,delay: 0.38825130462646484
74.125.207.16-10.0.2.15-465-48980-6,packet_id: 1,delay: 0.46814870834350586
216.58.210.3-10.8.8.130-443-34920-6,packet_id: 1,delay: 0.3937950134277344
216.58.210.3-10.8.8.130-443-34920-6,packet_id: 2,delay: 0.40143322944641113
173.194.78.16-10.0.2.15-993-52882-6,packet_id: 1,delay: 0.38139867782592773
74.125.207.16-10.0.2.15-465-48995-6,packet_id: 1,delay: 0.4680764675140381
74.125.207.16-10.0.2.15-465-49016-6,packet_id: 1,delay: 0.4712960720062256
216.58.210.3-10.8.8.130-443-34927-6,packet_id: 1,delay: 0.376544713973999
216.58.210.3-10.8.8.130-443-34927-6,packet_id: 2,delay: 0.4005725383758545
74.125.207.16-10.0.2.15-995-51319-6,packet_id: 1,delay: 0.4670684337615967
74.125.207.16-10.0.2.15-995-51323-6,packet_id: 1,delay: 0.46441173553466797
2.30.116.54-10.8.8.178-58139-43020-6,packet_id: 1,delay: 0.28692078590393066
2.30.116.54-10.8.8.178-58139-43020-6,packet_id: 2,delay: 0.2752659320831299
2.30.116.54-10.8.8.178-58139-43020-6,packet_id: 3,delay: 0.29364824295043945
2.30.116.54-10.8.8.178-58139-43020-6,packet_id: 4,delay: 0.2909970283508301
2.30.116.54-10.8.8.178-58139-43020-6,packet_id: 5,delay: 0.2868771553039551
2.30.116.54-10.8.8.178-58139-43020-6,packet_id: 6,delay: 0.2847933769226074
69.172.216.55-131.202.240.242-443-5957-6,packet_id: 1,delay: 0.5857017040252686
68.67.153.211-131.202.240.242-443-5932-6,packet_id: 1,delay: 0.5000185966491699
77.103.197.35-10.8.8.130-47872-52719-6,packet_id: 1,delay: 0.33191561698913574
216.58.219.238-131.202.240.150-443-48018-6,packet_id: 1,delay: 0.48705244064331055
178.237.17.103-10.8.8.178-443-51318-6,packet_id: 1,delay: 0.27585887908935547
178.237.17.103-10.8.8.178-443-51318-6,packet_id: 2,delay: 0.22961759567260742
178.237.17.103-10.8.8.178-443-51318-6,packet_id: 3,delay: 0.26089978218078613
24.156.130.203-10.8.8.138-80-55782-6,packet_id: 1,delay: 0.7505955696105957
24.156.130.203-10.8.8.138-80-55782-6,packet_id: 2,delay: 0.7472524642944336
24.156.130.203-10.8.8.138-80-55782-6,packet_id: 3,delay: 0.7311396598815918
24.156.130.203-10.8.8.138-80-55782-6,packet_id: 4,delay: 0.7370297908782959
24.156.130.203-10.8.8.138-80-55782-6,packet_id: 5,delay: 0.7479262351989746
24.156.130.203-10.8.8.138-80-55782-6,packet_id: 6,delay: 0.7286787033081055
24.156.130.203-10.8.8.138-80-55782-6,packet_id: 7,delay: 0.724097728729248
24.156.130.203-10.8.8.138-80-55782-6,packet_id: 8,delay: 0.7502264976501465
24.156.130.203-10.8.8.138-80-55782-6,packet_id: 9,delay: 0.7446908950805664
24.156.130.203-10.8.8.138-80-55782-6,packet_id: 10,delay: 0.7252120971679688
86.4.212.228-10.8.8.130-59222-59320-6,packet_id: 1,delay: 0.3077974319458008
86.4.212.228-10.8.8.130-59222-59320-6,packet_id: 2,delay: 0.32662034034729004
216.58.210.35-10.8.8.178-443-59247-6,packet_id: 1,delay: 0.23218321800231934
216.58.210.35-10.8.8.178-443-59252-6,packet_id: 1,delay: 0.2639458179473877
86.4.212.228-10.8.8.178-59222-52449-6,packet_id: 1,delay: 0.32302141189575195
86.4.212.228-10.8.8.178-59222-52449-6,packet_id: 2,delay: 0.3209037780761719
86.4.212.228-10.8.8.178-59222-52449-6,packet_id: 3,delay: 0.31810498237609863
86.4.212.228-10.8.8.178-59222-52449-6,packet_id: 4,delay: 0.3284718990325928
86.4.212.228-10.8.8.178-59222-52449-6,packet_id: 5,delay: 0.3290824890136719
86.4.212.228-10.8.8.178-59222-52449-6,packet_id: 6,delay: 0.3152735233306885
86.4.212.228-10.8.8.178-59222-52449-6,packet_id: 7,delay: 0.33339834213256836
63.245.216.134-10.8.8.178-443-49841-6,packet_id: 1,delay: 0.38983631134033203
216.58.208.37-10.8.8.178-443-51920-6,packet_id: 1,delay: 0.2753622531890869
216.58.208.37-10.8.8.178-443-51939-6,packet_id: 1,delay: 0.28753662109375
68.67.176.42-131.202.240.87-443-11439-6,packet_id: 1,delay: 0.5902962684631348
216.58.210.46-10.8.8.178-443-39796-6,packet_id: 1,delay: 0.2286686897277832
216.58.210.46-10.8.8.178-443-39796-6,packet_id: 2,delay: 0.24654269218444824
216.58.210.46-10.8.8.178-443-39796-6,packet_id: 3,delay: 0.2805662155151367
64.4.23.162-10.0.2.15-40019-46839-6,packet_id: 1,delay: 0.41786742210388184
64.233.184.16-10.8.8.110-465-37409-6,packet_id: 1,delay: 0.3759782314300537
64.233.184.16-10.8.8.110-465-37417-6,packet_id: 1,delay: 0.39315342903137207
64.233.184.16-10.8.8.110-465-37425-6,packet_id: 1,delay: 0.4069199562072754
64.233.184.16-10.8.8.110-465-37440-6,packet_id: 1,delay: 0.38314080238342285
64.233.184.16-10.8.8.234-993-56880-6,packet_id: 1,delay: 0.5323596000671387
64.233.184.16-10.8.8.234-993-56887-6,packet_id: 1,delay: 0.5502431392669678
64.233.184.16-10.8.8.234-993-56887-6,packet_id: 2,delay: 0.558241605758667
74.125.133.16-10.8.8.234-993-51039-6,packet_id: 1,delay: 0.5273191928863525
74.125.133.16-10.8.8.234-993-51040-6,packet_id: 1,delay: 0.5229778289794922
23.192.162.186-10.8.8.178-443-46884-6,packet_id: 1,delay: 0.25598835945129395
74.125.133.16-10.8.8.234-993-51055-6,packet_id: 1,delay: 0.5297391414642334
74.125.133.16-10.8.8.234-993-51055-6,packet_id: 2,delay: 0.5399308204650879
74.125.133.16-10.8.8.234-993-51055-6,packet_id: 3,delay: 0.5442855358123779
74.125.133.16-10.8.8.234-993-51055-6,packet_id: 4,delay: 0.5362191200256348
74.125.133.16-10.8.8.234-993-51055-6,packet_id: 5,delay: 0.5405466556549072
74.125.133.16-10.8.8.234-993-51055-6,packet_id: 6,delay: 0.5284180641174316
74.125.133.16-10.8.8.234-993-51055-6,packet_id: 7,delay: 0.5501461029052734
74.125.133.16-10.8.8.234-993-51055-6,packet_id: 8,delay: 0.5504477024078369
74.125.133.16-10.8.8.234-993-51055-6,packet_id: 9,delay: 0.5428013801574707
74.125.133.16-10.8.8.234-993-51055-6,packet_id: 10,delay: 0.5249612331390381
74.125.133.16-10.8.8.234-993-51055-6,packet_id: 11,delay: 0.5339992046356201
74.125.133.16-10.8.8.234-993-51055-6,packet_id: 12,delay: 0.5324931144714355
74.125.133.16-10.8.8.234-993-51055-6,packet_id: 13,delay: 0.5294547080993652
74.125.133.16-10.8.8.234-993-51055-6,packet_id: 14,delay: 0.5235986709594727
74.125.133.16-10.8.8.234-993-51056-6,packet_id: 1,delay: 0.5404171943664551
74.125.133.16-10.8.8.234-993-51056-6,packet_id: 2,delay: 0.5295777320861816
74.125.133.16-10.8.8.234-993-51056-6,packet_id: 3,delay: 0.5271756649017334
74.125.133.16-10.8.8.234-993-51056-6,packet_id: 4,delay: 0.5231881141662598
74.125.133.16-10.8.8.234-993-51056-6,packet_id: 5,delay: 0.514775276184082
74.125.133.16-10.8.8.234-993-51056-6,packet_id: 6,delay: 0.5210707187652588
74.125.133.16-10.8.8.234-993-51056-6,packet_id: 7,delay: 0.5265138149261475
74.125.133.16-10.8.8.234-993-51056-6,packet_id: 8,delay: 0.5325417518615723
74.125.133.16-10.8.8.234-993-51056-6,packet_id: 9,delay: 0.53662109375
74.125.133.16-10.8.8.234-993-51056-6,packet_id: 10,delay: 0.5394845008850098
74.125.133.16-10.8.8.234-993-51056-6,packet_id: 11,delay: 0.5496599674224854
74.125.202.16-131.202.240.87-993-10798-6,packet_id: 1,delay: 0.307781457901001
64.233.167.16-10.0.2.15-993-58426-6,packet_id: 1,delay: 0.3968689441680908
64.233.167.16-10.0.2.15-993-58426-6,packet_id: 2,delay: 0.40828990936279297
Average Packet Delay,0.4577267780303955
