157.56.192.53-10.8.8.130-443-33104-6,packet_id: 1,delay: 0.46216392517089844
157.56.192.53-10.8.8.130-443-33104-6,packet_id: 2,delay: 0.4839787483215332
173.194.67.16-10.8.8.234-465-37826-6,packet_id: 1,delay: 0.3773937225341797
173.194.67.16-10.8.8.234-465-37857-6,packet_id: 1,delay: 0.27585482597351074
173.194.67.16-10.8.8.234-465-37860-6,packet_id: 1,delay: 0.36693310737609863
173.194.67.16-10.8.8.234-465-37865-6,packet_id: 1,delay: 0.36635804176330566
173.194.67.16-10.8.8.234-465-37872-6,packet_id: 1,delay: 0.3692443370819092
137.117.177.33-10.8.8.178-443-40028-6,packet_id: 1,delay: 0.2703437805175781
10.0.2.15-24.140.134.21-45746-45411-6,packet_id: 1,delay: 0.48491978645324707
137.116.32.77-10.0.2.15-443-34727-6,packet_id: 1,delay: 0.761145830154419
10.8.8.138-24.156.130.203-55782-80-6,packet_id: 1,delay: 0.15968775749206543
10.8.8.138-24.156.130.203-55782-80-6,packet_id: 2,delay: 0.15737128257751465
10.8.8.138-24.156.130.203-55782-80-6,packet_id: 3,delay: 0.17087602615356445
10.8.8.138-24.156.130.203-55782-80-6,packet_id: 4,delay: 0.16011643409729004
10.8.8.130-2.30.116.54-48835-58139-6,packet_id: 1,delay: 0.38143301010131836
10.8.8.130-2.30.116.54-48835-58139-6,packet_id: 2,delay: 0.37442803382873535
10.8.8.130-2.30.116.54-48835-58139-6,packet_id: 3,delay: 0.38300323486328125
10.0.2.15-64.233.183.16-43558-993-6,packet_id: 1,delay: 0.5467672348022461
10.0.2.15-64.233.183.16-43558-993-6,packet_id: 2,delay: 0.6488752365112305
10.8.8.178-2.30.116.54-43020-58139-6,packet_id: 1,delay: 0.3216712474822998
10.8.8.178-2.30.116.54-43020-58139-6,packet_id: 2,delay: 0.3199424743652344
10.8.8.178-2.30.116.54-43020-58139-6,packet_id: 3,delay: 0.3168492317199707
10.8.8.178-2.30.116.54-43020-58139-6,packet_id: 4,delay: 0.3021407127380371
10.8.8.178-2.30.116.54-43020-58139-6,packet_id: 5,delay: 0.3096506595611572
10.8.8.178-2.30.116.54-43020-58139-6,packet_id: 6,delay: 0.3197321891784668
108.175.42.181-131.202.240.150-80-58287-6,packet_id: 1,delay: 0.23064279556274414
108.175.42.181-131.202.240.150-80-58287-6,packet_id: 2,delay: 0.21439313888549805
108.175.42.181-131.202.240.150-80-58287-6,packet_id: 3,delay: 0.2202441692352295
108.175.42.181-131.202.240.150-80-58287-6,packet_id: 4,delay: 0.22729086875915527
108.175.42.181-131.202.240.150-80-58287-6,packet_id: 5,delay: 0.2186274528503418
10.8.8.110-63.245.216.132-39035-443-6,packet_id: 1,delay: 0.24488282203674316
10.8.8.234-74.125.71.16-56545-993-6,packet_id: 1,delay: 0.28890275955200195
10.8.8.234-74.125.71.16-56545-993-6,packet_id: 2,delay: 0.2946920394897461
10.8.8.110-63.245.216.134-46949-443-6,packet_id: 1,delay: 0.25047922134399414
10.0.2.15-74.125.71.16-51269-465-6,packet_id: 1,delay: 0.4395937919616699
10.8.8.130-2.101.222.231-34461-9396-6,packet_id: 1,delay: 0.1508793830871582
10.8.8.130-2.101.222.231-34461-9396-6,packet_id: 2,delay: 0.15352177619934082
10.8.8.130-2.101.222.231-34461-9396-6,packet_id: 3,delay: 0.2299191951751709
10.8.8.130-2.101.222.231-34461-9396-6,packet_id: 4,delay: 0.2357325553894043
10.8.8.130-2.101.222.231-34461-9396-6,packet_id: 5,delay: 0.23941755294799805
10.8.8.110-64.233.184.16-37404-465-6,packet_id: 1,delay: 0.22220516204833984
10.0.2.15-74.125.207.16-42905-465-6,packet_id: 1,delay: 0.5668535232543945
10.8.8.234-74.125.133.16-51040-993-6,packet_id: 1,delay: 0.4927072525024414
10.8.8.138-107.22.243.234-35936-443-6,packet_id: 1,delay: 0.2988567352294922
10.8.8.110-64.233.184.16-37424-465-6,packet_id: 1,delay: 0.2879054546356201
10.0.2.15-74.125.207.16-42924-465-6,packet_id: 1,delay: 0.6158900260925293
10.8.8.138-185.2.220.137-43533-80-6,packet_id: 1,delay: 0.33655667304992676
10.8.8.138-185.2.220.137-43533-80-6,packet_id: 2,delay: 0.33583807945251465
10.8.8.138-185.2.220.137-43533-80-6,packet_id: 3,delay: 0.3444070816040039
10.8.8.138-185.2.220.137-43533-80-6,packet_id: 4,delay: 0.32422661781311035
10.8.8.138-185.2.220.137-43533-80-6,packet_id: 5,delay: 0.3253207206726074
10.8.8.138-185.2.220.137-43533-80-6,packet_id: 6,delay: 0.3159816265106201
10.8.8.138-185.2.220.137-43533-80-6,packet_id: 7,delay: 0.3385779857635498
10.8.8.138-185.2.220.137-43533-80-6,packet_id: 8,delay: 0.3208029270172119
10.8.8.138-185.2.220.137-43533-80-6,packet_id: 9,delay: 0.3532743453979492
10.8.8.138-185.2.220.137-43533-80-6,packet_id: 10,delay: 0.31000399589538574
10.8.8.138-185.2.220.137-43533-80-6,packet_id: 11,delay: 0.31814122200012207
10.8.8.138-185.2.220.137-43533-80-6,packet_id: 12,delay: 0.33022022247314453
10.8.8.138-185.2.220.137-43533-80-6,packet_id: 13,delay: 0.32743358612060547
10.8.8.138-185.2.220.137-43533-80-6,packet_id: 14,delay: 0.31818628311157227
10.8.8.138-185.2.220.137-43533-80-6,packet_id: 15,delay: 0.33752894401550293
10.8.8.138-185.2.220.137-43533-80-6,packet_id: 16,delay: 0.3410501480102539
10.8.8.138-185.2.220.137-43533-80-6,packet_id: 17,delay: 0.32062625885009766
10.8.8.138-185.2.220.137-43533-80-6,packet_id: 18,delay: 0.31175756454467773
10.8.8.138-185.2.220.137-43533-80-6,packet_id: 19,delay: 0.31444573402404785
10.8.8.138-185.2.220.137-43533-80-6,packet_id: 20,delay: 0.33328962326049805
10.8.8.138-185.2.220.137-43533-80-6,packet_id: 21,delay: 0.31922149658203125
10.8.8.138-185.2.220.137-43533-80-6,packet_id: 22,delay: 0.32808804512023926
10.8.8.138-185.2.220.137-43533-80-6,packet_id: 23,delay: 0.3309509754180908
10.8.8.138-185.2.220.137-43533-80-6,packet_id: 24,delay: 0.3221433162689209
10.8.8.138-185.2.220.137-43533-80-6,packet_id: 25,delay: 0.3297858238220215
10.8.8.138-185.2.220.137-43533-80-6,packet_id: 26,delay: 0.32602882385253906
10.8.8.138-185.2.220.137-43533-80-6,packet_id: 27,delay: 0.33605051040649414
10.8.8.138-185.2.220.137-43533-80-6,packet_id: 28,delay: 0.3237009048461914
10.8.8.138-185.2.220.137-43533-80-6,packet_id: 29,delay: 0.32874178886413574
10.8.8.138-185.2.220.137-43533-80-6,packet_id: 30,delay: 0.32242918014526367
10.8.8.138-185.2.220.137-43533-80-6,packet_id: 31,delay: 0.32230091094970703
10.8.8.138-185.2.220.137-43533-80-6,packet_id: 32,delay: 0.32306480407714844
10.8.8.138-185.2.220.137-43533-80-6,packet_id: 33,delay: 0.3391871452331543
10.8.8.138-185.2.220.137-43533-80-6,packet_id: 34,delay: 0.3214573860168457
10.8.8.138-185.2.220.137-43533-80-6,packet_id: 35,delay: 0.33856749534606934
10.8.8.138-185.2.220.137-43533-80-6,packet_id: 36,delay: 0.32819032669067383
10.8.8.138-185.2.220.137-43533-80-6,packet_id: 37,delay: 0.33306074142456055
10.8.8.138-185.2.220.137-43533-80-6,packet_id: 38,delay: 0.3141818046569824
10.8.8.138-185.2.220.137-43533-80-6,packet_id: 39,delay: 0.3397796154022217
10.8.8.138-185.2.220.137-43533-80-6,packet_id: 40,delay: 0.34721851348876953
10.8.8.138-185.2.220.137-43533-80-6,packet_id: 41,delay: 0.3402369022369385
10.8.8.138-185.2.220.137-43533-80-6,packet_id: 42,delay: 0.3442816734313965
10.8.8.138-185.2.220.137-43533-80-6,packet_id: 43,delay: 0.34829282760620117
10.8.8.138-185.2.220.137-43533-80-6,packet_id: 44,delay: 0.34240174293518066
10.8.8.138-185.2.220.137-43533-80-6,packet_id: 45,delay: 0.3388700485229492
10.8.8.138-185.2.220.137-43533-80-6,packet_id: 46,delay: 0.3461034297943115
10.8.8.138-185.2.220.137-43533-80-6,packet_id: 47,delay: 0.3297572135925293
10.8.8.138-185.2.220.137-43533-80-6,packet_id: 48,delay: 0.33358192443847656
10.8.8.138-185.2.220.137-43533-80-6,packet_id: 49,delay: 0.3340122699737549
10.8.8.234-74.125.133.16-51055-993-6,packet_id: 1,delay: 0.4044215679168701
10.8.8.234-74.125.133.16-51055-993-6,packet_id: 2,delay: 0.42742013931274414
10.8.8.234-74.125.133.16-51055-993-6,packet_id: 3,delay: 0.4224541187286377
10.8.8.234-74.125.133.16-51055-993-6,packet_id: 4,delay: 0.40291500091552734
10.8.8.234-74.125.133.16-51055-993-6,packet_id: 5,delay: 0.3926815986633301
10.8.8.234-74.125.133.16-51055-993-6,packet_id: 6,delay: 0.4100043773651123
10.8.8.234-74.125.133.16-51055-993-6,packet_id: 7,delay: 0.48757338523864746
10.8.8.234-74.125.133.16-51055-993-6,packet_id: 8,delay: 0.43481993675231934
10.8.8.110-64.233.184.16-37428-465-6,packet_id: 1,delay: 0.2727665901184082
10.0.2.15-74.125.207.16-48993-465-6,packet_id: 1,delay: 0.575789213180542
10.0.2.15-74.125.207.16-49005-465-6,packet_id: 1,delay: 0.6197338104248047
10.8.8.110-64.233.184.16-37433-465-6,packet_id: 1,delay: 0.2770822048187256
10.8.8.178-23.67.255.209-39285-443-6,packet_id: 1,delay: 0.20617079734802246
10.0.2.15-137.116.32.77-34727-443-6,packet_id: 1,delay: 0.8321456909179688
10.8.8.130-66.220.156.2-42513-443-6,packet_id: 1,delay: 0.17323660850524902
10.8.8.130-66.220.156.2-42513-443-6,packet_id: 2,delay: 0.18851470947265625
10.8.8.130-66.220.156.2-42513-443-6,packet_id: 3,delay: 0.18318915367126465
10.8.8.130-66.220.156.2-42513-443-6,packet_id: 4,delay: 0.18811559677124023
10.8.8.130-66.220.156.2-42513-443-6,packet_id: 5,delay: 0.17503690719604492
10.8.8.130-66.220.156.2-42513-443-6,packet_id: 6,delay: 0.18793916702270508
10.8.8.130-66.220.156.2-42513-443-6,packet_id: 7,delay: 0.17067885398864746
10.8.8.130-66.220.156.2-42513-443-6,packet_id: 8,delay: 0.22518301010131836
10.8.8.130-66.220.156.2-42513-443-6,packet_id: 9,delay: 0.17838144302368164
10.8.8.130-66.220.156.2-42513-443-6,packet_id: 10,delay: 0.18229389190673828
10.8.8.178-23.192.162.186-46878-443-6,packet_id: 1,delay: 0.1592707633972168
10.0.2.15-204.83.155.169-54967-32620-6,packet_id: 1,delay: 0.5247519016265869
10.8.8.178-63.245.217.113-38085-443-6,packet_id: 1,delay: 0.08562111854553223
10.0.2.15-216.58.208.46-53913-80-6,packet_id: 1,delay: 0.6430633068084717
10.8.8.178-63.245.217.113-38086-443-6,packet_id: 1,delay: 0.0711817741394043
10.8.8.178-86.4.212.228-52449-59222-6,packet_id: 1,delay: 0.34048938751220703
10.8.8.178-134.170.25.26-54269-443-6,packet_id: 1,delay: 0.25510430335998535
10.8.8.178-134.170.25.26-54269-443-6,packet_id: 2,delay: 0.28308963775634766
10.8.8.234-74.125.133.16-51056-993-6,packet_id: 1,delay: 0.5008230209350586
10.8.8.234-74.125.133.16-51056-993-6,packet_id: 2,delay: 0.4792747497558594
10.8.8.234-74.125.133.16-51056-993-6,packet_id: 3,delay: 0.48229479789733887
10.8.8.234-74.125.133.16-51056-993-6,packet_id: 4,delay: 0.4727635383605957
10.8.8.234-74.125.133.16-51056-993-6,packet_id: 5,delay: 0.487215518951416
10.8.8.234-74.125.133.16-51056-993-6,packet_id: 6,delay: 0.4819009304046631
10.8.8.234-74.125.133.16-51056-993-6,packet_id: 7,delay: 0.48511505126953125
10.8.8.234-74.125.133.16-51056-993-6,packet_id: 8,delay: 0.48744726181030273
10.8.8.178-173.194.67.94-34123-443-6,packet_id: 1,delay: 0.1511087417602539
10.8.8.178-173.194.67.94-34123-443-6,packet_id: 2,delay: 0.1696944236755371
10.8.8.178-173.194.67.189-57926-443-6,packet_id: 1,delay: 0.3369317054748535
10.8.8.178-173.194.67.189-57926-443-6,packet_id: 2,delay: 0.314716100692749
10.8.8.178-173.194.67.189-57926-443-6,packet_id: 3,delay: 0.31931257247924805
10.8.8.178-173.194.67.189-57926-443-6,packet_id: 4,delay: 0.33479952812194824
10.8.8.178-173.194.67.189-57926-443-6,packet_id: 5,delay: 0.3293187618255615
10.8.8.178-173.194.67.189-57926-443-6,packet_id: 6,delay: 0.3366281986236572
10.8.8.130-77.103.197.35-52719-47872-6,packet_id: 1,delay: 0.5697293281555176
10.8.8.130-86.4.212.228-59320-59222-6,packet_id: 1,delay: 0.33413243293762207
10.8.8.130-86.4.212.228-59320-59222-6,packet_id: 2,delay: 0.3373849391937256
10.8.8.130-86.4.212.228-59320-59222-6,packet_id: 3,delay: 0.33374595642089844
10.8.8.130-86.4.212.228-59320-59222-6,packet_id: 4,delay: 0.39667630195617676
10.8.8.234-173.194.67.16-37858-465-6,packet_id: 1,delay: 0.27184081077575684
10.8.8.178-173.252.100.27-47132-443-6,packet_id: 1,delay: 0.06949663162231445
10.8.8.178-173.252.100.27-47132-443-6,packet_id: 2,delay: 0.07289600372314453
10.8.8.178-173.252.100.27-47132-443-6,packet_id: 3,delay: 0.0816202163696289
10.8.8.178-173.252.100.27-47132-443-6,packet_id: 4,delay: 0.19894909858703613
10.8.8.178-173.252.100.27-47132-443-6,packet_id: 5,delay: 0.201690673828125
10.8.8.178-173.252.100.27-47132-443-6,packet_id: 6,delay: 0.1759033203125
10.8.8.234-173.194.67.16-37875-465-6,packet_id: 1,delay: 0.3166639804840088
10.8.8.130-157.56.192.53-33104-443-6,packet_id: 1,delay: 0.41130828857421875
10.8.8.130-157.56.192.53-33104-443-6,packet_id: 2,delay: 0.4080052375793457
10.8.8.130-157.56.192.53-33104-443-6,packet_id: 3,delay: 0.3986237049102783
10.8.8.234-173.194.67.16-37877-465-6,packet_id: 1,delay: 0.2985086441040039
10.8.8.234-173.194.67.16-37883-465-6,packet_id: 1,delay: 0.2924461364746094
10.8.8.130-173.194.78.189-60098-443-6,packet_id: 1,delay: 0.40766310691833496
10.8.8.130-173.194.78.189-60098-443-6,packet_id: 2,delay: 0.40442323684692383
10.8.8.130-173.194.78.189-60098-443-6,packet_id: 3,delay: 0.4000718593597412
10.8.8.130-173.194.78.189-60098-443-6,packet_id: 4,delay: 0.40419864654541016
10.8.8.130-173.194.78.189-60098-443-6,packet_id: 5,delay: 0.4137613773345947
10.8.8.130-173.194.78.189-60098-443-6,packet_id: 6,delay: 0.39270734786987305
10.8.8.178-178.237.17.103-51318-443-6,packet_id: 1,delay: 0.5242047309875488
10.8.8.178-178.237.17.103-51318-443-6,packet_id: 2,delay: 0.5115244388580322
10.8.8.178-178.237.17.103-51318-443-6,packet_id: 3,delay: 0.5111744403839111
10.8.8.178-178.237.17.103-51318-443-6,packet_id: 4,delay: 0.5105335712432861
10.8.8.178-178.237.17.103-51318-443-6,packet_id: 5,delay: 0.5101914405822754
173.194.123.124-131.202.240.242-443-5983-6,packet_id: 1,delay: 0.3399970531463623
108.175.39.202-131.202.240.150-80-40884-6,packet_id: 1,delay: 0.20534515380859375
108.175.39.202-131.202.240.150-80-40884-6,packet_id: 2,delay: 0.18018293380737305
199.212.24.175-131.202.240.150-443-58600-6,packet_id: 1,delay: 0.3678476810455322
199.212.24.175-131.202.240.150-443-58936-6,packet_id: 1,delay: 0.3059875965118408
10.8.8.130-178.237.18.202-34342-443-6,packet_id: 1,delay: 0.403656005859375
10.8.8.130-178.237.18.202-34342-443-6,packet_id: 2,delay: 0.39981675148010254
10.8.8.130-178.237.18.202-34342-443-6,packet_id: 3,delay: 0.4078333377838135
10.8.8.178-205.188.12.91-48911-443-6,packet_id: 1,delay: 0.3219718933105469
10.8.8.178-216.58.208.35-52205-443-6,packet_id: 1,delay: 0.24930524826049805
10.8.8.178-216.58.208.37-51920-443-6,packet_id: 1,delay: 0.3430359363555908
10.8.8.130-205.188.12.43-44917-443-6,packet_id: 1,delay: 0.14968633651733398
10.8.8.130-205.188.12.43-44917-443-6,packet_id: 2,delay: 0.13713717460632324
10.8.8.178-216.58.208.46-38243-443-6,packet_id: 1,delay: 0.3553144931793213
10.8.8.178-216.58.208.46-38243-443-6,packet_id: 2,delay: 0.346144437789917
10.8.8.178-216.58.208.46-38243-443-6,packet_id: 3,delay: 0.34603238105773926
10.8.8.178-216.58.208.46-38243-443-6,packet_id: 4,delay: 0.3584747314453125
10.8.8.178-216.58.208.46-38243-443-6,packet_id: 5,delay: 0.3691861629486084
10.8.8.130-216.58.210.3-34920-443-6,packet_id: 1,delay: 0.40950918197631836
10.8.8.130-216.58.210.3-34920-443-6,packet_id: 2,delay: 0.4042174816131592
10.8.8.130-216.58.210.3-34920-443-6,packet_id: 3,delay: 0.3997354507446289
173.194.194.16-10.0.2.15-995-58959-6,packet_id: 1,delay: 0.500072717666626
142.1.33.2-10.0.2.15-3230-56467-6,packet_id: 1,delay: 0.5396637916564941
131.202.6.26-131.202.240.87-13000-64719-6,packet_id: 1,delay: 0.31551218032836914
131.202.6.26-131.202.240.87-13000-64719-6,packet_id: 2,delay: 0.31403255462646484
131.202.6.26-131.202.240.87-13000-64719-6,packet_id: 3,delay: 0.30615711212158203
10.8.8.130-216.58.210.3-34927-443-6,packet_id: 1,delay: 0.4103565216064453
185.2.220.137-10.8.8.138-80-43533-6,packet_id: 1,delay: 0.30443310737609863
185.2.220.137-10.8.8.138-80-43533-6,packet_id: 2,delay: 0.2882506847381592
185.2.220.137-10.8.8.138-80-43533-6,packet_id: 3,delay: 0.3248331546783447
185.2.220.137-10.8.8.138-80-43533-6,packet_id: 4,delay: 0.2924344539642334
185.2.220.137-10.8.8.138-80-43533-6,packet_id: 5,delay: 0.2990610599517822
185.2.220.137-10.8.8.138-80-43533-6,packet_id: 6,delay: 0.3170945644378662
185.2.220.137-10.8.8.138-80-43533-6,packet_id: 7,delay: 0.30290985107421875
185.2.220.137-10.8.8.138-80-43533-6,packet_id: 8,delay: 0.29750537872314453
185.2.220.137-10.8.8.138-80-43533-6,packet_id: 9,delay: 0.28598451614379883
185.2.220.137-10.8.8.138-80-43533-6,packet_id: 10,delay: 0.29993319511413574
185.2.220.137-10.8.8.138-80-43533-6,packet_id: 11,delay: 0.31455230712890625
185.2.220.137-10.8.8.138-80-43533-6,packet_id: 12,delay: 0.2810182571411133
185.2.220.137-10.8.8.138-80-43533-6,packet_id: 13,delay: 0.29502153396606445
185.2.220.137-10.8.8.138-80-43533-6,packet_id: 14,delay: 0.3157784938812256
185.2.220.137-10.8.8.138-80-43533-6,packet_id: 15,delay: 0.28997802734375
185.2.220.137-10.8.8.138-80-43533-6,packet_id: 16,delay: 0.3135659694671631
185.2.220.137-10.8.8.138-80-43533-6,packet_id: 17,delay: 0.3178379535675049
185.2.220.137-10.8.8.138-80-43533-6,packet_id: 18,delay: 0.3162682056427002
185.2.220.137-10.8.8.138-80-43533-6,packet_id: 19,delay: 0.3136749267578125
185.2.220.137-10.8.8.138-80-43533-6,packet_id: 20,delay: 0.3173849582672119
185.2.220.137-10.8.8.138-80-43533-6,packet_id: 21,delay: 0.3135826587677002
185.2.220.137-10.8.8.138-80-43533-6,packet_id: 22,delay: 0.3055839538574219
185.2.220.137-10.8.8.138-80-43533-6,packet_id: 23,delay: 0.2986767292022705
185.2.220.137-10.8.8.138-80-43533-6,packet_id: 24,delay: 0.30155420303344727
185.2.220.137-10.8.8.138-80-43533-6,packet_id: 25,delay: 0.3005824089050293
185.2.220.137-10.8.8.138-80-43533-6,packet_id: 26,delay: 0.29252052307128906
185.2.220.137-10.8.8.138-80-43533-6,packet_id: 27,delay: 0.2926671504974365
185.2.220.137-10.8.8.138-80-43533-6,packet_id: 28,delay: 0.288165807723999
185.2.220.137-10.8.8.138-80-43533-6,packet_id: 29,delay: 0.2929835319519043
185.2.220.137-10.8.8.138-80-43533-6,packet_id: 30,delay: 0.30142807960510254
185.2.220.137-10.8.8.138-80-43533-6,packet_id: 31,delay: 0.29334378242492676
185.2.220.137-10.8.8.138-80-43533-6,packet_id: 32,delay: 0.30484747886657715
185.2.220.137-10.8.8.138-80-43533-6,packet_id: 33,delay: 0.31856632232666016
185.2.220.137-10.8.8.138-80-43533-6,packet_id: 34,delay: 0.2797682285308838
185.2.220.137-10.8.8.138-80-43533-6,packet_id: 35,delay: 0.28205060958862305
185.2.220.137-10.8.8.138-80-43533-6,packet_id: 36,delay: 0.3031601905822754
185.2.220.137-10.8.8.138-80-43533-6,packet_id: 37,delay: 0.2803635597229004
185.2.220.137-10.8.8.138-80-43533-6,packet_id: 38,delay: 0.30170345306396484
185.2.220.137-10.8.8.138-80-43533-6,packet_id: 39,delay: 0.30115795135498047
185.2.220.137-10.8.8.138-80-43533-6,packet_id: 40,delay: 0.326155424118042
185.2.220.137-10.8.8.138-80-43533-6,packet_id: 41,delay: 0.2967967987060547
185.2.220.137-10.8.8.138-80-43533-6,packet_id: 42,delay: 0.30764055252075195
185.2.220.137-10.8.8.138-80-43533-6,packet_id: 43,delay: 0.29924893379211426
185.2.220.137-10.8.8.138-80-43533-6,packet_id: 44,delay: 0.3202836513519287
185.2.220.137-10.8.8.138-80-43533-6,packet_id: 45,delay: 0.32595181465148926
185.2.220.137-10.8.8.138-80-43533-6,packet_id: 46,delay: 0.3118739128112793
185.2.220.137-10.8.8.138-80-43533-6,packet_id: 47,delay: 0.3674936294555664
185.2.220.137-10.8.8.138-80-43533-6,packet_id: 48,delay: 0.30202507972717285
185.2.220.137-10.8.8.138-80-43533-6,packet_id: 49,delay: 0.32861757278442383
185.2.220.137-10.8.8.138-80-43533-6,packet_id: 50,delay: 0.32688212394714355
185.2.220.137-10.8.8.138-80-43533-6,packet_id: 51,delay: 0.3113090991973877
185.2.220.137-10.8.8.138-80-43533-6,packet_id: 52,delay: 0.3260166645050049
185.2.220.137-10.8.8.138-80-43533-6,packet_id: 53,delay: 0.30452919006347656
185.2.220.137-10.8.8.138-80-43533-6,packet_id: 54,delay: 0.3022801876068115
185.2.220.137-10.8.8.138-80-43533-6,packet_id: 55,delay: 0.3018615245819092
185.2.220.137-10.8.8.138-80-43533-6,packet_id: 56,delay: 0.2941102981567383
185.2.220.137-10.8.8.138-80-43533-6,packet_id: 57,delay: 0.29982757568359375
185.2.220.137-10.8.8.138-80-43533-6,packet_id: 58,delay: 0.29212045669555664
185.2.220.137-10.8.8.138-80-43533-6,packet_id: 59,delay: 0.29845237731933594
185.2.220.137-10.8.8.138-80-43533-6,packet_id: 60,delay: 0.29877710342407227
185.2.220.137-10.8.8.138-80-43533-6,packet_id: 61,delay: 0.2875077724456787
185.2.220.137-10.8.8.138-80-43533-6,packet_id: 62,delay: 0.2846546173095703
185.2.220.137-10.8.8.138-80-43533-6,packet_id: 63,delay: 0.296600341796875
185.2.220.137-10.8.8.138-80-43533-6,packet_id: 64,delay: 0.30132579803466797
185.2.220.137-10.8.8.138-80-43533-6,packet_id: 65,delay: 0.2968893051147461
185.2.220.137-10.8.8.138-80-43533-6,packet_id: 66,delay: 0.2941126823425293
185.2.220.137-10.8.8.138-80-43533-6,packet_id: 67,delay: 0.2900350093841553
185.2.220.137-10.8.8.138-80-43533-6,packet_id: 68,delay: 0.3083183765411377
185.2.220.137-10.8.8.138-80-43533-6,packet_id: 69,delay: 0.3316078186035156
185.2.220.137-10.8.8.138-80-43533-6,packet_id: 70,delay: 0.28402066230773926
185.2.220.137-10.8.8.138-80-43533-6,packet_id: 71,delay: 0.29755401611328125
185.2.220.137-10.8.8.138-80-43533-6,packet_id: 72,delay: 0.31931400299072266
185.2.220.137-10.8.8.138-80-43533-6,packet_id: 73,delay: 0.30854249000549316
185.2.220.137-10.8.8.138-80-43533-6,packet_id: 74,delay: 0.3053932189941406
185.2.220.137-10.8.8.138-80-43533-6,packet_id: 75,delay: 0.31708717346191406
185.2.220.137-10.8.8.138-80-43533-6,packet_id: 76,delay: 0.31908273696899414
185.2.220.137-10.8.8.138-80-43533-6,packet_id: 77,delay: 0.29544568061828613
185.2.220.137-10.8.8.138-80-43533-6,packet_id: 78,delay: 0.3154027462005615
185.2.220.137-10.8.8.138-80-43533-6,packet_id: 79,delay: 0.3396623134613037
185.2.220.137-10.8.8.138-80-43533-6,packet_id: 80,delay: 0.302335262298584
185.2.220.137-10.8.8.138-80-43533-6,packet_id: 81,delay: 0.3006877899169922
185.2.220.137-10.8.8.138-80-43533-6,packet_id: 82,delay: 0.28479695320129395
10.8.8.178-216.58.208.46-38246-443-6,packet_id: 1,delay: 0.2665679454803467
10.8.8.130-216.58.210.3-34930-443-6,packet_id: 1,delay: 0.34981489181518555
216.58.210.35-10.8.8.178-443-59247-6,packet_id: 1,delay: 0.4617950916290283
10.8.8.178-216.58.208.46-38264-443-6,packet_id: 1,delay: 0.3396947383880615
10.8.8.178-216.58.208.46-38264-443-6,packet_id: 2,delay: 0.3570587635040283
10.8.8.178-216.58.208.46-38264-443-6,packet_id: 3,delay: 0.3495752811431885
10.8.8.178-216.58.208.46-38264-443-6,packet_id: 4,delay: 0.3553614616394043
10.8.8.130-216.58.210.14-45184-443-6,packet_id: 1,delay: 0.1672525405883789
10.8.8.130-216.58.210.14-45184-443-6,packet_id: 2,delay: 0.20078539848327637
10.8.8.130-216.58.210.14-45184-443-6,packet_id: 3,delay: 0.19457459449768066
10.8.8.130-216.58.210.14-45184-443-6,packet_id: 4,delay: 0.31742167472839355
10.8.8.130-216.58.210.14-45184-443-6,packet_id: 5,delay: 0.3294808864593506
10.8.8.130-216.58.210.14-45184-443-6,packet_id: 6,delay: 0.2922685146331787
10.8.8.130-216.58.210.14-45184-443-6,packet_id: 7,delay: 0.32047152519226074
10.8.8.130-216.58.210.14-45184-443-6,packet_id: 8,delay: 0.31644701957702637
10.8.8.130-216.58.210.14-45184-443-6,packet_id: 9,delay: 0.2895317077636719
10.8.8.130-216.58.210.14-45184-443-6,packet_id: 10,delay: 0.2501976490020752
10.8.8.130-216.58.210.14-45184-443-6,packet_id: 11,delay: 0.29837751388549805
10.8.8.130-216.58.210.14-45184-443-6,packet_id: 12,delay: 0.2852182388305664
10.8.8.130-216.58.210.14-45184-443-6,packet_id: 13,delay: 0.2945530414581299
10.8.8.130-216.58.210.14-45184-443-6,packet_id: 14,delay: 0.2976529598236084
10.8.8.130-216.58.210.14-45184-443-6,packet_id: 15,delay: 0.28324055671691895
10.8.8.130-216.58.210.14-45184-443-6,packet_id: 16,delay: 0.28534579277038574
216.58.210.35-10.8.8.178-443-59252-6,packet_id: 1,delay: 0.4388411045074463
157.56.52.13-10.0.2.15-40011-34332-6,packet_id: 1,delay: 0.5637655258178711
157.56.52.13-10.0.2.15-40011-34332-6,packet_id: 2,delay: 0.5838503837585449
131.202.240.87-64.12.27.65-64714-443-6,packet_id: 1,delay: 0.3100435733795166
173.194.196.16-131.202.240.242-465-5488-6,packet_id: 1,delay: 0.6444077491760254
131.202.240.87-65.55.2.6-11378-443-6,packet_id: 1,delay: 0.4075322151184082
173.194.196.16-131.202.240.242-465-5492-6,packet_id: 1,delay: 0.6285555362701416
10.8.8.178-216.58.210.35-59222-443-6,packet_id: 1,delay: 0.43753576278686523
157.56.52.13-10.8.8.178-40011-56909-6,packet_id: 1,delay: 0.30289196968078613
131.202.240.87-68.67.153.40-11386-80-6,packet_id: 1,delay: 0.506162166595459
173.194.196.16-131.202.240.242-465-5524-6,packet_id: 1,delay: 0.5794849395751953
10.8.8.178-216.58.210.35-59252-443-6,packet_id: 1,delay: 0.433978796005249
173.194.196.16-131.202.240.242-465-5527-6,packet_id: 1,delay: 0.5877852439880371
131.202.240.87-74.125.69.16-10714-993-6,packet_id: 1,delay: 0.3013801574707031
10.8.8.178-216.58.210.46-39796-443-6,packet_id: 1,delay: 0.12961769104003906
10.8.8.178-216.58.210.46-39796-443-6,packet_id: 2,delay: 0.14500808715820312
10.8.8.178-216.58.210.46-39796-443-6,packet_id: 3,delay: 0.1440744400024414
10.8.8.178-216.58.210.46-39796-443-6,packet_id: 4,delay: 0.14808320999145508
10.8.8.178-216.58.210.46-39796-443-6,packet_id: 5,delay: 0.13187670707702637
10.8.8.178-216.58.210.46-39796-443-6,packet_id: 6,delay: 0.13744759559631348
131.202.240.87-74.125.69.16-10741-993-6,packet_id: 1,delay: 0.2960386276245117
131.202.240.87-74.125.69.16-10741-993-6,packet_id: 2,delay: 0.34179091453552246
131.202.240.87-74.125.69.16-10741-993-6,packet_id: 3,delay: 0.30892133712768555
131.202.240.87-74.125.69.16-10743-993-6,packet_id: 1,delay: 0.2954869270324707
131.202.240.87-74.125.134.188-64960-5228-6,packet_id: 1,delay: 0.4120011329650879
131.202.240.87-74.125.202.16-10773-993-6,packet_id: 1,delay: 0.26211977005004883
10.8.8.178-216.58.210.78-44923-443-6,packet_id: 1,delay: 0.3480668067932129
10.8.8.178-216.58.210.78-44923-443-6,packet_id: 2,delay: 0.3422508239746094
131.202.240.87-74.125.202.16-10798-993-6,packet_id: 1,delay: 0.2911953926086426
10.8.8.138-185.2.220.137-43535-80-6,packet_id: 1,delay: 0.33886075019836426
131.202.240.87-105.237.177.132-42322-50244-6,packet_id: 1,delay: 0.3419077396392822
10.8.8.138-208.117.251.116-56550-443-6,packet_id: 1,delay: 0.24460148811340332
10.8.8.138-208.117.251.116-56550-443-6,packet_id: 2,delay: 0.23681902885437012
10.8.8.138-208.117.251.116-56550-443-6,packet_id: 3,delay: 0.24914288520812988
131.202.240.87-107.21.103.88-11343-443-6,packet_id: 1,delay: 0.4571347236633301
131.202.240.87-131.202.240.242-42322-5619-6,packet_id: 1,delay: 0.4161417484283447
131.202.240.87-131.202.240.242-42322-5619-6,packet_id: 2,delay: 0.4342198371887207
131.202.240.87-131.202.240.242-42322-5619-6,packet_id: 3,delay: 0.40939927101135254
131.202.240.87-131.202.240.242-42322-5619-6,packet_id: 4,delay: 0.42208409309387207
131.202.240.87-131.202.240.242-42322-5619-6,packet_id: 5,delay: 0.42527055740356445
131.202.240.87-131.202.240.242-42322-5619-6,packet_id: 6,delay: 0.41313815116882324
131.202.240.87-131.202.240.242-42322-5619-6,packet_id: 7,delay: 0.4046823978424072
131.202.240.87-131.202.240.242-42322-5619-6,packet_id: 8,delay: 0.4154055118560791
131.202.240.87-131.202.240.242-42322-5619-6,packet_id: 9,delay: 0.4047977924346924
131.202.240.87-131.202.240.242-42322-5619-6,packet_id: 10,delay: 0.46428918838500977
131.202.240.87-131.202.240.242-42322-5619-6,packet_id: 11,delay: 0.4073002338409424
131.202.240.87-131.202.240.242-42322-5619-6,packet_id: 12,delay: 0.4351933002471924
131.202.240.87-131.202.240.242-42322-5619-6,packet_id: 13,delay: 0.42804574966430664
131.202.240.87-131.202.240.242-42322-5619-6,packet_id: 14,delay: 0.4240741729736328
131.202.240.87-131.202.240.242-42322-5619-6,packet_id: 15,delay: 0.43148112297058105
131.202.240.87-131.202.240.242-42322-5619-6,packet_id: 16,delay: 0.43535518646240234
131.202.240.87-131.202.240.242-42322-5619-6,packet_id: 17,delay: 0.4096376895904541
131.202.240.87-131.202.240.242-42322-5619-6,packet_id: 18,delay: 0.45642948150634766
131.202.240.87-131.202.240.242-42322-5619-6,packet_id: 19,delay: 0.3681964874267578
131.202.240.87-131.202.240.242-42322-5619-6,packet_id: 20,delay: 0.3654167652130127
131.202.240.87-131.202.240.242-42322-5619-6,packet_id: 21,delay: 0.38268208503723145
131.202.240.87-131.202.240.242-42322-5619-6,packet_id: 22,delay: 0.35114479064941406
131.202.240.87-131.202.240.242-42322-5619-6,packet_id: 23,delay: 0.3533294200897217
131.202.240.87-131.202.240.242-42322-5619-6,packet_id: 24,delay: 0.36500096321105957
131.202.240.87-131.202.240.242-42322-5619-6,packet_id: 25,delay: 0.3710601329803467
131.202.240.87-131.202.240.242-42322-5619-6,packet_id: 26,delay: 0.37140560150146484
131.202.240.87-131.202.240.242-42322-5619-6,packet_id: 27,delay: 0.4757986068725586
131.202.240.87-131.202.240.242-42322-5619-6,packet_id: 28,delay: 0.4467427730560303
131.202.240.87-131.202.240.242-42322-5619-6,packet_id: 29,delay: 0.4632868766784668
131.202.240.87-131.202.240.242-42322-5619-6,packet_id: 30,delay: 0.47188282012939453
131.202.240.87-131.202.240.242-42322-5619-6,packet_id: 31,delay: 0.46320295333862305
131.202.240.87-131.202.240.242-42322-5619-6,packet_id: 32,delay: 0.4730489253997803
131.202.240.87-131.202.240.242-42322-5619-6,packet_id: 33,delay: 0.5306859016418457
131.202.240.87-131.202.240.242-42322-5619-6,packet_id: 34,delay: 0.4644908905029297
131.202.240.87-131.202.240.242-42322-5619-6,packet_id: 35,delay: 0.3331747055053711
131.202.240.87-131.202.240.242-42322-5619-6,packet_id: 36,delay: 0.4581794738769531
131.202.240.87-131.202.240.242-42322-5619-6,packet_id: 37,delay: 0.47559547424316406
131.202.240.87-131.202.240.242-42322-5619-6,packet_id: 38,delay: 0.47858333587646484
10.8.8.138-208.117.251.116-56557-443-6,packet_id: 1,delay: 0.26732635498046875
10.8.8.138-208.117.251.116-56568-443-6,packet_id: 1,delay: 0.24068093299865723
10.8.8.138-208.117.251.116-56577-443-6,packet_id: 1,delay: 0.2449188232421875
10.8.8.138-208.117.251.116-56577-443-6,packet_id: 2,delay: 0.23762011528015137
10.8.8.138-208.117.251.116-56622-443-6,packet_id: 1,delay: 0.2411043643951416
10.8.8.138-208.117.251.116-56622-443-6,packet_id: 2,delay: 0.24495148658752441
10.8.8.138-208.117.251.116-56647-443-6,packet_id: 1,delay: 0.23706984519958496
10.8.8.138-208.117.251.116-56647-443-6,packet_id: 2,delay: 0.23894762992858887
10.8.8.138-209.148.205.35-42190-443-6,packet_id: 1,delay: 0.10667300224304199
10.8.8.138-209.148.205.35-42190-443-6,packet_id: 2,delay: 0.11864876747131348
10.8.8.138-209.148.205.35-42190-443-6,packet_id: 3,delay: 0.11422872543334961
10.8.8.138-209.148.205.35-42190-443-6,packet_id: 4,delay: 0.11765289306640625
205.188.12.91-10.8.8.178-443-48911-6,packet_id: 1,delay: 0.3883817195892334
199.16.156.201-131.202.240.150-443-37303-6,packet_id: 1,delay: 0.2240464687347412
205.188.12.91-131.202.240.87-443-42522-6,packet_id: 1,delay: 0.5239026546478271
131.202.240.242-68.67.153.2-5887-80-6,packet_id: 1,delay: 0.33113527297973633
131.202.240.242-69.172.216.55-5957-443-6,packet_id: 1,delay: 0.38430023193359375
131.202.240.242-74.125.193.16-5535-995-6,packet_id: 1,delay: 0.3669700622558594
131.202.240.242-131.202.240.87-5619-42322-6,packet_id: 1,delay: 0.3915536403656006
131.202.240.242-131.202.240.87-5619-42322-6,packet_id: 2,delay: 0.4161345958709717
131.202.240.242-131.202.240.87-5619-42322-6,packet_id: 3,delay: 0.4104187488555908
131.202.240.242-131.202.240.87-5619-42322-6,packet_id: 4,delay: 0.4176819324493408
131.202.240.242-131.202.240.87-5619-42322-6,packet_id: 5,delay: 0.384350061416626
131.202.240.242-131.202.240.87-5619-42322-6,packet_id: 6,delay: 0.411510705947876
131.202.240.242-131.202.240.87-5619-42322-6,packet_id: 7,delay: 0.40772104263305664
131.202.240.242-131.202.240.87-5619-42322-6,packet_id: 8,delay: 0.41098618507385254
131.202.240.242-131.202.240.87-5619-42322-6,packet_id: 9,delay: 0.4296884536743164
131.202.240.242-131.202.240.87-5619-42322-6,packet_id: 10,delay: 0.45432591438293457
131.202.240.242-131.202.240.87-5619-42322-6,packet_id: 11,delay: 0.4612886905670166
131.202.240.242-131.202.240.87-5619-42322-6,packet_id: 12,delay: 0.4666721820831299
131.202.240.242-131.202.240.87-5619-42322-6,packet_id: 13,delay: 0.46840834617614746
131.202.240.242-131.202.240.87-5619-42322-6,packet_id: 14,delay: 0.3906738758087158
131.202.240.242-131.202.240.87-5619-42322-6,packet_id: 15,delay: 0.39055752754211426
131.202.240.242-131.202.240.87-5619-42322-6,packet_id: 16,delay: 0.39906883239746094
131.202.240.242-131.202.240.87-5619-42322-6,packet_id: 17,delay: 0.4144885540008545
131.202.240.242-131.202.240.87-5619-42322-6,packet_id: 18,delay: 0.40060877799987793
131.202.240.242-131.202.240.87-5619-42322-6,packet_id: 19,delay: 0.39361143112182617
131.202.240.242-131.202.240.87-5619-42322-6,packet_id: 20,delay: 0.39745664596557617
131.202.240.242-131.202.240.87-5619-42322-6,packet_id: 21,delay: 0.4605851173400879
131.202.240.242-131.202.240.87-5619-42322-6,packet_id: 22,delay: 0.3928864002227783
131.202.240.242-131.202.240.87-5619-42322-6,packet_id: 23,delay: 0.4018826484680176
131.202.240.242-131.202.240.87-5619-42322-6,packet_id: 24,delay: 0.3879373073577881
131.202.240.242-131.202.240.87-5619-42322-6,packet_id: 25,delay: 0.39556336402893066
131.202.240.242-131.202.240.87-5619-42322-6,packet_id: 26,delay: 0.4001598358154297
131.202.240.242-131.202.240.87-5619-42322-6,packet_id: 27,delay: 0.41054773330688477
131.202.240.242-131.202.240.87-5619-42322-6,packet_id: 28,delay: 0.40755176544189453
131.202.240.242-131.202.240.87-5619-42322-6,packet_id: 29,delay: 0.4076571464538574
173.194.20.107-131.202.240.150-443-44157-6,packet_id: 1,delay: 0.28232598304748535
173.194.20.107-131.202.240.150-443-44157-6,packet_id: 2,delay: 0.2788724899291992
173.194.20.107-131.202.240.150-443-44157-6,packet_id: 3,delay: 0.26505446434020996
173.194.20.107-131.202.240.150-443-44157-6,packet_id: 4,delay: 0.28027892112731934
173.194.20.107-131.202.240.150-443-44157-6,packet_id: 5,delay: 0.27770280838012695
173.194.20.107-131.202.240.150-443-44157-6,packet_id: 6,delay: 0.29381465911865234
173.194.20.107-131.202.240.150-443-44157-6,packet_id: 7,delay: 0.2937452793121338
173.194.20.107-131.202.240.150-443-44157-6,packet_id: 8,delay: 0.293532133102417
173.194.20.107-131.202.240.150-443-44157-6,packet_id: 9,delay: 0.29567384719848633
199.212.24.173-131.202.240.150-443-54334-6,packet_id: 1,delay: 0.2502405643463135
108.175.43.146-131.202.240.150-80-60056-6,packet_id: 1,delay: 0.05732107162475586
108.175.43.146-131.202.240.150-80-60056-6,packet_id: 2,delay: 0.06039071083068848
108.175.43.146-131.202.240.150-80-60056-6,packet_id: 3,delay: 0.055327653884887695
108.175.43.146-131.202.240.150-80-60056-6,packet_id: 4,delay: 0.07212376594543457
108.175.43.146-131.202.240.150-80-60056-6,packet_id: 5,delay: 0.0767972469329834
108.175.43.146-131.202.240.150-80-60056-6,packet_id: 6,delay: 0.06116938591003418
108.175.43.146-131.202.240.150-80-60056-6,packet_id: 7,delay: 0.04870176315307617
108.175.43.146-131.202.240.150-80-60056-6,packet_id: 8,delay: 0.0797276496887207
173.194.78.189-10.8.8.130-443-60098-6,packet_id: 1,delay: 0.4416835308074951
173.194.78.189-10.8.8.130-443-60098-6,packet_id: 2,delay: 0.41222691535949707
173.194.78.189-10.8.8.130-443-60098-6,packet_id: 3,delay: 0.4159560203552246
91.190.216.125-10.8.8.130-12350-38182-6,packet_id: 1,delay: 0.5515837669372559
157.56.126.188-131.202.240.242-443-5589-6,packet_id: 1,delay: 0.46776819229125977
157.56.126.188-131.202.240.242-443-5589-6,packet_id: 2,delay: 0.48249149322509766
157.56.126.188-131.202.240.242-443-5589-6,packet_id: 3,delay: 0.48586225509643555
157.56.126.188-131.202.240.242-443-5589-6,packet_id: 4,delay: 0.41165876388549805
157.56.126.188-131.202.240.242-443-5589-6,packet_id: 5,delay: 0.4294772148132324
157.56.126.188-131.202.240.242-443-5589-6,packet_id: 6,delay: 0.43908119201660156
157.56.126.188-131.202.240.242-443-5589-6,packet_id: 7,delay: 0.4581015110015869
157.56.126.188-131.202.240.242-443-5589-6,packet_id: 8,delay: 0.42053675651550293
157.56.126.188-131.202.240.242-443-5589-6,packet_id: 9,delay: 0.41185784339904785
157.56.126.188-131.202.240.242-443-5589-6,packet_id: 10,delay: 0.3695094585418701
157.56.126.188-131.202.240.242-443-5589-6,packet_id: 11,delay: 0.35419654846191406
157.56.126.188-131.202.240.242-443-5589-6,packet_id: 12,delay: 0.3576807975769043
157.56.126.188-131.202.240.242-443-5589-6,packet_id: 13,delay: 0.3626737594604492
134.170.19.124-131.202.240.87-443-10864-6,packet_id: 1,delay: 0.29001736640930176
134.170.19.124-131.202.240.87-443-10864-6,packet_id: 2,delay: 0.29213738441467285
134.170.19.124-131.202.240.87-443-10864-6,packet_id: 3,delay: 0.3006722927093506
134.170.19.124-131.202.240.87-443-10864-6,packet_id: 4,delay: 0.27675652503967285
134.170.19.124-131.202.240.87-443-10864-6,packet_id: 5,delay: 0.32032155990600586
134.170.19.124-131.202.240.87-443-10864-6,packet_id: 6,delay: 0.3254053592681885
134.170.19.124-131.202.240.87-443-10864-6,packet_id: 7,delay: 0.3107626438140869
134.170.19.124-131.202.240.87-443-10864-6,packet_id: 8,delay: 0.28328752517700195
134.170.19.124-131.202.240.87-443-10864-6,packet_id: 9,delay: 0.3081181049346924
134.170.19.124-131.202.240.87-443-10864-6,packet_id: 10,delay: 0.2734057903289795
199.212.24.172-131.202.240.150-443-56874-6,packet_id: 1,delay: 0.23650908470153809
199.212.24.172-131.202.240.150-443-56874-6,packet_id: 2,delay: 0.2389516830444336
199.212.24.172-131.202.240.150-443-56874-6,packet_id: 3,delay: 0.23157620429992676
199.212.24.172-131.202.240.150-443-56874-6,packet_id: 4,delay: 0.2471318244934082
199.212.24.172-131.202.240.150-443-56874-6,packet_id: 5,delay: 0.25040650367736816
199.212.24.172-131.202.240.150-443-56874-6,packet_id: 6,delay: 0.24588346481323242
199.212.24.172-131.202.240.150-443-56874-6,packet_id: 7,delay: 0.23046207427978516
199.212.24.172-131.202.240.150-443-56874-6,packet_id: 8,delay: 0.20662593841552734
178.237.17.103-10.8.8.178-443-51318-6,packet_id: 1,delay: 0.46455907821655273
178.237.17.103-10.8.8.178-443-51318-6,packet_id: 2,delay: 0.46962881088256836
178.237.17.103-10.8.8.178-443-51318-6,packet_id: 3,delay: 0.4790303707122803
131.202.240.87-134.170.19.124-10864-443-6,packet_id: 1,delay: 0.33780598640441895
131.202.240.87-134.170.19.124-10864-443-6,packet_id: 2,delay: 0.34805989265441895
131.202.240.87-134.170.19.124-10864-443-6,packet_id: 3,delay: 0.4052274227142334
131.202.240.87-134.170.19.124-10864-443-6,packet_id: 4,delay: 0.41436076164245605
131.202.240.87-134.170.19.124-10864-443-6,packet_id: 5,delay: 0.3284189701080322
131.202.240.87-134.170.19.124-10864-443-6,packet_id: 6,delay: 0.33094048500061035
131.202.240.87-134.170.19.124-10864-443-6,packet_id: 7,delay: 0.3327937126159668
131.202.240.87-134.170.19.124-10864-443-6,packet_id: 8,delay: 0.338515043258667
131.202.240.87-134.170.19.124-10864-443-6,packet_id: 9,delay: 0.33434414863586426
131.202.240.242-157.56.126.188-5589-443-6,packet_id: 1,delay: 0.35167670249938965
131.202.240.242-157.56.126.188-5589-443-6,packet_id: 2,delay: 0.35707831382751465
131.202.240.242-157.56.126.188-5589-443-6,packet_id: 3,delay: 0.34932637214660645
131.202.240.242-157.56.126.188-5589-443-6,packet_id: 4,delay: 0.3562324047088623
131.202.240.242-157.56.126.188-5589-443-6,packet_id: 5,delay: 0.3571813106536865
131.202.240.242-157.56.126.188-5589-443-6,packet_id: 6,delay: 0.3612368106842041
131.202.240.242-157.56.126.188-5589-443-6,packet_id: 7,delay: 0.3472461700439453
131.202.240.242-157.56.126.188-5589-443-6,packet_id: 8,delay: 0.40404772758483887
131.202.240.242-157.56.126.188-5589-443-6,packet_id: 9,delay: 0.4042835235595703
131.202.240.87-173.194.196.16-10784-465-6,packet_id: 1,delay: 0.5710744857788086
131.202.240.87-173.194.196.16-10790-465-6,packet_id: 1,delay: 0.6263477802276611
131.202.240.87-173.252.100.27-64842-443-6,packet_id: 1,delay: 0.30418825149536133
131.202.240.87-173.252.100.27-64842-443-6,packet_id: 2,delay: 0.30376338958740234
131.202.240.87-173.252.100.27-64842-443-6,packet_id: 3,delay: 0.30452704429626465
131.202.240.87-173.252.100.27-64842-443-6,packet_id: 4,delay: 0.35421109199523926
131.202.240.87-173.252.100.27-64842-443-6,packet_id: 5,delay: 0.3073575496673584
131.202.240.87-173.252.100.27-64842-443-6,packet_id: 6,delay: 0.3065977096557617
208.117.251.116-10.8.8.138-443-56550-6,packet_id: 1,delay: 0.3394911289215088
208.117.251.116-10.8.8.138-443-56550-6,packet_id: 2,delay: 0.34348487854003906
208.117.251.116-10.8.8.138-443-56550-6,packet_id: 3,delay: 0.3256871700286865
208.117.251.116-10.8.8.138-443-56550-6,packet_id: 4,delay: 0.3529682159423828
208.117.251.116-10.8.8.138-443-56550-6,packet_id: 5,delay: 0.3383793830871582
131.202.240.87-178.237.17.103-42530-443-6,packet_id: 1,delay: 0.6700174808502197
131.202.240.87-178.237.17.103-42530-443-6,packet_id: 2,delay: 0.6413276195526123
216.58.210.78-10.8.8.178-443-44923-6,packet_id: 1,delay: 0.4045090675354004
216.58.210.78-10.8.8.178-443-44923-6,packet_id: 2,delay: 0.3878958225250244
216.58.210.78-10.8.8.178-443-44923-6,packet_id: 3,delay: 0.3994171619415283
216.58.210.78-10.8.8.178-443-44923-6,packet_id: 4,delay: 0.38526177406311035
131.202.240.242-173.194.196.16-5500-465-6,packet_id: 1,delay: 0.5614888668060303
209.148.205.35-10.8.8.138-443-42010-6,packet_id: 1,delay: 0.21052956581115723
209.148.205.35-10.8.8.138-443-42010-6,packet_id: 2,delay: 0.22617530822753906
209.148.205.35-10.8.8.138-443-42010-6,packet_id: 3,delay: 0.2233731746673584
209.148.205.35-10.8.8.138-443-42010-6,packet_id: 4,delay: 0.22083282470703125
209.148.205.35-10.8.8.138-443-42010-6,packet_id: 5,delay: 0.24221277236938477
209.148.205.35-10.8.8.138-443-42010-6,packet_id: 6,delay: 0.20810914039611816
209.148.205.35-10.8.8.138-443-42010-6,packet_id: 7,delay: 0.22887277603149414
209.148.205.35-10.8.8.138-443-42010-6,packet_id: 8,delay: 0.21181178092956543
209.148.205.35-10.8.8.138-443-42010-6,packet_id: 9,delay: 0.22174072265625
209.148.205.35-10.8.8.138-443-42010-6,packet_id: 10,delay: 0.2108767032623291
131.202.240.242-173.194.196.16-5529-465-6,packet_id: 1,delay: 0.5639321804046631
131.202.240.87-205.188.12.91-42522-443-6,packet_id: 1,delay: 0.5085742473602295
131.202.240.87-205.188.12.91-42522-443-6,packet_id: 2,delay: 0.5101137161254883
208.117.251.116-10.8.8.138-443-56560-6,packet_id: 1,delay: 0.34659528732299805
208.117.251.116-10.8.8.138-443-56560-6,packet_id: 2,delay: 0.33584094047546387
208.117.251.116-10.8.8.138-443-56560-6,packet_id: 3,delay: 0.37592267990112305
131.202.240.242-173.252.100.27-32576-443-6,packet_id: 1,delay: 0.2586958408355713
131.202.240.242-178.237.18.202-31773-443-6,packet_id: 1,delay: 0.45644640922546387
131.202.240.87-209.148.205.35-64882-443-6,packet_id: 1,delay: 0.306365966796875
131.202.240.242-216.58.219.230-5999-443-6,packet_id: 1,delay: 0.36044955253601074
108.175.43.161-131.202.240.150-80-57196-6,packet_id: 1,delay: 0.08463644981384277
108.175.43.161-131.202.240.150-80-57196-6,packet_id: 2,delay: 0.05257368087768555
108.175.43.161-131.202.240.150-80-57196-6,packet_id: 3,delay: 0.0694894790649414
108.175.43.161-131.202.240.150-80-57196-6,packet_id: 4,delay: 0.05788683891296387
108.175.43.161-131.202.240.150-80-57196-6,packet_id: 5,delay: 0.05826711654663086
108.175.43.161-131.202.240.150-80-57196-6,packet_id: 6,delay: 0.0603177547454834
108.175.43.161-131.202.240.150-80-57196-6,packet_id: 7,delay: 0.07365942001342773
208.117.251.116-10.8.8.138-443-56577-6,packet_id: 1,delay: 0.37757372856140137
208.117.251.116-10.8.8.138-443-56587-6,packet_id: 1,delay: 0.30641913414001465
64.233.184.16-10.8.8.110-465-37409-6,packet_id: 1,delay: 0.27761197090148926
208.117.251.116-10.8.8.138-443-56597-6,packet_id: 1,delay: 0.3536405563354492
64.233.184.16-10.8.8.110-465-37417-6,packet_id: 1,delay: 0.276292085647583
208.117.251.116-10.8.8.138-443-56603-6,packet_id: 1,delay: 0.30632805824279785
64.233.184.16-10.8.8.110-465-37425-6,packet_id: 1,delay: 0.34139180183410645
208.117.251.116-10.8.8.138-443-56605-6,packet_id: 1,delay: 0.33455443382263184
208.117.251.116-10.8.8.138-443-56605-6,packet_id: 2,delay: 0.36202192306518555
173.194.67.189-10.8.8.178-443-57866-6,packet_id: 1,delay: 0.3216111660003662
64.233.184.16-10.8.8.110-465-37440-6,packet_id: 1,delay: 0.3150820732116699
173.194.67.189-10.8.8.178-443-57926-6,packet_id: 1,delay: 0.31230950355529785
173.194.67.189-10.8.8.178-443-57926-6,packet_id: 2,delay: 0.3170206546783447
173.194.67.189-10.8.8.178-443-57926-6,packet_id: 3,delay: 0.317690372467041
173.194.67.189-10.8.8.178-443-57926-6,packet_id: 4,delay: 0.31871652603149414
173.194.67.189-10.8.8.178-443-57926-6,packet_id: 5,delay: 0.33006858825683594
173.194.67.189-10.8.8.178-443-57926-6,packet_id: 6,delay: 0.33223414421081543
173.194.67.189-10.8.8.178-443-57926-6,packet_id: 7,delay: 0.26044726371765137
173.194.67.189-10.8.8.178-443-57926-6,packet_id: 8,delay: 0.3205726146697998
173.194.67.189-10.8.8.178-443-57926-6,packet_id: 9,delay: 0.25023508071899414
64.233.184.16-10.8.8.234-993-56880-6,packet_id: 1,delay: 0.3562126159667969
208.117.251.116-10.8.8.138-443-56622-6,packet_id: 1,delay: 0.32715559005737305
208.117.251.116-10.8.8.138-443-56622-6,packet_id: 2,delay: 0.32729506492614746
209.148.205.35-10.8.8.138-443-42190-6,packet_id: 1,delay: 0.16028332710266113
209.148.205.35-10.8.8.138-443-42190-6,packet_id: 2,delay: 0.17710018157958984
209.148.205.35-10.8.8.138-443-42190-6,packet_id: 3,delay: 0.17160844802856445
209.148.205.35-10.8.8.138-443-42190-6,packet_id: 4,delay: 0.15669560432434082
209.148.205.35-10.8.8.138-443-42190-6,packet_id: 5,delay: 0.18894386291503906
209.148.205.35-10.8.8.138-443-42190-6,packet_id: 6,delay: 0.1508018970489502
209.148.205.35-10.8.8.138-443-42190-6,packet_id: 7,delay: 0.1455543041229248
209.148.205.35-10.8.8.138-443-42190-6,packet_id: 8,delay: 0.16693687438964844
209.148.205.35-10.8.8.138-443-42190-6,packet_id: 9,delay: 0.1737353801727295
209.148.205.35-10.8.8.138-443-42190-6,packet_id: 10,delay: 0.1676042079925537
209.148.205.35-10.8.8.138-443-42190-6,packet_id: 11,delay: 0.16447663307189941
209.148.205.35-10.8.8.138-443-42190-6,packet_id: 12,delay: 0.14618611335754395
209.148.205.35-10.8.8.138-443-42190-6,packet_id: 13,delay: 0.14590001106262207
209.148.205.35-10.8.8.138-443-42190-6,packet_id: 14,delay: 0.14835071563720703
209.148.205.35-10.8.8.138-443-42190-6,packet_id: 15,delay: 0.1566622257232666
209.148.205.35-10.8.8.138-443-42190-6,packet_id: 16,delay: 0.15585875511169434
209.148.205.35-10.8.8.138-443-42190-6,packet_id: 17,delay: 0.14415502548217773
209.148.205.35-10.8.8.138-443-42190-6,packet_id: 18,delay: 0.15480375289916992
209.148.205.35-10.8.8.138-443-42190-6,packet_id: 19,delay: 0.13905978202819824
209.148.205.35-10.8.8.138-443-42190-6,packet_id: 20,delay: 0.15114617347717285
209.148.205.35-10.8.8.138-443-42190-6,packet_id: 21,delay: 0.14864730834960938
209.148.205.35-10.8.8.138-443-42190-6,packet_id: 22,delay: 0.14049696922302246
64.233.184.16-10.8.8.234-993-56887-6,packet_id: 1,delay: 0.30658817291259766
64.233.184.16-10.8.8.234-993-56887-6,packet_id: 2,delay: 0.3467690944671631
208.117.251.116-10.8.8.138-443-56633-6,packet_id: 1,delay: 0.2821962833404541
208.117.251.116-10.8.8.138-443-56633-6,packet_id: 2,delay: 0.2903010845184326
209.148.205.33-131.202.240.150-80-41146-6,packet_id: 1,delay: 0.35408711433410645
74.125.70.16-131.202.240.242-995-5479-6,packet_id: 1,delay: 0.5392787456512451
173.194.78.16-10.0.2.15-993-52882-6,packet_id: 1,delay: 0.46282315254211426
216.58.208.35-10.8.8.178-443-52158-6,packet_id: 1,delay: 0.1897108554840088
216.58.208.35-10.8.8.178-443-52158-6,packet_id: 2,delay: 0.18201398849487305
2.30.116.54-10.8.8.130-58139-48835-6,packet_id: 1,delay: 0.25631046295166016
2.30.116.54-10.8.8.130-58139-48835-6,packet_id: 2,delay: 0.2653803825378418
2.30.116.54-10.8.8.130-58139-48835-6,packet_id: 3,delay: 0.26308369636535645
2.30.116.54-10.8.8.130-58139-48835-6,packet_id: 4,delay: 0.2897605895996094
2.30.116.54-10.8.8.130-58139-48835-6,packet_id: 5,delay: 0.3519136905670166
178.237.18.202-10.8.8.130-443-34342-6,packet_id: 1,delay: 0.40767550468444824
178.237.18.202-10.8.8.130-443-34342-6,packet_id: 2,delay: 0.40407586097717285
178.237.18.202-10.8.8.130-443-34342-6,packet_id: 3,delay: 0.41036200523376465
178.237.18.202-10.8.8.130-443-34342-6,packet_id: 4,delay: 0.4166131019592285
178.237.18.202-10.8.8.130-443-34342-6,packet_id: 5,delay: 0.4050755500793457
178.237.18.202-10.8.8.130-443-34342-6,packet_id: 6,delay: 0.41545677185058594
208.117.251.116-10.8.8.138-443-56641-6,packet_id: 1,delay: 0.36382412910461426
2.30.116.54-10.8.8.178-58139-43020-6,packet_id: 1,delay: 0.2722766399383545
2.30.116.54-10.8.8.178-58139-43020-6,packet_id: 2,delay: 0.2638428211212158
2.30.116.54-10.8.8.178-58139-43020-6,packet_id: 3,delay: 0.26660799980163574
2.30.116.54-10.8.8.178-58139-43020-6,packet_id: 4,delay: 0.26815271377563477
2.30.116.54-10.8.8.178-58139-43020-6,packet_id: 5,delay: 0.19414830207824707
2.30.116.54-10.8.8.178-58139-43020-6,packet_id: 6,delay: 0.19019246101379395
178.237.18.202-131.202.240.242-443-31773-6,packet_id: 1,delay: 0.3511815071105957
209.148.205.35-131.202.240.150-443-56578-6,packet_id: 1,delay: 0.09688925743103027
209.148.205.35-131.202.240.150-443-56578-6,packet_id: 2,delay: 0.081695556640625
209.148.205.35-131.202.240.150-443-56578-6,packet_id: 3,delay: 0.08535313606262207
209.148.205.35-131.202.240.150-443-56578-6,packet_id: 4,delay: 0.08551383018493652
216.58.210.46-10.8.8.178-443-39796-6,packet_id: 1,delay: 0.17576289176940918
216.58.210.46-10.8.8.178-443-39796-6,packet_id: 2,delay: 0.195786714553833
216.58.210.46-10.8.8.178-443-39796-6,packet_id: 3,delay: 0.2092423439025879
208.118.125.54-131.202.240.87-49266-42322-6,packet_id: 1,delay: 0.4796125888824463
23.235.40.143-131.202.240.150-443-54394-6,packet_id: 1,delay: 0.2962362766265869
23.235.40.143-131.202.240.150-443-54394-6,packet_id: 2,delay: 0.3119313716888428
23.235.40.143-131.202.240.150-443-54394-6,packet_id: 3,delay: 0.30239009857177734
131.202.240.150-23.50.75.27-45724-80-6,packet_id: 1,delay: 0.1575477123260498
131.202.240.150-23.235.40.143-54394-443-6,packet_id: 1,delay: 0.31369638442993164
131.202.240.150-23.235.40.143-54394-443-6,packet_id: 2,delay: 0.29469990730285645
131.202.240.150-23.235.40.143-54394-443-6,packet_id: 3,delay: 0.30832934379577637
131.202.240.150-23.235.40.143-54394-443-6,packet_id: 4,delay: 0.30928897857666016
131.202.240.150-23.235.40.143-54394-443-6,packet_id: 5,delay: 0.32752490043640137
77.103.197.35-10.8.8.130-47872-52719-6,packet_id: 1,delay: 0.5070195198059082
131.202.240.150-108.175.39.202-40884-80-6,packet_id: 1,delay: 0.3004460334777832
131.202.240.150-108.175.39.202-40884-80-6,packet_id: 2,delay: 0.2636117935180664
131.202.240.150-108.175.39.202-40884-80-6,packet_id: 3,delay: 0.2649974822998047
131.202.240.150-108.175.39.202-40884-80-6,packet_id: 4,delay: 0.28250741958618164
131.202.240.150-108.175.39.202-40884-80-6,packet_id: 5,delay: 0.29735755920410156
131.202.240.150-108.175.39.202-40884-80-6,packet_id: 6,delay: 0.2923777103424072
131.202.240.150-108.175.39.202-40884-80-6,packet_id: 7,delay: 0.286240816116333
131.202.240.150-108.175.39.202-40884-80-6,packet_id: 8,delay: 0.29128146171569824
131.202.240.150-108.175.39.202-40884-80-6,packet_id: 9,delay: 0.28275465965270996
131.202.240.150-108.175.39.202-40884-80-6,packet_id: 10,delay: 0.289417028427124
131.202.240.150-108.175.39.202-40884-80-6,packet_id: 11,delay: 0.28489184379577637
131.202.240.150-108.175.39.202-40884-80-6,packet_id: 12,delay: 0.2890644073486328
131.202.240.150-108.175.39.202-40884-80-6,packet_id: 13,delay: 0.2733759880065918
131.202.240.150-108.175.39.202-40884-80-6,packet_id: 14,delay: 0.2748591899871826
131.202.240.150-108.175.39.202-40884-80-6,packet_id: 15,delay: 0.2778327465057373
131.202.240.150-108.175.39.202-40884-80-6,packet_id: 16,delay: 0.274031400680542
68.67.153.211-131.202.240.242-443-5932-6,packet_id: 1,delay: 0.3631472587585449
74.125.202.16-131.202.240.87-993-10798-6,packet_id: 1,delay: 0.27860260009765625
209.148.205.41-10.8.8.138-80-57838-6,packet_id: 1,delay: 0.3533666133880615
199.212.24.174-131.202.240.150-443-43919-6,packet_id: 1,delay: 0.06663393974304199
209.148.205.41-10.8.8.138-443-60124-6,packet_id: 1,delay: 0.3361551761627197
209.148.205.41-10.8.8.138-443-60124-6,packet_id: 2,delay: 0.2806706428527832
209.148.205.41-10.8.8.138-443-60124-6,packet_id: 3,delay: 0.2771728038787842
209.148.205.41-10.8.8.138-443-60124-6,packet_id: 4,delay: 0.2673165798187256
209.148.205.41-10.8.8.138-443-60124-6,packet_id: 5,delay: 0.2849407196044922
209.148.205.41-10.8.8.138-443-60124-6,packet_id: 6,delay: 0.2722036838531494
209.148.205.41-10.8.8.138-443-60124-6,packet_id: 7,delay: 0.27675604820251465
209.148.205.41-10.8.8.138-443-60124-6,packet_id: 8,delay: 0.2759358882904053
209.148.205.41-10.8.8.138-443-60124-6,packet_id: 9,delay: 0.27150511741638184
209.148.205.41-10.8.8.138-443-60124-6,packet_id: 10,delay: 0.26007962226867676
216.58.219.230-131.202.240.150-443-35187-6,packet_id: 1,delay: 0.21700358390808105
216.58.208.37-10.8.8.178-443-51920-6,packet_id: 1,delay: 0.27225184440612793
216.58.219.230-131.202.240.242-443-5999-6,packet_id: 1,delay: 0.26978206634521484
216.58.208.37-10.8.8.178-443-51939-6,packet_id: 1,delay: 0.3401641845703125
209.148.205.41-131.202.240.150-443-34177-6,packet_id: 1,delay: 0.21732354164123535
209.148.205.41-131.202.240.150-443-34177-6,packet_id: 2,delay: 0.20950627326965332
131.202.240.150-108.175.42.181-58287-80-6,packet_id: 1,delay: 0.19054102897644043
131.202.240.150-108.175.42.181-58287-80-6,packet_id: 2,delay: 0.20232057571411133
131.202.240.150-108.175.42.181-58287-80-6,packet_id: 3,delay: 0.20824313163757324
131.202.240.150-108.175.42.181-58287-80-6,packet_id: 4,delay: 0.20600557327270508
131.202.240.150-108.175.42.181-58287-80-6,packet_id: 5,delay: 0.202833890914917
131.202.240.150-108.175.42.181-58287-80-6,packet_id: 6,delay: 0.19794106483459473
131.202.240.150-108.175.42.181-58287-80-6,packet_id: 7,delay: 0.1890709400177002
131.202.240.150-108.175.42.181-58287-80-6,packet_id: 8,delay: 0.193220853805542
131.202.240.150-108.175.42.181-58287-80-6,packet_id: 9,delay: 0.17935752868652344
131.202.240.150-108.175.42.181-58287-80-6,packet_id: 10,delay: 0.19705629348754883
131.202.240.150-108.175.42.181-58287-80-6,packet_id: 11,delay: 0.18834137916564941
209.148.205.41-131.202.240.150-443-34203-6,packet_id: 1,delay: 0.20138168334960938
131.202.240.150-108.175.43.146-60056-80-6,packet_id: 1,delay: 0.10313987731933594
131.202.240.150-108.175.43.146-60056-80-6,packet_id: 2,delay: 0.11217236518859863
131.202.240.150-108.175.43.146-60056-80-6,packet_id: 3,delay: 0.10798168182373047
131.202.240.150-108.175.43.146-60056-80-6,packet_id: 4,delay: 0.10895848274230957
131.202.240.150-108.175.43.146-60056-80-6,packet_id: 5,delay: 0.12967681884765625
131.202.240.150-108.175.43.146-60056-80-6,packet_id: 6,delay: 0.10793185234069824
131.202.240.150-108.175.43.146-60056-80-6,packet_id: 7,delay: 0.11956429481506348
131.202.240.150-108.175.43.146-60056-80-6,packet_id: 8,delay: 0.12694382667541504
131.202.240.150-108.175.43.146-60056-80-6,packet_id: 9,delay: 0.11142992973327637
131.202.240.150-108.175.43.146-60056-80-6,packet_id: 10,delay: 0.10362696647644043
131.202.240.150-108.175.43.146-60056-80-6,packet_id: 11,delay: 0.11185622215270996
131.202.240.150-108.175.43.146-60056-80-6,packet_id: 12,delay: 0.10011625289916992
131.202.240.150-108.175.43.146-60056-80-6,packet_id: 13,delay: 0.10389971733093262
131.202.240.150-108.175.43.146-60056-80-6,packet_id: 14,delay: 0.10375809669494629
131.202.240.150-108.175.43.146-60056-80-6,packet_id: 15,delay: 0.10837507247924805
131.202.240.150-108.175.43.146-60056-80-6,packet_id: 16,delay: 0.1204233169555664
131.202.240.150-108.175.43.146-60056-80-6,packet_id: 17,delay: 0.12191963195800781
131.202.240.150-108.175.43.146-60056-80-6,packet_id: 18,delay: 0.11139082908630371
131.202.240.150-108.175.43.146-60056-80-6,packet_id: 19,delay: 0.11948037147521973
216.58.219.206-131.202.240.150-443-59290-6,packet_id: 1,delay: 0.08898138999938965
216.58.219.206-131.202.240.150-443-59539-6,packet_id: 1,delay: 0.10921168327331543
216.58.219.206-131.202.240.150-443-59539-6,packet_id: 2,delay: 0.1133267879486084
216.58.219.238-131.202.240.150-443-48018-6,packet_id: 1,delay: 0.2395470142364502
68.67.176.42-131.202.240.87-443-11439-6,packet_id: 1,delay: 0.44641757011413574
216.58.208.46-10.8.8.110-80-33072-6,packet_id: 1,delay: 0.348766565322876
173.194.123.101-131.202.240.150-443-53805-6,packet_id: 1,delay: 0.05692481994628906
216.58.208.46-10.8.8.178-443-38243-6,packet_id: 1,delay: 0.3516719341278076
216.58.208.46-10.8.8.178-443-38243-6,packet_id: 2,delay: 0.3202683925628662
216.58.208.46-10.8.8.178-443-38243-6,packet_id: 3,delay: 0.3316316604614258
216.58.208.46-10.8.8.178-443-38243-6,packet_id: 4,delay: 0.32877016067504883
216.58.208.46-10.8.8.178-443-38243-6,packet_id: 5,delay: 0.32877659797668457
216.58.208.46-10.8.8.178-443-38243-6,packet_id: 6,delay: 0.3456430435180664
216.58.208.46-10.8.8.178-443-38243-6,packet_id: 7,delay: 0.3144721984863281
216.58.208.46-10.8.8.178-443-38243-6,packet_id: 8,delay: 0.351543664932251
131.202.240.150-108.175.43.161-57196-80-6,packet_id: 1,delay: 0.17494869232177734
131.202.240.150-108.175.43.161-57196-80-6,packet_id: 2,delay: 0.15896320343017578
131.202.240.150-108.175.43.161-57196-80-6,packet_id: 3,delay: 0.17209362983703613
131.202.240.150-108.175.43.161-57196-80-6,packet_id: 4,delay: 0.18741583824157715
131.202.240.150-108.175.43.161-57196-80-6,packet_id: 5,delay: 0.16908979415893555
131.202.240.150-108.175.43.161-57196-80-6,packet_id: 6,delay: 0.17139649391174316
131.202.240.150-108.175.43.161-57196-80-6,packet_id: 7,delay: 0.17180943489074707
131.202.240.150-108.175.43.161-57196-80-6,packet_id: 8,delay: 0.16857600212097168
131.202.240.150-108.175.43.161-57196-80-6,packet_id: 9,delay: 0.18030452728271484
131.202.240.150-108.175.43.161-57196-80-6,packet_id: 10,delay: 0.16735625267028809
131.202.240.150-108.175.43.161-57196-80-6,packet_id: 11,delay: 0.16825175285339355
131.202.240.150-108.175.43.161-57196-80-6,packet_id: 12,delay: 0.16416597366333008
131.202.240.150-108.175.43.161-57196-80-6,packet_id: 13,delay: 0.17315101623535156
131.202.240.150-108.175.43.161-57196-80-6,packet_id: 14,delay: 0.17101764678955078
131.202.240.150-108.175.43.161-57196-80-6,packet_id: 15,delay: 0.15147924423217773
131.202.240.150-108.175.43.161-57196-80-6,packet_id: 16,delay: 0.15915131568908691
131.202.240.150-108.175.43.161-57196-80-6,packet_id: 17,delay: 0.15300607681274414
204.83.155.169-10.0.2.15-32620-54963-6,packet_id: 1,delay: 0.4450984001159668
74.125.133.16-10.8.8.234-993-51039-6,packet_id: 1,delay: 0.44304895401000977
204.83.155.169-10.0.2.15-32620-55727-6,packet_id: 1,delay: 0.4545154571533203
74.125.133.16-10.8.8.234-993-51040-6,packet_id: 1,delay: 0.43418049812316895
74.125.133.16-10.8.8.234-993-51055-6,packet_id: 1,delay: 0.44568800926208496
74.125.133.16-10.8.8.234-993-51055-6,packet_id: 2,delay: 0.4302487373352051
74.125.133.16-10.8.8.234-993-51055-6,packet_id: 3,delay: 0.4453296661376953
74.125.133.16-10.8.8.234-993-51055-6,packet_id: 4,delay: 0.4562826156616211
74.125.133.16-10.8.8.234-993-51055-6,packet_id: 5,delay: 0.4366636276245117
74.125.133.16-10.8.8.234-993-51055-6,packet_id: 6,delay: 0.45244789123535156
74.125.133.16-10.8.8.234-993-51055-6,packet_id: 7,delay: 0.5078315734863281
74.125.133.16-10.8.8.234-993-51055-6,packet_id: 8,delay: 0.4995384216308594
74.125.133.16-10.8.8.234-993-51055-6,packet_id: 9,delay: 0.45032548904418945
74.125.133.16-10.8.8.234-993-51055-6,packet_id: 10,delay: 0.4462423324584961
74.125.133.16-10.8.8.234-993-51055-6,packet_id: 11,delay: 0.4773216247558594
74.125.133.16-10.8.8.234-993-51055-6,packet_id: 12,delay: 0.4796130657196045
74.125.133.16-10.8.8.234-993-51055-6,packet_id: 13,delay: 0.39704060554504395
74.125.133.16-10.8.8.234-993-51055-6,packet_id: 14,delay: 0.4420597553253174
216.58.208.46-10.8.8.178-443-38264-6,packet_id: 1,delay: 0.29783153533935547
216.58.208.46-10.8.8.178-443-38264-6,packet_id: 2,delay: 0.29141998291015625
216.58.208.46-10.8.8.178-443-38264-6,packet_id: 3,delay: 0.3424952030181885
216.58.208.46-10.8.8.178-443-38264-6,packet_id: 4,delay: 0.3217604160308838
216.58.208.46-10.8.8.178-443-38264-6,packet_id: 5,delay: 0.3316826820373535
216.58.208.46-10.8.8.178-443-38264-6,packet_id: 6,delay: 0.33414435386657715
216.58.208.46-10.8.8.178-443-38264-6,packet_id: 7,delay: 0.3186943531036377
216.58.208.46-10.8.8.178-443-38264-6,packet_id: 8,delay: 0.32509422302246094
216.58.208.46-10.8.8.178-443-38264-6,packet_id: 9,delay: 0.33584022521972656
216.58.208.46-10.8.8.178-443-38264-6,packet_id: 10,delay: 0.32965803146362305
216.58.208.46-10.8.8.178-443-38264-6,packet_id: 11,delay: 0.32486581802368164
216.58.208.46-10.8.8.178-443-38264-6,packet_id: 12,delay: 0.31688404083251953
216.58.208.46-10.8.8.178-443-38264-6,packet_id: 13,delay: 0.3284902572631836
216.58.208.46-10.8.8.178-443-38264-6,packet_id: 14,delay: 0.33699798583984375
74.125.133.16-10.8.8.234-993-51056-6,packet_id: 1,delay: 0.490541934967041
74.125.133.16-10.8.8.234-993-51056-6,packet_id: 2,delay: 0.47968602180480957
74.125.133.16-10.8.8.234-993-51056-6,packet_id: 3,delay: 0.4957926273345947
74.125.133.16-10.8.8.234-993-51056-6,packet_id: 4,delay: 0.44565415382385254
74.125.133.16-10.8.8.234-993-51056-6,packet_id: 5,delay: 0.43732380867004395
74.125.133.16-10.8.8.234-993-51056-6,packet_id: 6,delay: 0.4261505603790283
74.125.133.16-10.8.8.234-993-51056-6,packet_id: 7,delay: 0.4492983818054199
74.125.133.16-10.8.8.234-993-51056-6,packet_id: 8,delay: 0.4418916702270508
74.125.133.16-10.8.8.234-993-51056-6,packet_id: 9,delay: 0.43355274200439453
74.125.133.16-10.8.8.234-993-51056-6,packet_id: 10,delay: 0.42950892448425293
74.125.133.16-10.8.8.234-993-51056-6,packet_id: 11,delay: 0.4443209171295166
131.202.240.150-173.194.20.107-44157-443-6,packet_id: 1,delay: 0.303729772567749
131.202.240.150-173.194.20.107-44157-443-6,packet_id: 2,delay: 0.31356096267700195
131.202.240.150-173.194.20.107-44157-443-6,packet_id: 3,delay: 0.3102686405181885
131.202.240.150-173.194.20.107-44157-443-6,packet_id: 4,delay: 0.3058342933654785
131.202.240.150-184.73.252.179-39085-80-6,packet_id: 1,delay: 0.14665746688842773
131.202.240.150-199.127.194.212-41858-443-6,packet_id: 1,delay: 0.11226963996887207
131.202.240.150-199.212.24.172-56874-443-6,packet_id: 1,delay: 0.27673888206481934
131.202.240.150-199.212.24.172-56874-443-6,packet_id: 2,delay: 0.2621495723724365
131.202.240.150-199.212.24.172-56874-443-6,packet_id: 3,delay: 0.2761359214782715
131.202.240.150-199.212.24.172-56874-443-6,packet_id: 4,delay: 0.2587108612060547
131.202.240.150-199.212.24.172-56874-443-6,packet_id: 5,delay: 0.28792881965637207
131.202.240.150-199.212.24.172-56874-443-6,packet_id: 6,delay: 0.2755398750305176
131.202.240.150-199.212.24.172-56874-443-6,packet_id: 7,delay: 0.28165245056152344
131.202.240.150-199.212.24.172-56874-443-6,packet_id: 8,delay: 0.2778661251068115
131.202.240.150-199.212.24.172-56874-443-6,packet_id: 9,delay: 0.281017541885376
131.202.240.150-199.212.24.172-56874-443-6,packet_id: 10,delay: 0.29028749465942383
131.202.240.150-199.212.24.172-56874-443-6,packet_id: 11,delay: 0.2731165885925293
131.202.240.150-199.212.24.172-56874-443-6,packet_id: 12,delay: 0.2776973247528076
131.202.240.150-199.212.24.172-56874-443-6,packet_id: 13,delay: 0.269298791885376
131.202.240.150-199.212.24.172-56874-443-6,packet_id: 14,delay: 0.2641439437866211
131.202.240.150-199.212.24.172-56874-443-6,packet_id: 15,delay: 0.3059558868408203
131.202.240.150-199.212.24.172-56874-443-6,packet_id: 16,delay: 0.27013731002807617
131.202.240.150-199.212.24.172-56874-443-6,packet_id: 17,delay: 0.29247355461120605
131.202.240.150-199.212.24.172-56874-443-6,packet_id: 18,delay: 0.29573655128479004
131.202.240.150-199.212.24.172-56874-443-6,packet_id: 19,delay: 0.27172136306762695
131.202.240.150-199.212.24.172-56874-443-6,packet_id: 20,delay: 0.2761862277984619
131.202.240.150-199.212.24.172-56874-443-6,packet_id: 21,delay: 0.2799875736236572
131.202.240.150-199.212.24.172-56874-443-6,packet_id: 22,delay: 0.2858405113220215
131.202.240.150-199.212.24.172-56874-443-6,packet_id: 23,delay: 0.27866411209106445
131.202.240.150-199.212.24.172-56874-443-6,packet_id: 24,delay: 0.29683852195739746
131.202.240.150-199.212.24.172-56874-443-6,packet_id: 25,delay: 0.27221179008483887
131.202.240.150-199.212.24.172-56874-443-6,packet_id: 26,delay: 0.2871882915496826
131.202.240.150-199.212.24.172-56874-443-6,packet_id: 27,delay: 0.2886643409729004
131.202.240.150-199.212.24.172-56874-443-6,packet_id: 28,delay: 0.2777698040008545
131.202.240.150-199.212.24.172-56874-443-6,packet_id: 29,delay: 0.28028035163879395
131.202.240.150-199.212.24.172-56874-443-6,packet_id: 30,delay: 0.2767062187194824
131.202.240.150-199.212.24.172-56874-443-6,packet_id: 31,delay: 0.26312828063964844
131.202.240.150-199.212.24.172-56874-443-6,packet_id: 32,delay: 0.33744359016418457
38.124.168.119-131.202.240.87-80-65089-6,packet_id: 1,delay: 0.5051207542419434
173.194.210.188-131.202.240.242-5228-32506-6,packet_id: 1,delay: 0.30310630798339844
23.192.162.186-10.8.8.178-443-46884-6,packet_id: 1,delay: 0.20039796829223633
74.125.207.16-10.0.2.15-465-42849-6,packet_id: 1,delay: 0.562171459197998
216.58.210.3-10.8.8.130-443-34918-6,packet_id: 1,delay: 0.40581393241882324
74.125.207.16-10.0.2.15-465-42904-6,packet_id: 1,delay: 0.5873827934265137
216.58.210.3-10.8.8.130-443-34920-6,packet_id: 1,delay: 0.39840197563171387
216.58.210.3-10.8.8.130-443-34920-6,packet_id: 2,delay: 0.4088780879974365
74.125.207.16-10.0.2.15-465-42911-6,packet_id: 1,delay: 0.5648026466369629
74.125.207.16-10.0.2.15-465-42921-6,packet_id: 1,delay: 0.5881128311157227
216.58.210.3-10.8.8.130-443-34927-6,packet_id: 1,delay: 0.4219701290130615
216.58.210.3-10.8.8.130-443-34927-6,packet_id: 2,delay: 0.4255790710449219
216.58.210.14-10.8.8.130-443-45184-6,packet_id: 1,delay: 0.26912951469421387
216.58.210.14-10.8.8.130-443-45184-6,packet_id: 2,delay: 0.2854115962982178
216.58.210.14-10.8.8.130-443-45184-6,packet_id: 3,delay: 0.267681360244751
216.58.210.14-10.8.8.130-443-45184-6,packet_id: 4,delay: 0.2683522701263428
216.58.210.14-10.8.8.130-443-45184-6,packet_id: 5,delay: 0.264862060546875
216.58.210.14-10.8.8.130-443-45184-6,packet_id: 6,delay: 0.24526309967041016
216.58.210.14-10.8.8.130-443-45184-6,packet_id: 7,delay: 0.2587394714355469
216.58.210.14-10.8.8.130-443-45184-6,packet_id: 8,delay: 0.2653818130493164
216.58.210.14-10.8.8.130-443-45184-6,packet_id: 9,delay: 0.28525638580322266
216.58.210.14-10.8.8.130-443-45184-6,packet_id: 10,delay: 0.25672245025634766
216.58.210.14-10.8.8.130-443-45184-6,packet_id: 11,delay: 0.29740285873413086
216.58.210.14-10.8.8.130-443-45184-6,packet_id: 12,delay: 0.2871818542480469
216.58.210.14-10.8.8.130-443-45184-6,packet_id: 13,delay: 0.2708323001861572
216.58.210.14-10.8.8.130-443-45184-6,packet_id: 14,delay: 0.2651968002319336
216.58.210.14-10.8.8.130-443-45184-6,packet_id: 15,delay: 0.26983022689819336
216.58.210.14-10.8.8.130-443-45184-6,packet_id: 16,delay: 0.2632319927215576
216.58.210.14-10.8.8.130-443-45184-6,packet_id: 17,delay: 0.20636415481567383
216.58.210.14-10.8.8.130-443-45184-6,packet_id: 18,delay: 0.26499009132385254
216.58.210.14-10.8.8.130-443-45184-6,packet_id: 19,delay: 0.2689778804779053
216.58.210.14-10.8.8.130-443-45184-6,packet_id: 20,delay: 0.2728233337402344
74.125.207.16-10.0.2.15-465-48940-6,packet_id: 1,delay: 0.5924637317657471
74.125.207.16-10.0.2.15-465-48942-6,packet_id: 1,delay: 0.5716249942779541
74.125.207.16-10.0.2.15-465-48980-6,packet_id: 1,delay: 0.576423168182373
74.125.207.16-10.0.2.15-465-48995-6,packet_id: 1,delay: 0.47109174728393555
74.125.207.16-10.0.2.15-465-49016-6,packet_id: 1,delay: 0.5670702457427979
74.125.207.16-10.0.2.15-995-51319-6,packet_id: 1,delay: 0.5623655319213867
74.125.207.16-10.0.2.15-995-51323-6,packet_id: 1,delay: 0.5174455642700195
131.202.240.150-199.212.24.173-53736-443-6,packet_id: 1,delay: 0.2519199848175049
131.202.240.150-199.212.24.173-54334-443-6,packet_id: 1,delay: 0.1750926971435547
131.202.240.150-199.212.24.173-54334-443-6,packet_id: 2,delay: 0.1670839786529541
131.202.240.150-199.212.24.173-54334-443-6,packet_id: 3,delay: 0.16590499877929688
131.202.240.150-199.212.24.173-54334-443-6,packet_id: 4,delay: 0.1790180206298828
131.202.240.150-199.212.24.173-54334-443-6,packet_id: 5,delay: 0.17066240310668945
131.202.240.150-199.212.24.173-54334-443-6,packet_id: 6,delay: 0.16681647300720215
131.202.240.150-199.212.24.173-54540-443-6,packet_id: 1,delay: 0.17566800117492676
131.202.240.150-199.212.24.173-54540-443-6,packet_id: 2,delay: 0.18305659294128418
131.202.240.150-199.212.24.173-54540-443-6,packet_id: 3,delay: 0.17486143112182617
131.202.240.150-199.212.24.173-54540-443-6,packet_id: 4,delay: 0.17101788520812988
131.202.240.150-199.212.24.173-54540-443-6,packet_id: 5,delay: 0.15848827362060547
131.202.240.150-199.212.24.173-54540-443-6,packet_id: 6,delay: 0.16702747344970703
131.202.240.150-199.212.24.173-54540-443-6,packet_id: 7,delay: 0.1607379913330078
131.202.240.150-199.212.24.173-54540-443-6,packet_id: 8,delay: 0.17610526084899902
131.202.240.150-199.212.24.173-54540-443-6,packet_id: 9,delay: 0.17429494857788086
173.252.100.27-10.8.8.178-443-47132-6,packet_id: 1,delay: 0.14704012870788574
173.252.100.27-10.8.8.178-443-47132-6,packet_id: 2,delay: 0.14821290969848633
173.252.100.27-10.8.8.178-443-47132-6,packet_id: 3,delay: 0.1498575210571289
173.252.100.27-10.8.8.178-443-47132-6,packet_id: 4,delay: 0.14742279052734375
173.252.100.27-10.8.8.178-443-47132-6,packet_id: 5,delay: 0.1444244384765625
173.252.100.27-10.8.8.178-443-47132-6,packet_id: 6,delay: 0.08584046363830566
173.252.100.27-10.8.8.178-443-47132-6,packet_id: 7,delay: 0.14193439483642578
173.252.100.27-10.8.8.178-443-47132-6,packet_id: 8,delay: 0.09346199035644531
173.252.100.27-10.8.8.178-443-47132-6,packet_id: 9,delay: 0.0901491641998291
173.252.100.27-10.8.8.178-443-47132-6,packet_id: 10,delay: 0.15973186492919922
173.252.100.27-10.8.8.178-443-47132-6,packet_id: 11,delay: 0.14886927604675293
131.202.240.150-199.212.24.173-54563-443-6,packet_id: 1,delay: 0.16187286376953125
131.202.240.150-199.212.24.173-54563-443-6,packet_id: 2,delay: 0.16924500465393066
131.202.240.150-199.212.24.173-54563-443-6,packet_id: 3,delay: 0.15746045112609863
131.202.240.150-199.212.24.173-54563-443-6,packet_id: 4,delay: 0.15839457511901855
131.202.240.150-199.212.24.173-54563-443-6,packet_id: 5,delay: 0.17478156089782715
131.202.240.150-199.212.24.173-54563-443-6,packet_id: 6,delay: 0.17987704277038574
131.202.240.150-199.212.24.173-54563-443-6,packet_id: 7,delay: 0.18410849571228027
131.202.240.150-199.212.24.173-54563-443-6,packet_id: 8,delay: 0.1692650318145752
131.202.240.150-199.212.24.174-43919-443-6,packet_id: 1,delay: 0.15781831741333008
131.202.240.150-199.212.24.174-43919-443-6,packet_id: 2,delay: 0.15649890899658203
131.202.240.150-199.212.24.174-43919-443-6,packet_id: 3,delay: 0.15490007400512695
131.202.240.150-199.212.24.174-43919-443-6,packet_id: 4,delay: 0.16594219207763672
86.4.212.228-10.8.8.130-59222-59320-6,packet_id: 1,delay: 0.3936629295349121
86.4.212.228-10.8.8.130-59222-59320-6,packet_id: 2,delay: 0.3930230140686035
64.233.183.16-10.0.2.15-993-43558-6,packet_id: 1,delay: 0.5896823406219482
64.233.183.16-10.0.2.15-993-43558-6,packet_id: 2,delay: 0.6269543170928955
64.233.183.16-10.0.2.15-993-43558-6,packet_id: 3,delay: 0.5362772941589355
173.252.100.27-131.202.240.87-443-64842-6,packet_id: 1,delay: 0.27443456649780273
173.252.100.27-131.202.240.87-443-64842-6,packet_id: 2,delay: 0.2767646312713623
173.252.100.27-131.202.240.87-443-64842-6,packet_id: 3,delay: 0.2487494945526123
173.252.100.27-131.202.240.87-443-64842-6,packet_id: 4,delay: 0.2460033893585205
173.252.100.27-131.202.240.87-443-64842-6,packet_id: 5,delay: 0.257953405380249
173.252.100.27-131.202.240.87-443-64842-6,packet_id: 6,delay: 0.3410522937774658
173.252.100.27-131.202.240.87-443-64842-6,packet_id: 7,delay: 0.2749931812286377
86.4.212.228-10.8.8.178-59222-52449-6,packet_id: 1,delay: 0.3074040412902832
86.4.212.228-10.8.8.178-59222-52449-6,packet_id: 2,delay: 0.3087139129638672
86.4.212.228-10.8.8.178-59222-52449-6,packet_id: 3,delay: 0.3002054691314697
86.4.212.228-10.8.8.178-59222-52449-6,packet_id: 4,delay: 0.33284807205200195
86.4.212.228-10.8.8.178-59222-52449-6,packet_id: 5,delay: 0.3250691890716553
86.4.212.228-10.8.8.178-59222-52449-6,packet_id: 6,delay: 0.3078298568725586
86.4.212.228-10.8.8.178-59222-52449-6,packet_id: 7,delay: 0.23956775665283203
131.202.240.150-199.212.24.175-58587-443-6,packet_id: 1,delay: 0.3311893939971924
131.202.240.150-199.212.24.175-58600-443-6,packet_id: 1,delay: 0.30773282051086426
131.202.240.150-199.212.24.175-58600-443-6,packet_id: 2,delay: 0.32615232467651367
64.233.183.16-10.0.2.15-995-51739-6,packet_id: 1,delay: 0.5895113945007324
131.202.240.150-199.212.24.175-58936-443-6,packet_id: 1,delay: 0.3332386016845703
131.202.240.150-199.212.24.175-58977-443-6,packet_id: 1,delay: 0.32762837409973145
131.202.240.150-209.148.205.16-44144-80-6,packet_id: 1,delay: 0.24248504638671875
173.252.100.27-131.202.240.242-443-32576-6,packet_id: 1,delay: 0.1814281940460205
173.252.100.27-131.202.240.242-443-32576-6,packet_id: 2,delay: 0.18943071365356445
131.202.240.150-209.148.205.35-56435-443-6,packet_id: 1,delay: 0.1081545352935791
131.202.240.150-209.148.205.35-56578-443-6,packet_id: 1,delay: 0.1315898895263672
131.202.240.150-209.148.205.35-56578-443-6,packet_id: 2,delay: 0.1519155502319336
131.202.240.150-209.148.205.35-56578-443-6,packet_id: 3,delay: 0.136613130569458
131.202.240.150-209.148.205.35-56578-443-6,packet_id: 4,delay: 0.1427309513092041
131.202.240.150-209.148.205.35-56578-443-6,packet_id: 5,delay: 0.10511016845703125
131.202.240.150-209.148.205.41-34177-443-6,packet_id: 1,delay: 0.30997800827026367
131.202.240.150-209.148.205.41-34177-443-6,packet_id: 2,delay: 0.3107907772064209
131.202.240.150-209.148.205.41-34177-443-6,packet_id: 3,delay: 0.3089604377746582
131.202.240.150-209.148.205.41-34177-443-6,packet_id: 4,delay: 0.30828022956848145
131.202.240.150-209.148.205.41-34177-443-6,packet_id: 5,delay: 0.3049144744873047
131.202.240.150-209.148.205.41-34177-443-6,packet_id: 6,delay: 0.30538034439086914
131.202.240.150-209.148.205.41-34177-443-6,packet_id: 7,delay: 0.2965214252471924
131.202.240.150-209.148.205.41-34203-443-6,packet_id: 1,delay: 0.25290942192077637
131.202.240.150-209.148.205.41-34203-443-6,packet_id: 2,delay: 0.24526572227478027
131.202.240.150-209.148.205.41-34203-443-6,packet_id: 3,delay: 0.2523472309112549
131.202.240.150-209.148.205.41-34203-443-6,packet_id: 4,delay: 0.24394917488098145
131.202.240.150-209.148.205.41-34203-443-6,packet_id: 5,delay: 0.2489299774169922
131.202.240.150-209.148.205.41-34203-443-6,packet_id: 6,delay: 0.2437305450439453
131.202.240.150-209.148.205.41-34203-443-6,packet_id: 7,delay: 0.2522563934326172
131.202.240.150-209.148.205.41-34203-443-6,packet_id: 8,delay: 0.24471569061279297
131.202.240.150-209.148.205.41-34203-443-6,packet_id: 9,delay: 0.24388670921325684
131.202.240.150-209.148.205.41-34203-443-6,packet_id: 10,delay: 0.23966383934020996
131.202.240.150-209.148.205.41-34203-443-6,packet_id: 11,delay: 0.23947525024414062
131.202.240.150-209.148.205.41-34203-443-6,packet_id: 12,delay: 0.23189711570739746
131.202.240.150-209.148.205.41-34203-443-6,packet_id: 13,delay: 0.2597517967224121
131.202.240.150-209.148.205.41-34203-443-6,packet_id: 14,delay: 0.24231863021850586
131.202.240.150-209.148.205.41-34203-443-6,packet_id: 15,delay: 0.29636669158935547
131.202.240.150-209.148.205.41-34203-443-6,packet_id: 16,delay: 0.2535390853881836
131.202.240.150-209.148.205.41-43673-80-6,packet_id: 1,delay: 0.26053404808044434
63.245.216.134-10.8.8.178-443-49841-6,packet_id: 1,delay: 0.13103008270263672
69.172.216.55-131.202.240.242-443-5957-6,packet_id: 1,delay: 0.36272168159484863
184.29.105.106-131.202.240.150-80-45466-6,packet_id: 1,delay: 0.16604161262512207
24.36.174.173-10.0.2.15-47044-55027-6,packet_id: 1,delay: 0.4398918151855469
64.233.167.16-10.0.2.15-993-58426-6,packet_id: 1,delay: 0.44125938415527344
64.233.167.16-10.0.2.15-993-58426-6,packet_id: 2,delay: 0.44809436798095703
70.80.25.101-10.0.2.15-64982-38947-6,packet_id: 1,delay: 0.516871452331543
205.188.12.43-10.8.8.130-443-44917-6,packet_id: 1,delay: 0.2519702911376953
205.188.12.43-10.8.8.130-443-44917-6,packet_id: 2,delay: 0.2332744598388672
205.188.12.43-10.8.8.130-443-44917-6,packet_id: 3,delay: 0.22386527061462402
205.188.12.43-131.202.240.242-443-31783-6,packet_id: 1,delay: 0.2987079620361328
74.125.71.16-10.0.2.15-465-51254-6,packet_id: 1,delay: 0.387298583984375
74.125.71.16-10.8.8.234-993-56529-6,packet_id: 1,delay: 0.30271172523498535
74.125.71.16-10.8.8.234-993-56529-6,packet_id: 2,delay: 0.37331461906433105
74.125.71.16-10.8.8.234-993-56529-6,packet_id: 3,delay: 0.38691282272338867
64.4.23.162-10.0.2.15-40019-46839-6,packet_id: 1,delay: 0.45641446113586426
66.220.156.2-10.8.8.130-443-42513-6,packet_id: 1,delay: 0.26737189292907715
66.220.156.2-10.8.8.130-443-42513-6,packet_id: 2,delay: 0.27429699897766113
66.220.156.2-10.8.8.130-443-42513-6,packet_id: 3,delay: 0.26223230361938477
66.220.156.2-10.8.8.130-443-42513-6,packet_id: 4,delay: 0.2622673511505127
66.220.156.2-10.8.8.130-443-42513-6,packet_id: 5,delay: 0.26846957206726074
66.220.156.2-10.8.8.130-443-42513-6,packet_id: 6,delay: 0.2660543918609619
66.220.156.2-10.8.8.130-443-42513-6,packet_id: 7,delay: 0.2660696506500244
66.220.156.2-10.8.8.130-443-42513-6,packet_id: 8,delay: 0.26500964164733887
66.220.156.2-10.8.8.130-443-42513-6,packet_id: 9,delay: 0.26575660705566406
24.156.130.203-10.8.8.138-80-55782-6,packet_id: 1,delay: 0.1636354923248291
24.156.130.203-10.8.8.138-80-55782-6,packet_id: 2,delay: 0.16490793228149414
24.156.130.203-10.8.8.138-80-55782-6,packet_id: 3,delay: 0.17883658409118652
24.156.130.203-10.8.8.138-80-55782-6,packet_id: 4,delay: 0.16696453094482422
24.156.130.203-10.8.8.138-80-55782-6,packet_id: 5,delay: 0.1728382110595703
24.156.130.203-10.8.8.138-80-55782-6,packet_id: 6,delay: 0.16762304306030273
24.156.130.203-10.8.8.138-80-55782-6,packet_id: 7,delay: 0.16897797584533691
24.156.130.203-10.8.8.138-80-55782-6,packet_id: 8,delay: 0.16632938385009766
24.156.130.203-10.8.8.138-80-55782-6,packet_id: 9,delay: 0.17913818359375
24.156.130.203-10.8.8.138-80-55782-6,packet_id: 10,delay: 0.1581878662109375
68.67.153.146-131.202.240.87-443-11327-6,packet_id: 1,delay: 0.35437655448913574
68.67.153.2-131.202.240.242-443-5900-6,packet_id: 1,delay: 0.2072594165802002
74.125.69.16-131.202.240.87-993-10714-6,packet_id: 1,delay: 0.32158613204956055
74.125.69.16-131.202.240.87-993-10714-6,packet_id: 2,delay: 0.3174145221710205
74.125.69.16-131.202.240.87-993-10714-6,packet_id: 3,delay: 0.32309985160827637
74.125.69.16-131.202.240.87-993-10714-6,packet_id: 4,delay: 0.34297895431518555
74.125.69.16-131.202.240.87-993-10714-6,packet_id: 5,delay: 0.2433774471282959
74.125.69.16-131.202.240.87-993-10714-6,packet_id: 6,delay: 0.2912447452545166
74.125.69.16-131.202.240.87-993-10714-6,packet_id: 7,delay: 0.27865123748779297
74.125.69.16-131.202.240.87-993-10715-6,packet_id: 1,delay: 0.28903937339782715
74.125.69.16-131.202.240.87-993-10715-6,packet_id: 2,delay: 0.27911829948425293
74.125.69.16-131.202.240.87-993-10715-6,packet_id: 3,delay: 0.2630343437194824
74.125.69.16-131.202.240.87-993-10743-6,packet_id: 1,delay: 0.2792041301727295
Average Packet Delay,0.30698298239707944
