10.8.8.178-2.30.116.54-43020-58139-6,packet_id: 1,delay: 0.9866435527801514
10.8.8.178-2.30.116.54-43020-58139-6,packet_id: 2,delay: 0.9597454071044922
10.8.8.178-2.30.116.54-43020-58139-6,packet_id: 3,delay: 0.9435563087463379
10.8.8.178-2.30.116.54-43020-58139-6,packet_id: 4,delay: 0.9486711025238037
10.8.8.178-2.30.116.54-43020-58139-6,packet_id: 5,delay: 0.9510138034820557
10.8.8.178-2.30.116.54-43020-58139-6,packet_id: 6,delay: 0.9620251655578613
10.8.8.130-2.30.116.54-48835-58139-6,packet_id: 1,delay: 0.7785398960113525
10.8.8.130-2.30.116.54-48835-58139-6,packet_id: 2,delay: 0.7630276679992676
10.8.8.130-2.30.116.54-48835-58139-6,packet_id: 3,delay: 0.7482762336730957
10.0.2.15-24.140.134.21-45746-45411-6,packet_id: 1,delay: 0.7763879299163818
10.0.2.15-64.233.183.16-43558-993-6,packet_id: 1,delay: 0.7850785255432129
10.0.2.15-64.233.183.16-43558-993-6,packet_id: 2,delay: 0.7542107105255127
10.8.8.130-2.101.222.231-34461-9396-6,packet_id: 1,delay: 0.6147558689117432
10.8.8.130-2.101.222.231-34461-9396-6,packet_id: 2,delay: 0.594834566116333
10.8.8.130-2.101.222.231-34461-9396-6,packet_id: 3,delay: 0.61702561378479
10.8.8.130-2.101.222.231-34461-9396-6,packet_id: 4,delay: 0.6104650497436523
10.8.8.130-2.101.222.231-34461-9396-6,packet_id: 5,delay: 0.6215698719024658
10.0.2.15-74.125.71.16-51269-465-6,packet_id: 1,delay: 0.6370935440063477
10.8.8.178-23.67.255.209-39285-443-6,packet_id: 1,delay: 0.9942951202392578
10.0.2.15-74.125.207.16-42905-465-6,packet_id: 1,delay: 0.5241384506225586
10.8.8.178-23.192.162.186-46878-443-6,packet_id: 1,delay: 1.0405101776123047
10.0.2.15-74.125.207.16-42924-465-6,packet_id: 1,delay: 0.5384409427642822
10.8.8.178-63.245.217.113-38085-443-6,packet_id: 1,delay: 1.137366771697998
10.0.2.15-74.125.207.16-48993-465-6,packet_id: 1,delay: 0.5282182693481445
157.56.126.188-131.202.240.242-443-5589-6,packet_id: 1,delay: 0.7134203910827637
157.56.126.188-131.202.240.242-443-5589-6,packet_id: 2,delay: 0.7091693878173828
157.56.126.188-131.202.240.242-443-5589-6,packet_id: 3,delay: 0.7085516452789307
157.56.126.188-131.202.240.242-443-5589-6,packet_id: 4,delay: 0.730269193649292
157.56.126.188-131.202.240.242-443-5589-6,packet_id: 5,delay: 0.6907892227172852
157.56.126.188-131.202.240.242-443-5589-6,packet_id: 6,delay: 0.7353100776672363
157.56.126.188-131.202.240.242-443-5589-6,packet_id: 7,delay: 0.6980400085449219
157.56.126.188-131.202.240.242-443-5589-6,packet_id: 8,delay: 0.7264447212219238
157.56.126.188-131.202.240.242-443-5589-6,packet_id: 9,delay: 0.7008547782897949
157.56.126.188-131.202.240.242-443-5589-6,packet_id: 10,delay: 0.7457168102264404
157.56.126.188-131.202.240.242-443-5589-6,packet_id: 11,delay: 0.7307662963867188
157.56.126.188-131.202.240.242-443-5589-6,packet_id: 12,delay: 0.7116215229034424
157.56.126.188-131.202.240.242-443-5589-6,packet_id: 13,delay: 0.7203190326690674
10.8.8.178-63.245.217.113-38086-443-6,packet_id: 1,delay: 1.1738808155059814
108.175.43.161-131.202.240.150-80-57196-6,packet_id: 1,delay: 0.6996395587921143
108.175.43.161-131.202.240.150-80-57196-6,packet_id: 2,delay: 0.7041161060333252
108.175.43.161-131.202.240.150-80-57196-6,packet_id: 3,delay: 0.6980984210968018
108.175.43.161-131.202.240.150-80-57196-6,packet_id: 4,delay: 0.681403636932373
108.175.43.161-131.202.240.150-80-57196-6,packet_id: 5,delay: 0.72110915184021
108.175.43.161-131.202.240.150-80-57196-6,packet_id: 6,delay: 0.6979084014892578
108.175.43.161-131.202.240.150-80-57196-6,packet_id: 7,delay: 0.6796398162841797
10.8.8.130-66.220.156.2-42513-443-6,packet_id: 1,delay: 0.7709863185882568
10.8.8.130-66.220.156.2-42513-443-6,packet_id: 2,delay: 0.74810791015625
10.8.8.130-66.220.156.2-42513-443-6,packet_id: 3,delay: 0.7745006084442139
10.8.8.130-66.220.156.2-42513-443-6,packet_id: 4,delay: 0.7783932685852051
10.8.8.130-66.220.156.2-42513-443-6,packet_id: 5,delay: 0.7776446342468262
10.8.8.130-66.220.156.2-42513-443-6,packet_id: 6,delay: 0.7786648273468018
10.8.8.130-66.220.156.2-42513-443-6,packet_id: 7,delay: 0.7688982486724854
10.8.8.130-66.220.156.2-42513-443-6,packet_id: 8,delay: 0.760678768157959
10.8.8.130-66.220.156.2-42513-443-6,packet_id: 9,delay: 0.7854995727539062
10.8.8.130-66.220.156.2-42513-443-6,packet_id: 10,delay: 0.7703671455383301
10.0.2.15-74.125.207.16-49005-465-6,packet_id: 1,delay: 0.5376219749450684
10.8.8.178-86.4.212.228-52449-59222-6,packet_id: 1,delay: 0.9578530788421631
131.202.240.87-64.12.27.65-64714-443-6,packet_id: 1,delay: 0.5776267051696777
10.0.2.15-137.116.32.77-34727-443-6,packet_id: 1,delay: 0.670236349105835
10.8.8.178-134.170.25.26-54269-443-6,packet_id: 1,delay: 0.9724102020263672
10.8.8.178-134.170.25.26-54269-443-6,packet_id: 2,delay: 0.9651145935058594
131.202.240.87-65.55.2.6-11378-443-6,packet_id: 1,delay: 0.5039072036743164
10.0.2.15-204.83.155.169-54967-32620-6,packet_id: 1,delay: 0.6803467273712158
131.202.240.87-68.67.153.40-11386-80-6,packet_id: 1,delay: 0.45342087745666504
10.0.2.15-216.58.208.46-53913-80-6,packet_id: 1,delay: 0.5936887264251709
10.8.8.178-173.194.67.94-34123-443-6,packet_id: 1,delay: 1.0147655010223389
10.8.8.178-173.194.67.94-34123-443-6,packet_id: 2,delay: 0.9669458866119385
131.202.240.87-74.125.69.16-10714-993-6,packet_id: 1,delay: 0.6869871616363525
131.202.240.87-74.125.69.16-10741-993-6,packet_id: 1,delay: 0.6920421123504639
131.202.240.87-74.125.69.16-10741-993-6,packet_id: 2,delay: 0.6962540149688721
131.202.240.87-74.125.69.16-10741-993-6,packet_id: 3,delay: 0.6469080448150635
10.8.8.138-24.156.130.203-55782-80-6,packet_id: 1,delay: 0.6286423206329346
10.8.8.138-24.156.130.203-55782-80-6,packet_id: 2,delay: 0.6251306533813477
10.8.8.138-24.156.130.203-55782-80-6,packet_id: 3,delay: 0.6157882213592529
10.8.8.138-24.156.130.203-55782-80-6,packet_id: 4,delay: 0.6249632835388184
10.8.8.178-173.194.67.189-57926-443-6,packet_id: 1,delay: 1.0615019798278809
10.8.8.178-173.194.67.189-57926-443-6,packet_id: 2,delay: 1.0823588371276855
10.8.8.178-173.194.67.189-57926-443-6,packet_id: 3,delay: 1.0783097743988037
10.8.8.178-173.194.67.189-57926-443-6,packet_id: 4,delay: 1.088435411453247
10.8.8.178-173.194.67.189-57926-443-6,packet_id: 5,delay: 1.0567762851715088
10.8.8.178-173.194.67.189-57926-443-6,packet_id: 6,delay: 1.0634737014770508
10.8.8.110-63.245.216.132-39035-443-6,packet_id: 1,delay: 0.458742618560791
157.56.192.53-10.8.8.130-443-33104-6,packet_id: 1,delay: 0.4472522735595703
157.56.192.53-10.8.8.130-443-33104-6,packet_id: 2,delay: 0.4241330623626709
10.8.8.110-63.245.216.134-46949-443-6,packet_id: 1,delay: 0.23589158058166504
10.8.8.110-64.233.184.16-37404-465-6,packet_id: 1,delay: 0.355269193649292
131.202.240.87-74.125.69.16-10743-993-6,packet_id: 1,delay: 0.666879415512085
10.8.8.110-64.233.184.16-37424-465-6,packet_id: 1,delay: 0.38988399505615234
131.202.240.87-74.125.134.188-64960-5228-6,packet_id: 1,delay: 0.6898174285888672
10.8.8.138-107.22.243.234-35936-443-6,packet_id: 1,delay: 0.37422943115234375
10.8.8.110-64.233.184.16-37428-465-6,packet_id: 1,delay: 0.3668246269226074
131.202.240.87-74.125.202.16-10773-993-6,packet_id: 1,delay: 0.7666330337524414
10.8.8.130-77.103.197.35-52719-47872-6,packet_id: 1,delay: 0.8225786685943604
10.8.8.138-185.2.220.137-43533-80-6,packet_id: 1,delay: 0.4257209300994873
10.8.8.138-185.2.220.137-43533-80-6,packet_id: 2,delay: 0.48932719230651855
10.8.8.138-185.2.220.137-43533-80-6,packet_id: 3,delay: 0.44583797454833984
10.8.8.138-185.2.220.137-43533-80-6,packet_id: 4,delay: 0.4410982131958008
10.8.8.138-185.2.220.137-43533-80-6,packet_id: 5,delay: 0.4385812282562256
10.8.8.138-185.2.220.137-43533-80-6,packet_id: 6,delay: 0.44195103645324707
10.8.8.138-185.2.220.137-43533-80-6,packet_id: 7,delay: 0.4532921314239502
10.8.8.138-185.2.220.137-43533-80-6,packet_id: 8,delay: 0.41995739936828613
10.8.8.138-185.2.220.137-43533-80-6,packet_id: 9,delay: 0.43187451362609863
10.8.8.138-185.2.220.137-43533-80-6,packet_id: 10,delay: 0.44339823722839355
10.8.8.138-185.2.220.137-43533-80-6,packet_id: 11,delay: 0.42751550674438477
10.8.8.138-185.2.220.137-43533-80-6,packet_id: 12,delay: 0.4261956214904785
10.8.8.138-185.2.220.137-43533-80-6,packet_id: 13,delay: 0.43859219551086426
10.8.8.138-185.2.220.137-43533-80-6,packet_id: 14,delay: 0.4523463249206543
10.8.8.138-185.2.220.137-43533-80-6,packet_id: 15,delay: 0.4317171573638916
10.8.8.138-185.2.220.137-43533-80-6,packet_id: 16,delay: 0.4419269561767578
10.8.8.138-185.2.220.137-43533-80-6,packet_id: 17,delay: 0.41570043563842773
10.8.8.138-185.2.220.137-43533-80-6,packet_id: 18,delay: 0.4411740303039551
10.8.8.138-185.2.220.137-43533-80-6,packet_id: 19,delay: 0.4373042583465576
10.8.8.138-185.2.220.137-43533-80-6,packet_id: 20,delay: 0.4282190799713135
10.8.8.138-185.2.220.137-43533-80-6,packet_id: 21,delay: 0.4413137435913086
10.8.8.138-185.2.220.137-43533-80-6,packet_id: 22,delay: 0.4317474365234375
10.8.8.138-185.2.220.137-43533-80-6,packet_id: 23,delay: 0.43213844299316406
10.8.8.138-185.2.220.137-43533-80-6,packet_id: 24,delay: 0.4294872283935547
10.8.8.138-185.2.220.137-43533-80-6,packet_id: 25,delay: 0.4373970031738281
10.8.8.138-185.2.220.137-43533-80-6,packet_id: 26,delay: 0.43682432174682617
10.8.8.138-185.2.220.137-43533-80-6,packet_id: 27,delay: 0.42839479446411133
10.8.8.138-185.2.220.137-43533-80-6,packet_id: 28,delay: 0.4293394088745117
10.8.8.138-185.2.220.137-43533-80-6,packet_id: 29,delay: 0.43195056915283203
10.8.8.138-185.2.220.137-43533-80-6,packet_id: 30,delay: 0.44057297706604004
10.8.8.138-185.2.220.137-43533-80-6,packet_id: 31,delay: 0.4143249988555908
10.8.8.138-185.2.220.137-43533-80-6,packet_id: 32,delay: 0.4314436912536621
10.8.8.138-185.2.220.137-43533-80-6,packet_id: 33,delay: 0.45519256591796875
10.8.8.138-185.2.220.137-43533-80-6,packet_id: 34,delay: 0.4457852840423584
10.8.8.138-185.2.220.137-43533-80-6,packet_id: 35,delay: 0.43638062477111816
10.8.8.138-185.2.220.137-43533-80-6,packet_id: 36,delay: 0.4166371822357178
10.8.8.138-185.2.220.137-43533-80-6,packet_id: 37,delay: 0.43447089195251465
10.8.8.138-185.2.220.137-43533-80-6,packet_id: 38,delay: 0.4392712116241455
10.8.8.138-185.2.220.137-43533-80-6,packet_id: 39,delay: 0.4358646869659424
10.8.8.138-185.2.220.137-43533-80-6,packet_id: 40,delay: 0.42963719367980957
10.8.8.138-185.2.220.137-43533-80-6,packet_id: 41,delay: 0.44922900199890137
10.8.8.138-185.2.220.137-43533-80-6,packet_id: 42,delay: 0.4317140579223633
10.8.8.138-185.2.220.137-43533-80-6,packet_id: 43,delay: 0.4627389907836914
10.8.8.138-185.2.220.137-43533-80-6,packet_id: 44,delay: 0.45169830322265625
10.8.8.138-185.2.220.137-43533-80-6,packet_id: 45,delay: 0.4506964683532715
10.8.8.138-185.2.220.137-43533-80-6,packet_id: 46,delay: 0.4559800624847412
10.8.8.138-185.2.220.137-43533-80-6,packet_id: 47,delay: 0.4369211196899414
10.8.8.138-185.2.220.137-43533-80-6,packet_id: 48,delay: 0.4262847900390625
10.8.8.138-185.2.220.137-43533-80-6,packet_id: 49,delay: 0.43028926849365234
10.8.8.110-64.233.184.16-37433-465-6,packet_id: 1,delay: 0.369903564453125
131.202.240.87-74.125.202.16-10798-993-6,packet_id: 1,delay: 0.7647321224212646
10.8.8.130-86.4.212.228-59320-59222-6,packet_id: 1,delay: 0.7540173530578613
10.8.8.130-86.4.212.228-59320-59222-6,packet_id: 2,delay: 0.7731208801269531
10.8.8.130-86.4.212.228-59320-59222-6,packet_id: 3,delay: 0.7388527393341064
10.8.8.130-86.4.212.228-59320-59222-6,packet_id: 4,delay: 0.7664649486541748
10.8.8.178-173.252.100.27-47132-443-6,packet_id: 1,delay: 0.9504640102386475
10.8.8.178-173.252.100.27-47132-443-6,packet_id: 2,delay: 0.9747605323791504
10.8.8.178-173.252.100.27-47132-443-6,packet_id: 3,delay: 0.9599568843841553
10.8.8.178-173.252.100.27-47132-443-6,packet_id: 4,delay: 0.9650459289550781
10.8.8.178-173.252.100.27-47132-443-6,packet_id: 5,delay: 0.9767189025878906
10.8.8.178-173.252.100.27-47132-443-6,packet_id: 6,delay: 0.961014986038208
131.202.240.87-105.237.177.132-42322-50244-6,packet_id: 1,delay: 0.5633282661437988
131.202.240.87-107.21.103.88-11343-443-6,packet_id: 1,delay: 0.5864484310150146
131.202.240.87-131.202.240.242-42322-5619-6,packet_id: 1,delay: 0.5482838153839111
131.202.240.87-131.202.240.242-42322-5619-6,packet_id: 2,delay: 0.5629146099090576
131.202.240.87-131.202.240.242-42322-5619-6,packet_id: 3,delay: 0.5494523048400879
131.202.240.87-131.202.240.242-42322-5619-6,packet_id: 4,delay: 0.5754971504211426
131.202.240.87-131.202.240.242-42322-5619-6,packet_id: 5,delay: 0.551788330078125
131.202.240.87-131.202.240.242-42322-5619-6,packet_id: 6,delay: 0.5489835739135742
131.202.240.87-131.202.240.242-42322-5619-6,packet_id: 7,delay: 0.5555756092071533
131.202.240.87-131.202.240.242-42322-5619-6,packet_id: 8,delay: 0.5448131561279297
131.202.240.87-131.202.240.242-42322-5619-6,packet_id: 9,delay: 0.5474810600280762
131.202.240.87-131.202.240.242-42322-5619-6,packet_id: 10,delay: 0.5800633430480957
131.202.240.87-131.202.240.242-42322-5619-6,packet_id: 11,delay: 0.5424659252166748
131.202.240.87-131.202.240.242-42322-5619-6,packet_id: 12,delay: 0.5668504238128662
131.202.240.87-131.202.240.242-42322-5619-6,packet_id: 13,delay: 0.5561270713806152
131.202.240.87-131.202.240.242-42322-5619-6,packet_id: 14,delay: 0.5378520488739014
131.202.240.87-131.202.240.242-42322-5619-6,packet_id: 15,delay: 0.5392649173736572
131.202.240.87-131.202.240.242-42322-5619-6,packet_id: 16,delay: 0.5492167472839355
131.202.240.87-131.202.240.242-42322-5619-6,packet_id: 17,delay: 0.5361943244934082
131.202.240.87-131.202.240.242-42322-5619-6,packet_id: 18,delay: 0.5399143695831299
131.202.240.87-131.202.240.242-42322-5619-6,packet_id: 19,delay: 0.5500555038452148
131.202.240.87-131.202.240.242-42322-5619-6,packet_id: 20,delay: 0.5371556282043457
131.202.240.87-131.202.240.242-42322-5619-6,packet_id: 21,delay: 0.5428283214569092
131.202.240.87-131.202.240.242-42322-5619-6,packet_id: 22,delay: 0.5763568878173828
131.202.240.87-131.202.240.242-42322-5619-6,packet_id: 23,delay: 0.5663230419158936
131.202.240.87-131.202.240.242-42322-5619-6,packet_id: 24,delay: 0.5779190063476562
131.202.240.87-131.202.240.242-42322-5619-6,packet_id: 25,delay: 0.576784610748291
131.202.240.87-131.202.240.242-42322-5619-6,packet_id: 26,delay: 0.5430483818054199
131.202.240.87-131.202.240.242-42322-5619-6,packet_id: 27,delay: 0.5642096996307373
131.202.240.87-131.202.240.242-42322-5619-6,packet_id: 28,delay: 0.5642538070678711
131.202.240.87-131.202.240.242-42322-5619-6,packet_id: 29,delay: 0.5787982940673828
131.202.240.87-131.202.240.242-42322-5619-6,packet_id: 30,delay: 0.574962854385376
131.202.240.87-131.202.240.242-42322-5619-6,packet_id: 31,delay: 0.569300651550293
131.202.240.87-131.202.240.242-42322-5619-6,packet_id: 32,delay: 0.6153812408447266
131.202.240.87-131.202.240.242-42322-5619-6,packet_id: 33,delay: 0.6013062000274658
131.202.240.87-131.202.240.242-42322-5619-6,packet_id: 34,delay: 0.6334187984466553
131.202.240.87-131.202.240.242-42322-5619-6,packet_id: 35,delay: 0.5967252254486084
131.202.240.87-131.202.240.242-42322-5619-6,packet_id: 36,delay: 0.556847095489502
131.202.240.87-131.202.240.242-42322-5619-6,packet_id: 37,delay: 0.5543191432952881
131.202.240.87-131.202.240.242-42322-5619-6,packet_id: 38,delay: 0.5632245540618896
10.8.8.130-157.56.192.53-33104-443-6,packet_id: 1,delay: 0.6834867000579834
10.8.8.130-157.56.192.53-33104-443-6,packet_id: 2,delay: 0.6923432350158691
10.8.8.130-157.56.192.53-33104-443-6,packet_id: 3,delay: 0.6805222034454346
10.8.8.178-178.237.17.103-51318-443-6,packet_id: 1,delay: 1.0771381855010986
10.8.8.178-178.237.17.103-51318-443-6,packet_id: 2,delay: 1.0689418315887451
10.8.8.178-178.237.17.103-51318-443-6,packet_id: 3,delay: 1.065114974975586
10.8.8.178-178.237.17.103-51318-443-6,packet_id: 4,delay: 1.0616238117218018
10.8.8.178-178.237.17.103-51318-443-6,packet_id: 5,delay: 1.0726885795593262
10.8.8.130-173.194.78.189-60098-443-6,packet_id: 1,delay: 0.7536256313323975
10.8.8.130-173.194.78.189-60098-443-6,packet_id: 2,delay: 0.7529215812683105
10.8.8.130-173.194.78.189-60098-443-6,packet_id: 3,delay: 0.7528152465820312
10.8.8.130-173.194.78.189-60098-443-6,packet_id: 4,delay: 0.7537987232208252
10.8.8.130-173.194.78.189-60098-443-6,packet_id: 5,delay: 0.7548470497131348
10.8.8.130-173.194.78.189-60098-443-6,packet_id: 6,delay: 0.7513923645019531
10.8.8.178-205.188.12.91-48911-443-6,packet_id: 1,delay: 0.9727721214294434
10.8.8.178-216.58.208.35-52205-443-6,packet_id: 1,delay: 1.024413824081421
10.8.8.130-178.237.18.202-34342-443-6,packet_id: 1,delay: 0.8296535015106201
10.8.8.130-178.237.18.202-34342-443-6,packet_id: 2,delay: 0.8231065273284912
10.8.8.130-178.237.18.202-34342-443-6,packet_id: 3,delay: 0.812413215637207
10.8.8.178-216.58.208.37-51920-443-6,packet_id: 1,delay: 1.0345237255096436
10.8.8.178-216.58.208.46-38243-443-6,packet_id: 1,delay: 0.8834140300750732
10.8.8.178-216.58.208.46-38243-443-6,packet_id: 2,delay: 0.8975732326507568
10.8.8.178-216.58.208.46-38243-443-6,packet_id: 3,delay: 0.8893454074859619
10.8.8.178-216.58.208.46-38243-443-6,packet_id: 4,delay: 0.8787713050842285
10.8.8.178-216.58.208.46-38243-443-6,packet_id: 5,delay: 0.9002182483673096
10.8.8.130-205.188.12.43-44917-443-6,packet_id: 1,delay: 0.7512524127960205
10.8.8.130-205.188.12.43-44917-443-6,packet_id: 2,delay: 0.7266037464141846
10.8.8.130-216.58.210.3-34920-443-6,packet_id: 1,delay: 0.8294153213500977
10.8.8.130-216.58.210.3-34920-443-6,packet_id: 2,delay: 0.8294446468353271
10.8.8.130-216.58.210.3-34920-443-6,packet_id: 3,delay: 0.8200342655181885
108.175.43.146-131.202.240.150-80-60056-6,packet_id: 1,delay: 0.824028730392456
108.175.43.146-131.202.240.150-80-60056-6,packet_id: 2,delay: 0.8231101036071777
108.175.43.146-131.202.240.150-80-60056-6,packet_id: 3,delay: 0.7996220588684082
108.175.43.146-131.202.240.150-80-60056-6,packet_id: 4,delay: 0.8411271572113037
108.175.43.146-131.202.240.150-80-60056-6,packet_id: 5,delay: 0.8154358863830566
108.175.43.146-131.202.240.150-80-60056-6,packet_id: 6,delay: 0.831918478012085
108.175.43.146-131.202.240.150-80-60056-6,packet_id: 7,delay: 0.8257057666778564
108.175.43.146-131.202.240.150-80-60056-6,packet_id: 8,delay: 0.8158748149871826
10.8.8.234-74.125.71.16-56545-993-6,packet_id: 1,delay: 0.7385766506195068
10.8.8.234-74.125.71.16-56545-993-6,packet_id: 2,delay: 0.7415339946746826
10.8.8.178-216.58.208.46-38246-443-6,packet_id: 1,delay: 0.8748517036437988
10.8.8.178-216.58.208.46-38264-443-6,packet_id: 1,delay: 0.8946666717529297
10.8.8.178-216.58.208.46-38264-443-6,packet_id: 2,delay: 0.8783538341522217
10.8.8.178-216.58.208.46-38264-443-6,packet_id: 3,delay: 0.8491930961608887
10.8.8.178-216.58.208.46-38264-443-6,packet_id: 4,delay: 0.8843526840209961
10.8.8.234-74.125.133.16-51040-993-6,packet_id: 1,delay: 0.835498571395874
10.8.8.130-216.58.210.3-34927-443-6,packet_id: 1,delay: 0.8327374458312988
10.8.8.234-74.125.133.16-51055-993-6,packet_id: 1,delay: 0.832655668258667
10.8.8.234-74.125.133.16-51055-993-6,packet_id: 2,delay: 0.8236784934997559
10.8.8.234-74.125.133.16-51055-993-6,packet_id: 3,delay: 0.8095433712005615
10.8.8.234-74.125.133.16-51055-993-6,packet_id: 4,delay: 0.8143608570098877
10.8.8.234-74.125.133.16-51055-993-6,packet_id: 5,delay: 0.8195226192474365
10.8.8.234-74.125.133.16-51055-993-6,packet_id: 6,delay: 0.8346102237701416
10.8.8.234-74.125.133.16-51055-993-6,packet_id: 7,delay: 0.823436975479126
10.8.8.234-74.125.133.16-51055-993-6,packet_id: 8,delay: 0.8224527835845947
10.8.8.130-216.58.210.3-34930-443-6,packet_id: 1,delay: 0.8480827808380127
10.8.8.130-216.58.210.14-45184-443-6,packet_id: 1,delay: 0.615267276763916
10.8.8.130-216.58.210.14-45184-443-6,packet_id: 2,delay: 0.6139616966247559
10.8.8.130-216.58.210.14-45184-443-6,packet_id: 3,delay: 0.6113059520721436
10.8.8.130-216.58.210.14-45184-443-6,packet_id: 4,delay: 0.621349573135376
10.8.8.130-216.58.210.14-45184-443-6,packet_id: 5,delay: 0.6244487762451172
10.8.8.130-216.58.210.14-45184-443-6,packet_id: 6,delay: 0.6215133666992188
10.8.8.130-216.58.210.14-45184-443-6,packet_id: 7,delay: 0.6303811073303223
10.8.8.130-216.58.210.14-45184-443-6,packet_id: 8,delay: 0.6464457511901855
10.8.8.130-216.58.210.14-45184-443-6,packet_id: 9,delay: 0.6299009323120117
10.8.8.130-216.58.210.14-45184-443-6,packet_id: 10,delay: 0.6586332321166992
10.8.8.130-216.58.210.14-45184-443-6,packet_id: 11,delay: 0.6408348083496094
10.8.8.130-216.58.210.14-45184-443-6,packet_id: 12,delay: 0.6504604816436768
10.8.8.130-216.58.210.14-45184-443-6,packet_id: 13,delay: 0.6401879787445068
10.8.8.130-216.58.210.14-45184-443-6,packet_id: 14,delay: 0.6137535572052002
10.8.8.130-216.58.210.14-45184-443-6,packet_id: 15,delay: 0.6380963325500488
10.8.8.130-216.58.210.14-45184-443-6,packet_id: 16,delay: 0.6065666675567627
173.194.123.101-131.202.240.150-443-53805-6,packet_id: 1,delay: 0.6783130168914795
10.8.8.178-216.58.210.35-59222-443-6,packet_id: 1,delay: 0.8941116333007812
10.8.8.178-216.58.210.35-59252-443-6,packet_id: 1,delay: 0.8842897415161133
10.8.8.178-216.58.210.46-39796-443-6,packet_id: 1,delay: 1.0401318073272705
10.8.8.178-216.58.210.46-39796-443-6,packet_id: 2,delay: 1.020920753479004
10.8.8.178-216.58.210.46-39796-443-6,packet_id: 3,delay: 1.004260540008545
10.8.8.178-216.58.210.46-39796-443-6,packet_id: 4,delay: 1.0593490600585938
10.8.8.178-216.58.210.46-39796-443-6,packet_id: 5,delay: 1.0488345623016357
10.8.8.178-216.58.210.46-39796-443-6,packet_id: 6,delay: 1.045881986618042
173.194.20.107-131.202.240.150-443-44157-6,packet_id: 1,delay: 0.5327563285827637
173.194.20.107-131.202.240.150-443-44157-6,packet_id: 2,delay: 0.5437848567962646
173.194.20.107-131.202.240.150-443-44157-6,packet_id: 3,delay: 0.5401558876037598
173.194.20.107-131.202.240.150-443-44157-6,packet_id: 4,delay: 0.5835440158843994
173.194.20.107-131.202.240.150-443-44157-6,packet_id: 5,delay: 0.5798356533050537
173.194.20.107-131.202.240.150-443-44157-6,packet_id: 6,delay: 0.5766923427581787
173.194.20.107-131.202.240.150-443-44157-6,packet_id: 7,delay: 0.5619497299194336
173.194.20.107-131.202.240.150-443-44157-6,packet_id: 8,delay: 0.538421630859375
173.194.20.107-131.202.240.150-443-44157-6,packet_id: 9,delay: 0.5264647006988525
10.8.8.234-74.125.133.16-51056-993-6,packet_id: 1,delay: 0.8203511238098145
10.8.8.234-74.125.133.16-51056-993-6,packet_id: 2,delay: 0.8334522247314453
10.8.8.234-74.125.133.16-51056-993-6,packet_id: 3,delay: 0.8152782917022705
10.8.8.234-74.125.133.16-51056-993-6,packet_id: 4,delay: 0.8177196979522705
10.8.8.234-74.125.133.16-51056-993-6,packet_id: 5,delay: 0.829587459564209
10.8.8.234-74.125.133.16-51056-993-6,packet_id: 6,delay: 0.8317074775695801
10.8.8.234-74.125.133.16-51056-993-6,packet_id: 7,delay: 0.8195517063140869
10.8.8.234-74.125.133.16-51056-993-6,packet_id: 8,delay: 0.8549997806549072
10.8.8.178-216.58.210.78-44923-443-6,packet_id: 1,delay: 1.0920579433441162
10.8.8.178-216.58.210.78-44923-443-6,packet_id: 2,delay: 1.0893025398254395
157.56.52.13-10.0.2.15-40011-34332-6,packet_id: 1,delay: 0.8205938339233398
157.56.52.13-10.0.2.15-40011-34332-6,packet_id: 2,delay: 0.8105101585388184
131.202.6.26-131.202.240.87-13000-64719-6,packet_id: 1,delay: 0.5349555015563965
131.202.6.26-131.202.240.87-13000-64719-6,packet_id: 2,delay: 0.5080325603485107
131.202.6.26-131.202.240.87-13000-64719-6,packet_id: 3,delay: 0.5101323127746582
173.194.67.16-10.8.8.234-465-37826-6,packet_id: 1,delay: 0.4303567409515381
157.56.52.13-10.8.8.178-40011-56909-6,packet_id: 1,delay: 0.9459059238433838
173.194.67.16-10.8.8.234-465-37857-6,packet_id: 1,delay: 0.42116665840148926
173.194.67.16-10.8.8.234-465-37860-6,packet_id: 1,delay: 0.44181275367736816
173.194.67.16-10.8.8.234-465-37865-6,packet_id: 1,delay: 0.4472370147705078
10.8.8.234-173.194.67.16-37858-465-6,packet_id: 1,delay: 0.6927535533905029
173.194.67.16-10.8.8.234-465-37872-6,packet_id: 1,delay: 0.4133601188659668
10.8.8.234-173.194.67.16-37875-465-6,packet_id: 1,delay: 0.6760730743408203
10.8.8.234-173.194.67.16-37877-465-6,packet_id: 1,delay: 0.7052497863769531
131.202.240.87-134.170.19.124-10864-443-6,packet_id: 1,delay: 0.571058988571167
131.202.240.87-134.170.19.124-10864-443-6,packet_id: 2,delay: 0.5428826808929443
131.202.240.87-134.170.19.124-10864-443-6,packet_id: 3,delay: 0.5702862739562988
131.202.240.87-134.170.19.124-10864-443-6,packet_id: 4,delay: 0.5825846195220947
131.202.240.87-134.170.19.124-10864-443-6,packet_id: 5,delay: 0.5585241317749023
131.202.240.87-134.170.19.124-10864-443-6,packet_id: 6,delay: 0.5638062953948975
131.202.240.87-134.170.19.124-10864-443-6,packet_id: 7,delay: 0.5512797832489014
131.202.240.87-134.170.19.124-10864-443-6,packet_id: 8,delay: 0.5459351539611816
131.202.240.87-134.170.19.124-10864-443-6,packet_id: 9,delay: 0.5423374176025391
10.8.8.234-173.194.67.16-37883-465-6,packet_id: 1,delay: 0.6968903541564941
10.8.8.138-185.2.220.137-43535-80-6,packet_id: 1,delay: 0.4373605251312256
10.8.8.138-208.117.251.116-56550-443-6,packet_id: 1,delay: 0.41730690002441406
10.8.8.138-208.117.251.116-56550-443-6,packet_id: 2,delay: 0.43440937995910645
10.8.8.138-208.117.251.116-56550-443-6,packet_id: 3,delay: 0.4274270534515381
131.202.240.87-173.194.196.16-10784-465-6,packet_id: 1,delay: 0.6459488868713379
131.202.240.87-173.194.196.16-10790-465-6,packet_id: 1,delay: 0.487778902053833
131.202.240.87-173.252.100.27-64842-443-6,packet_id: 1,delay: 0.5683438777923584
131.202.240.87-173.252.100.27-64842-443-6,packet_id: 2,delay: 0.5822651386260986
131.202.240.87-173.252.100.27-64842-443-6,packet_id: 3,delay: 0.5772676467895508
131.202.240.87-173.252.100.27-64842-443-6,packet_id: 4,delay: 0.5755739212036133
131.202.240.87-173.252.100.27-64842-443-6,packet_id: 5,delay: 0.5644216537475586
131.202.240.87-173.252.100.27-64842-443-6,packet_id: 6,delay: 0.5805163383483887
10.8.8.138-208.117.251.116-56557-443-6,packet_id: 1,delay: 0.4523885250091553
10.8.8.138-208.117.251.116-56568-443-6,packet_id: 1,delay: 0.4337000846862793
10.8.8.138-208.117.251.116-56577-443-6,packet_id: 1,delay: 0.4285709857940674
10.8.8.138-208.117.251.116-56577-443-6,packet_id: 2,delay: 0.4331345558166504
10.8.8.138-208.117.251.116-56622-443-6,packet_id: 1,delay: 0.4513063430786133
10.8.8.138-208.117.251.116-56622-443-6,packet_id: 2,delay: 0.4385948181152344
131.202.240.87-178.237.17.103-42530-443-6,packet_id: 1,delay: 0.6809067726135254
131.202.240.87-178.237.17.103-42530-443-6,packet_id: 2,delay: 0.6928508281707764
10.8.8.138-208.117.251.116-56647-443-6,packet_id: 1,delay: 0.44332003593444824
10.8.8.138-208.117.251.116-56647-443-6,packet_id: 2,delay: 0.42546796798706055
131.202.240.87-205.188.12.91-42522-443-6,packet_id: 1,delay: 0.5738067626953125
131.202.240.87-205.188.12.91-42522-443-6,packet_id: 2,delay: 0.5578396320343018
137.117.177.33-10.8.8.178-443-40028-6,packet_id: 1,delay: 1.1578357219696045
10.8.8.138-209.148.205.35-42190-443-6,packet_id: 1,delay: 0.7338454723358154
10.8.8.138-209.148.205.35-42190-443-6,packet_id: 2,delay: 0.7116525173187256
10.8.8.138-209.148.205.35-42190-443-6,packet_id: 3,delay: 0.6971967220306396
10.8.8.138-209.148.205.35-42190-443-6,packet_id: 4,delay: 0.7003238201141357
131.202.240.87-209.148.205.35-64882-443-6,packet_id: 1,delay: 0.7861952781677246
108.175.42.181-131.202.240.150-80-58287-6,packet_id: 1,delay: 0.6182208061218262
108.175.42.181-131.202.240.150-80-58287-6,packet_id: 2,delay: 0.6115384101867676
108.175.42.181-131.202.240.150-80-58287-6,packet_id: 3,delay: 0.6136610507965088
108.175.42.181-131.202.240.150-80-58287-6,packet_id: 4,delay: 0.6170063018798828
108.175.42.181-131.202.240.150-80-58287-6,packet_id: 5,delay: 0.622255802154541
173.194.194.16-10.0.2.15-995-58959-6,packet_id: 1,delay: 0.8998384475708008
216.58.208.37-10.8.8.178-443-51920-6,packet_id: 1,delay: 0.8541357517242432
173.194.78.189-10.8.8.130-443-60098-6,packet_id: 1,delay: 0.5253734588623047
173.194.78.189-10.8.8.130-443-60098-6,packet_id: 2,delay: 0.5314850807189941
173.194.78.189-10.8.8.130-443-60098-6,packet_id: 3,delay: 0.5389559268951416
216.58.208.37-10.8.8.178-443-51939-6,packet_id: 1,delay: 0.8737962245941162
131.202.240.150-23.50.75.27-45724-80-6,packet_id: 1,delay: 0.43529367446899414
131.202.240.150-23.235.40.143-54394-443-6,packet_id: 1,delay: 0.36057186126708984
131.202.240.150-23.235.40.143-54394-443-6,packet_id: 2,delay: 0.3693504333496094
131.202.240.150-23.235.40.143-54394-443-6,packet_id: 3,delay: 0.3753383159637451
131.202.240.150-23.235.40.143-54394-443-6,packet_id: 4,delay: 0.36600828170776367
131.202.240.150-23.235.40.143-54394-443-6,packet_id: 5,delay: 0.379009485244751
108.175.39.202-131.202.240.150-80-40884-6,packet_id: 1,delay: 0.23934531211853027
108.175.39.202-131.202.240.150-80-40884-6,packet_id: 2,delay: 0.21950054168701172
173.194.196.16-131.202.240.242-465-5488-6,packet_id: 1,delay: 0.5520410537719727
173.194.67.189-10.8.8.178-443-57866-6,packet_id: 1,delay: 0.9437899589538574
185.2.220.137-10.8.8.138-80-43533-6,packet_id: 1,delay: 0.29833197593688965
185.2.220.137-10.8.8.138-80-43533-6,packet_id: 2,delay: 0.31839942932128906
185.2.220.137-10.8.8.138-80-43533-6,packet_id: 3,delay: 0.29987478256225586
185.2.220.137-10.8.8.138-80-43533-6,packet_id: 4,delay: 0.2884697914123535
185.2.220.137-10.8.8.138-80-43533-6,packet_id: 5,delay: 0.2864871025085449
185.2.220.137-10.8.8.138-80-43533-6,packet_id: 6,delay: 0.2761964797973633
185.2.220.137-10.8.8.138-80-43533-6,packet_id: 7,delay: 0.2830009460449219
185.2.220.137-10.8.8.138-80-43533-6,packet_id: 8,delay: 0.2856736183166504
185.2.220.137-10.8.8.138-80-43533-6,packet_id: 9,delay: 0.2866990566253662
185.2.220.137-10.8.8.138-80-43533-6,packet_id: 10,delay: 0.3060753345489502
185.2.220.137-10.8.8.138-80-43533-6,packet_id: 11,delay: 0.2907674312591553
185.2.220.137-10.8.8.138-80-43533-6,packet_id: 12,delay: 0.3047976493835449
185.2.220.137-10.8.8.138-80-43533-6,packet_id: 13,delay: 0.2929995059967041
185.2.220.137-10.8.8.138-80-43533-6,packet_id: 14,delay: 0.29760098457336426
185.2.220.137-10.8.8.138-80-43533-6,packet_id: 15,delay: 0.30159640312194824
185.2.220.137-10.8.8.138-80-43533-6,packet_id: 16,delay: 0.2925608158111572
185.2.220.137-10.8.8.138-80-43533-6,packet_id: 17,delay: 0.28230738639831543
185.2.220.137-10.8.8.138-80-43533-6,packet_id: 18,delay: 0.2920041084289551
185.2.220.137-10.8.8.138-80-43533-6,packet_id: 19,delay: 0.2942807674407959
185.2.220.137-10.8.8.138-80-43533-6,packet_id: 20,delay: 0.2618691921234131
185.2.220.137-10.8.8.138-80-43533-6,packet_id: 21,delay: 0.28121399879455566
185.2.220.137-10.8.8.138-80-43533-6,packet_id: 22,delay: 0.28755950927734375
185.2.220.137-10.8.8.138-80-43533-6,packet_id: 23,delay: 0.2833831310272217
185.2.220.137-10.8.8.138-80-43533-6,packet_id: 24,delay: 0.29582810401916504
185.2.220.137-10.8.8.138-80-43533-6,packet_id: 25,delay: 0.2821180820465088
185.2.220.137-10.8.8.138-80-43533-6,packet_id: 26,delay: 0.2848525047302246
185.2.220.137-10.8.8.138-80-43533-6,packet_id: 27,delay: 0.2843458652496338
185.2.220.137-10.8.8.138-80-43533-6,packet_id: 28,delay: 0.29139018058776855
185.2.220.137-10.8.8.138-80-43533-6,packet_id: 29,delay: 0.28403615951538086
185.2.220.137-10.8.8.138-80-43533-6,packet_id: 30,delay: 0.29233789443969727
185.2.220.137-10.8.8.138-80-43533-6,packet_id: 31,delay: 0.2926626205444336
185.2.220.137-10.8.8.138-80-43533-6,packet_id: 32,delay: 0.271923303604126
185.2.220.137-10.8.8.138-80-43533-6,packet_id: 33,delay: 0.272660493850708
185.2.220.137-10.8.8.138-80-43533-6,packet_id: 34,delay: 0.2886226177215576
185.2.220.137-10.8.8.138-80-43533-6,packet_id: 35,delay: 0.28868746757507324
185.2.220.137-10.8.8.138-80-43533-6,packet_id: 36,delay: 0.3027007579803467
185.2.220.137-10.8.8.138-80-43533-6,packet_id: 37,delay: 0.3017737865447998
185.2.220.137-10.8.8.138-80-43533-6,packet_id: 38,delay: 0.3123142719268799
185.2.220.137-10.8.8.138-80-43533-6,packet_id: 39,delay: 0.2794373035430908
185.2.220.137-10.8.8.138-80-43533-6,packet_id: 40,delay: 0.3070707321166992
185.2.220.137-10.8.8.138-80-43533-6,packet_id: 41,delay: 0.2999434471130371
185.2.220.137-10.8.8.138-80-43533-6,packet_id: 42,delay: 0.3012423515319824
185.2.220.137-10.8.8.138-80-43533-6,packet_id: 43,delay: 0.2785065174102783
185.2.220.137-10.8.8.138-80-43533-6,packet_id: 44,delay: 0.28023815155029297
185.2.220.137-10.8.8.138-80-43533-6,packet_id: 45,delay: 0.29805564880371094
185.2.220.137-10.8.8.138-80-43533-6,packet_id: 46,delay: 0.28510475158691406
185.2.220.137-10.8.8.138-80-43533-6,packet_id: 47,delay: 0.3019423484802246
185.2.220.137-10.8.8.138-80-43533-6,packet_id: 48,delay: 0.28014636039733887
185.2.220.137-10.8.8.138-80-43533-6,packet_id: 49,delay: 0.3023803234100342
185.2.220.137-10.8.8.138-80-43533-6,packet_id: 50,delay: 0.31354618072509766
185.2.220.137-10.8.8.138-80-43533-6,packet_id: 51,delay: 0.3101468086242676
185.2.220.137-10.8.8.138-80-43533-6,packet_id: 52,delay: 0.288219690322876
185.2.220.137-10.8.8.138-80-43533-6,packet_id: 53,delay: 0.3098776340484619
185.2.220.137-10.8.8.138-80-43533-6,packet_id: 54,delay: 0.2872583866119385
185.2.220.137-10.8.8.138-80-43533-6,packet_id: 55,delay: 0.3042104244232178
185.2.220.137-10.8.8.138-80-43533-6,packet_id: 56,delay: 0.2843666076660156
185.2.220.137-10.8.8.138-80-43533-6,packet_id: 57,delay: 0.2714650630950928
185.2.220.137-10.8.8.138-80-43533-6,packet_id: 58,delay: 0.2726116180419922
185.2.220.137-10.8.8.138-80-43533-6,packet_id: 59,delay: 0.2945272922515869
185.2.220.137-10.8.8.138-80-43533-6,packet_id: 60,delay: 0.2918388843536377
185.2.220.137-10.8.8.138-80-43533-6,packet_id: 61,delay: 0.29869842529296875
185.2.220.137-10.8.8.138-80-43533-6,packet_id: 62,delay: 0.2916276454925537
185.2.220.137-10.8.8.138-80-43533-6,packet_id: 63,delay: 0.2987191677093506
185.2.220.137-10.8.8.138-80-43533-6,packet_id: 64,delay: 0.31586241722106934
185.2.220.137-10.8.8.138-80-43533-6,packet_id: 65,delay: 0.2918219566345215
185.2.220.137-10.8.8.138-80-43533-6,packet_id: 66,delay: 0.2831757068634033
185.2.220.137-10.8.8.138-80-43533-6,packet_id: 67,delay: 0.2876145839691162
185.2.220.137-10.8.8.138-80-43533-6,packet_id: 68,delay: 0.312028169631958
185.2.220.137-10.8.8.138-80-43533-6,packet_id: 69,delay: 0.2780485153198242
185.2.220.137-10.8.8.138-80-43533-6,packet_id: 70,delay: 0.3039395809173584
185.2.220.137-10.8.8.138-80-43533-6,packet_id: 71,delay: 0.2918086051940918
185.2.220.137-10.8.8.138-80-43533-6,packet_id: 72,delay: 0.3062403202056885
185.2.220.137-10.8.8.138-80-43533-6,packet_id: 73,delay: 0.29085803031921387
185.2.220.137-10.8.8.138-80-43533-6,packet_id: 74,delay: 0.30213451385498047
185.2.220.137-10.8.8.138-80-43533-6,packet_id: 75,delay: 0.2967262268066406
185.2.220.137-10.8.8.138-80-43533-6,packet_id: 76,delay: 0.30104947090148926
185.2.220.137-10.8.8.138-80-43533-6,packet_id: 77,delay: 0.32438015937805176
185.2.220.137-10.8.8.138-80-43533-6,packet_id: 78,delay: 0.30873656272888184
185.2.220.137-10.8.8.138-80-43533-6,packet_id: 79,delay: 0.29465675354003906
185.2.220.137-10.8.8.138-80-43533-6,packet_id: 80,delay: 0.3241279125213623
185.2.220.137-10.8.8.138-80-43533-6,packet_id: 81,delay: 0.31906557083129883
185.2.220.137-10.8.8.138-80-43533-6,packet_id: 82,delay: 0.3168015480041504
173.194.196.16-131.202.240.242-465-5492-6,packet_id: 1,delay: 0.563899040222168
173.194.67.189-10.8.8.178-443-57926-6,packet_id: 1,delay: 0.9223463535308838
173.194.67.189-10.8.8.178-443-57926-6,packet_id: 2,delay: 0.9298503398895264
173.194.67.189-10.8.8.178-443-57926-6,packet_id: 3,delay: 0.9144449234008789
173.194.67.189-10.8.8.178-443-57926-6,packet_id: 4,delay: 0.9195160865783691
173.194.67.189-10.8.8.178-443-57926-6,packet_id: 5,delay: 0.9037446975708008
173.194.67.189-10.8.8.178-443-57926-6,packet_id: 6,delay: 0.9238862991333008
173.194.67.189-10.8.8.178-443-57926-6,packet_id: 7,delay: 0.9088308811187744
173.194.67.189-10.8.8.178-443-57926-6,packet_id: 8,delay: 0.9071559906005859
173.194.67.189-10.8.8.178-443-57926-6,packet_id: 9,delay: 0.9108450412750244
131.202.240.150-108.175.39.202-40884-80-6,packet_id: 1,delay: 0.5126349925994873
131.202.240.150-108.175.39.202-40884-80-6,packet_id: 2,delay: 0.49895691871643066
131.202.240.150-108.175.39.202-40884-80-6,packet_id: 3,delay: 0.5008788108825684
131.202.240.150-108.175.39.202-40884-80-6,packet_id: 4,delay: 0.5199077129364014
131.202.240.150-108.175.39.202-40884-80-6,packet_id: 5,delay: 0.4966888427734375
131.202.240.150-108.175.39.202-40884-80-6,packet_id: 6,delay: 0.501518726348877
131.202.240.150-108.175.39.202-40884-80-6,packet_id: 7,delay: 0.4961671829223633
131.202.240.150-108.175.39.202-40884-80-6,packet_id: 8,delay: 0.5140142440795898
131.202.240.150-108.175.39.202-40884-80-6,packet_id: 9,delay: 0.5167229175567627
131.202.240.150-108.175.39.202-40884-80-6,packet_id: 10,delay: 0.521599292755127
131.202.240.150-108.175.39.202-40884-80-6,packet_id: 11,delay: 0.49825525283813477
131.202.240.150-108.175.39.202-40884-80-6,packet_id: 12,delay: 0.5095186233520508
131.202.240.150-108.175.39.202-40884-80-6,packet_id: 13,delay: 0.501610517501831
131.202.240.150-108.175.39.202-40884-80-6,packet_id: 14,delay: 0.5651826858520508
131.202.240.150-108.175.39.202-40884-80-6,packet_id: 15,delay: 0.5019278526306152
131.202.240.150-108.175.39.202-40884-80-6,packet_id: 16,delay: 0.5126440525054932
173.194.196.16-131.202.240.242-465-5524-6,packet_id: 1,delay: 0.5112929344177246
173.194.196.16-131.202.240.242-465-5527-6,packet_id: 1,delay: 0.5497825145721436
131.202.240.150-108.175.42.181-58287-80-6,packet_id: 1,delay: 0.48505067825317383
131.202.240.150-108.175.42.181-58287-80-6,packet_id: 2,delay: 0.47306203842163086
131.202.240.150-108.175.42.181-58287-80-6,packet_id: 3,delay: 0.4839184284210205
131.202.240.150-108.175.42.181-58287-80-6,packet_id: 4,delay: 0.5028431415557861
131.202.240.150-108.175.42.181-58287-80-6,packet_id: 5,delay: 0.5038201808929443
131.202.240.150-108.175.42.181-58287-80-6,packet_id: 6,delay: 0.48769330978393555
131.202.240.150-108.175.42.181-58287-80-6,packet_id: 7,delay: 0.49001288414001465
131.202.240.150-108.175.42.181-58287-80-6,packet_id: 8,delay: 0.5005297660827637
131.202.240.150-108.175.42.181-58287-80-6,packet_id: 9,delay: 0.4713616371154785
131.202.240.150-108.175.42.181-58287-80-6,packet_id: 10,delay: 0.4902472496032715
131.202.240.150-108.175.42.181-58287-80-6,packet_id: 11,delay: 0.4781193733215332
142.1.33.2-10.0.2.15-3230-56467-6,packet_id: 1,delay: 1.0384628772735596
131.202.240.150-108.175.43.146-60056-80-6,packet_id: 1,delay: 0.7248690128326416
131.202.240.150-108.175.43.146-60056-80-6,packet_id: 2,delay: 0.7100217342376709
131.202.240.150-108.175.43.146-60056-80-6,packet_id: 3,delay: 0.7016892433166504
131.202.240.150-108.175.43.146-60056-80-6,packet_id: 4,delay: 0.7039282321929932
131.202.240.150-108.175.43.146-60056-80-6,packet_id: 5,delay: 0.6991968154907227
131.202.240.150-108.175.43.146-60056-80-6,packet_id: 6,delay: 0.7017719745635986
131.202.240.150-108.175.43.146-60056-80-6,packet_id: 7,delay: 0.7048120498657227
131.202.240.150-108.175.43.146-60056-80-6,packet_id: 8,delay: 0.7332148551940918
131.202.240.150-108.175.43.146-60056-80-6,packet_id: 9,delay: 0.7118973731994629
131.202.240.150-108.175.43.146-60056-80-6,packet_id: 10,delay: 0.7004117965698242
131.202.240.150-108.175.43.146-60056-80-6,packet_id: 11,delay: 0.7036049365997314
131.202.240.150-108.175.43.146-60056-80-6,packet_id: 12,delay: 0.722954273223877
131.202.240.150-108.175.43.146-60056-80-6,packet_id: 13,delay: 0.6814577579498291
131.202.240.150-108.175.43.146-60056-80-6,packet_id: 14,delay: 0.7197401523590088
131.202.240.150-108.175.43.146-60056-80-6,packet_id: 15,delay: 0.7103335857391357
131.202.240.150-108.175.43.146-60056-80-6,packet_id: 16,delay: 0.7245237827301025
131.202.240.150-108.175.43.146-60056-80-6,packet_id: 17,delay: 0.7104001045227051
131.202.240.150-108.175.43.146-60056-80-6,packet_id: 18,delay: 0.716843843460083
131.202.240.150-108.175.43.146-60056-80-6,packet_id: 19,delay: 0.7107377052307129
178.237.18.202-10.8.8.130-443-34342-6,packet_id: 1,delay: 0.7959859371185303
178.237.18.202-10.8.8.130-443-34342-6,packet_id: 2,delay: 0.8060705661773682
178.237.18.202-10.8.8.130-443-34342-6,packet_id: 3,delay: 0.8007285594940186
178.237.18.202-10.8.8.130-443-34342-6,packet_id: 4,delay: 0.8172657489776611
178.237.18.202-10.8.8.130-443-34342-6,packet_id: 5,delay: 0.8249654769897461
178.237.18.202-10.8.8.130-443-34342-6,packet_id: 6,delay: 0.8133044242858887
131.202.240.242-68.67.153.2-5887-80-6,packet_id: 1,delay: 0.7571837902069092
131.202.240.242-69.172.216.55-5957-443-6,packet_id: 1,delay: 0.5980625152587891
131.202.240.242-74.125.193.16-5535-995-6,packet_id: 1,delay: 0.812938928604126
131.202.240.242-131.202.240.87-5619-42322-6,packet_id: 1,delay: 0.8303720951080322
131.202.240.242-131.202.240.87-5619-42322-6,packet_id: 2,delay: 0.8116166591644287
131.202.240.242-131.202.240.87-5619-42322-6,packet_id: 3,delay: 0.8218913078308105
131.202.240.242-131.202.240.87-5619-42322-6,packet_id: 4,delay: 0.8208885192871094
131.202.240.242-131.202.240.87-5619-42322-6,packet_id: 5,delay: 0.8207812309265137
131.202.240.242-131.202.240.87-5619-42322-6,packet_id: 6,delay: 0.8247132301330566
131.202.240.242-131.202.240.87-5619-42322-6,packet_id: 7,delay: 0.8180468082427979
131.202.240.242-131.202.240.87-5619-42322-6,packet_id: 8,delay: 0.8259398937225342
131.202.240.242-131.202.240.87-5619-42322-6,packet_id: 9,delay: 0.8280470371246338
131.202.240.242-131.202.240.87-5619-42322-6,packet_id: 10,delay: 0.82755446434021
131.202.240.242-131.202.240.87-5619-42322-6,packet_id: 11,delay: 0.8117473125457764
131.202.240.242-131.202.240.87-5619-42322-6,packet_id: 12,delay: 0.8257288932800293
131.202.240.242-131.202.240.87-5619-42322-6,packet_id: 13,delay: 0.83626389503479
131.202.240.242-131.202.240.87-5619-42322-6,packet_id: 14,delay: 0.832221269607544
131.202.240.242-131.202.240.87-5619-42322-6,packet_id: 15,delay: 0.8371090888977051
131.202.240.242-131.202.240.87-5619-42322-6,packet_id: 16,delay: 0.8235414028167725
131.202.240.242-131.202.240.87-5619-42322-6,packet_id: 17,delay: 0.8580286502838135
131.202.240.242-131.202.240.87-5619-42322-6,packet_id: 18,delay: 0.827967643737793
131.202.240.242-131.202.240.87-5619-42322-6,packet_id: 19,delay: 0.8231093883514404
131.202.240.242-131.202.240.87-5619-42322-6,packet_id: 20,delay: 0.8102483749389648
131.202.240.242-131.202.240.87-5619-42322-6,packet_id: 21,delay: 0.8120067119598389
131.202.240.242-131.202.240.87-5619-42322-6,packet_id: 22,delay: 0.816185712814331
131.202.240.242-131.202.240.87-5619-42322-6,packet_id: 23,delay: 0.8278698921203613
131.202.240.242-131.202.240.87-5619-42322-6,packet_id: 24,delay: 0.8345980644226074
131.202.240.242-131.202.240.87-5619-42322-6,packet_id: 25,delay: 0.8207764625549316
131.202.240.242-131.202.240.87-5619-42322-6,packet_id: 26,delay: 0.8036606311798096
131.202.240.242-131.202.240.87-5619-42322-6,packet_id: 27,delay: 0.6759490966796875
131.202.240.242-131.202.240.87-5619-42322-6,packet_id: 28,delay: 0.677821159362793
131.202.240.242-131.202.240.87-5619-42322-6,packet_id: 29,delay: 0.6668605804443359
178.237.18.202-131.202.240.242-443-31773-6,packet_id: 1,delay: 0.8003911972045898
173.252.100.27-10.8.8.178-443-47132-6,packet_id: 1,delay: 0.755526065826416
173.252.100.27-10.8.8.178-443-47132-6,packet_id: 2,delay: 0.7495970726013184
173.252.100.27-10.8.8.178-443-47132-6,packet_id: 3,delay: 0.7419593334197998
173.252.100.27-10.8.8.178-443-47132-6,packet_id: 4,delay: 0.7543084621429443
173.252.100.27-10.8.8.178-443-47132-6,packet_id: 5,delay: 0.757246732711792
173.252.100.27-10.8.8.178-443-47132-6,packet_id: 6,delay: 0.7806000709533691
173.252.100.27-10.8.8.178-443-47132-6,packet_id: 7,delay: 0.7477672100067139
173.252.100.27-10.8.8.178-443-47132-6,packet_id: 8,delay: 0.7536227703094482
173.252.100.27-10.8.8.178-443-47132-6,packet_id: 9,delay: 0.7317838668823242
173.252.100.27-10.8.8.178-443-47132-6,packet_id: 10,delay: 0.7553412914276123
173.252.100.27-10.8.8.178-443-47132-6,packet_id: 11,delay: 0.7488563060760498
68.67.176.42-131.202.240.87-443-11439-6,packet_id: 1,delay: 0.7350943088531494
173.194.123.124-131.202.240.242-443-5983-6,packet_id: 1,delay: 0.48665452003479004
178.237.17.103-10.8.8.178-443-51318-6,packet_id: 1,delay: 0.9228334426879883
178.237.17.103-10.8.8.178-443-51318-6,packet_id: 2,delay: 0.929335355758667
178.237.17.103-10.8.8.178-443-51318-6,packet_id: 3,delay: 0.9242217540740967
208.117.251.116-10.8.8.138-443-56550-6,packet_id: 1,delay: 0.31116175651550293
208.117.251.116-10.8.8.138-443-56550-6,packet_id: 2,delay: 0.3163268566131592
208.117.251.116-10.8.8.138-443-56550-6,packet_id: 3,delay: 0.3103508949279785
208.117.251.116-10.8.8.138-443-56550-6,packet_id: 4,delay: 0.32656073570251465
208.117.251.116-10.8.8.138-443-56550-6,packet_id: 5,delay: 0.2926042079925537
199.212.24.173-131.202.240.150-443-54334-6,packet_id: 1,delay: 0.43082404136657715
137.116.32.77-10.0.2.15-443-34727-6,packet_id: 1,delay: 0.4425482749938965
208.117.251.116-10.8.8.138-443-56560-6,packet_id: 1,delay: 0.2898261547088623
208.117.251.116-10.8.8.138-443-56560-6,packet_id: 2,delay: 0.2911388874053955
208.117.251.116-10.8.8.138-443-56560-6,packet_id: 3,delay: 0.2947428226470947
208.117.251.116-10.8.8.138-443-56577-6,packet_id: 1,delay: 0.3085179328918457
208.117.251.116-10.8.8.138-443-56587-6,packet_id: 1,delay: 0.29082822799682617
173.252.100.27-131.202.240.87-443-64842-6,packet_id: 1,delay: 0.6411397457122803
173.252.100.27-131.202.240.87-443-64842-6,packet_id: 2,delay: 0.6250836849212646
173.252.100.27-131.202.240.87-443-64842-6,packet_id: 3,delay: 0.4835214614868164
173.252.100.27-131.202.240.87-443-64842-6,packet_id: 4,delay: 0.47712254524230957
173.252.100.27-131.202.240.87-443-64842-6,packet_id: 5,delay: 0.5031476020812988
173.252.100.27-131.202.240.87-443-64842-6,packet_id: 6,delay: 0.619802713394165
173.252.100.27-131.202.240.87-443-64842-6,packet_id: 7,delay: 0.4658854007720947
208.117.251.116-10.8.8.138-443-56597-6,packet_id: 1,delay: 0.2844362258911133
131.202.240.150-108.175.43.161-57196-80-6,packet_id: 1,delay: 0.594292163848877
131.202.240.150-108.175.43.161-57196-80-6,packet_id: 2,delay: 0.5930986404418945
131.202.240.150-108.175.43.161-57196-80-6,packet_id: 3,delay: 0.5972931385040283
131.202.240.150-108.175.43.161-57196-80-6,packet_id: 4,delay: 0.577831506729126
131.202.240.150-108.175.43.161-57196-80-6,packet_id: 5,delay: 0.5907483100891113
131.202.240.150-108.175.43.161-57196-80-6,packet_id: 6,delay: 0.5866246223449707
131.202.240.150-108.175.43.161-57196-80-6,packet_id: 7,delay: 0.5841093063354492
131.202.240.150-108.175.43.161-57196-80-6,packet_id: 8,delay: 0.6057310104370117
131.202.240.150-108.175.43.161-57196-80-6,packet_id: 9,delay: 0.5812489986419678
131.202.240.150-108.175.43.161-57196-80-6,packet_id: 10,delay: 0.5662944316864014
131.202.240.150-108.175.43.161-57196-80-6,packet_id: 11,delay: 0.5809133052825928
131.202.240.150-108.175.43.161-57196-80-6,packet_id: 12,delay: 0.5766251087188721
131.202.240.150-108.175.43.161-57196-80-6,packet_id: 13,delay: 0.5842757225036621
131.202.240.150-108.175.43.161-57196-80-6,packet_id: 14,delay: 0.5787360668182373
131.202.240.150-108.175.43.161-57196-80-6,packet_id: 15,delay: 0.5926494598388672
131.202.240.150-108.175.43.161-57196-80-6,packet_id: 16,delay: 0.5743141174316406
131.202.240.150-108.175.43.161-57196-80-6,packet_id: 17,delay: 0.6059606075286865
208.117.251.116-10.8.8.138-443-56603-6,packet_id: 1,delay: 0.30230236053466797
208.117.251.116-10.8.8.138-443-56605-6,packet_id: 1,delay: 0.304279088973999
208.117.251.116-10.8.8.138-443-56605-6,packet_id: 2,delay: 0.28980326652526855
208.117.251.116-10.8.8.138-443-56622-6,packet_id: 1,delay: 0.308013916015625
208.117.251.116-10.8.8.138-443-56622-6,packet_id: 2,delay: 0.2925255298614502
173.252.100.27-131.202.240.242-443-32576-6,packet_id: 1,delay: 0.5588743686676025
173.252.100.27-131.202.240.242-443-32576-6,packet_id: 2,delay: 0.5163395404815674
208.117.251.116-10.8.8.138-443-56633-6,packet_id: 1,delay: 0.2983212471008301
208.117.251.116-10.8.8.138-443-56633-6,packet_id: 2,delay: 0.29660940170288086
208.117.251.116-10.8.8.138-443-56641-6,packet_id: 1,delay: 0.3021235466003418
131.202.240.242-157.56.126.188-5589-443-6,packet_id: 1,delay: 0.8490285873413086
131.202.240.242-157.56.126.188-5589-443-6,packet_id: 2,delay: 0.8594162464141846
131.202.240.242-157.56.126.188-5589-443-6,packet_id: 3,delay: 0.8466737270355225
131.202.240.242-157.56.126.188-5589-443-6,packet_id: 4,delay: 0.853691577911377
131.202.240.242-157.56.126.188-5589-443-6,packet_id: 5,delay: 0.8613121509552002
131.202.240.242-157.56.126.188-5589-443-6,packet_id: 6,delay: 0.8549864292144775
131.202.240.242-157.56.126.188-5589-443-6,packet_id: 7,delay: 0.8568897247314453
131.202.240.242-157.56.126.188-5589-443-6,packet_id: 8,delay: 0.8578341007232666
131.202.240.242-157.56.126.188-5589-443-6,packet_id: 9,delay: 0.8583931922912598
131.202.240.150-173.194.20.107-44157-443-6,packet_id: 1,delay: 0.5872359275817871
131.202.240.150-173.194.20.107-44157-443-6,packet_id: 2,delay: 0.5667903423309326
131.202.240.150-173.194.20.107-44157-443-6,packet_id: 3,delay: 0.5857963562011719
131.202.240.150-173.194.20.107-44157-443-6,packet_id: 4,delay: 0.5784776210784912
131.202.240.150-184.73.252.179-39085-80-6,packet_id: 1,delay: 0.7152011394500732
134.170.19.124-131.202.240.87-443-10864-6,packet_id: 1,delay: 0.8518452644348145
134.170.19.124-131.202.240.87-443-10864-6,packet_id: 2,delay: 0.8367938995361328
134.170.19.124-131.202.240.87-443-10864-6,packet_id: 3,delay: 0.8182170391082764
134.170.19.124-131.202.240.87-443-10864-6,packet_id: 4,delay: 0.8323931694030762
134.170.19.124-131.202.240.87-443-10864-6,packet_id: 5,delay: 0.8302421569824219
134.170.19.124-131.202.240.87-443-10864-6,packet_id: 6,delay: 0.8573458194732666
134.170.19.124-131.202.240.87-443-10864-6,packet_id: 7,delay: 0.8228244781494141
134.170.19.124-131.202.240.87-443-10864-6,packet_id: 8,delay: 0.8286504745483398
134.170.19.124-131.202.240.87-443-10864-6,packet_id: 9,delay: 0.8219344615936279
134.170.19.124-131.202.240.87-443-10864-6,packet_id: 10,delay: 0.6803340911865234
131.202.240.150-199.127.194.212-41858-443-6,packet_id: 1,delay: 0.5820915699005127
131.202.240.150-199.212.24.172-56874-443-6,packet_id: 1,delay: 0.49248600006103516
131.202.240.150-199.212.24.172-56874-443-6,packet_id: 2,delay: 0.5070476531982422
131.202.240.150-199.212.24.172-56874-443-6,packet_id: 3,delay: 0.47053956985473633
131.202.240.150-199.212.24.172-56874-443-6,packet_id: 4,delay: 0.4999418258666992
131.202.240.150-199.212.24.172-56874-443-6,packet_id: 5,delay: 0.5064802169799805
131.202.240.150-199.212.24.172-56874-443-6,packet_id: 6,delay: 0.4975309371948242
131.202.240.150-199.212.24.172-56874-443-6,packet_id: 7,delay: 0.5254168510437012
131.202.240.150-199.212.24.172-56874-443-6,packet_id: 8,delay: 0.5055203437805176
131.202.240.150-199.212.24.172-56874-443-6,packet_id: 9,delay: 0.498974084854126
131.202.240.150-199.212.24.172-56874-443-6,packet_id: 10,delay: 0.5097742080688477
131.202.240.150-199.212.24.172-56874-443-6,packet_id: 11,delay: 0.48873305320739746
131.202.240.150-199.212.24.172-56874-443-6,packet_id: 12,delay: 0.5038425922393799
131.202.240.150-199.212.24.172-56874-443-6,packet_id: 13,delay: 0.5082380771636963
131.202.240.150-199.212.24.172-56874-443-6,packet_id: 14,delay: 0.4962923526763916
131.202.240.150-199.212.24.172-56874-443-6,packet_id: 15,delay: 0.48964524269104004
131.202.240.150-199.212.24.172-56874-443-6,packet_id: 16,delay: 0.499941349029541
131.202.240.150-199.212.24.172-56874-443-6,packet_id: 17,delay: 0.5069139003753662
131.202.240.150-199.212.24.172-56874-443-6,packet_id: 18,delay: 0.5157654285430908
131.202.240.150-199.212.24.172-56874-443-6,packet_id: 19,delay: 0.5162510871887207
131.202.240.150-199.212.24.172-56874-443-6,packet_id: 20,delay: 0.5155701637268066
131.202.240.150-199.212.24.172-56874-443-6,packet_id: 21,delay: 0.5098412036895752
131.202.240.150-199.212.24.172-56874-443-6,packet_id: 22,delay: 0.4946868419647217
131.202.240.150-199.212.24.172-56874-443-6,packet_id: 23,delay: 0.48663830757141113
131.202.240.150-199.212.24.172-56874-443-6,packet_id: 24,delay: 0.5101594924926758
131.202.240.150-199.212.24.172-56874-443-6,packet_id: 25,delay: 0.5043137073516846
131.202.240.150-199.212.24.172-56874-443-6,packet_id: 26,delay: 0.49182868003845215
131.202.240.150-199.212.24.172-56874-443-6,packet_id: 27,delay: 0.4920504093170166
131.202.240.150-199.212.24.172-56874-443-6,packet_id: 28,delay: 0.49601197242736816
131.202.240.150-199.212.24.172-56874-443-6,packet_id: 29,delay: 0.5027642250061035
131.202.240.150-199.212.24.172-56874-443-6,packet_id: 30,delay: 0.49694013595581055
131.202.240.150-199.212.24.172-56874-443-6,packet_id: 31,delay: 0.49361419677734375
131.202.240.150-199.212.24.172-56874-443-6,packet_id: 32,delay: 0.5172109603881836
131.202.240.242-173.194.196.16-5500-465-6,packet_id: 1,delay: 0.8245348930358887
184.29.105.106-131.202.240.150-80-45466-6,packet_id: 1,delay: 0.404954195022583
131.202.240.242-173.194.196.16-5529-465-6,packet_id: 1,delay: 0.8240134716033936
131.202.240.242-173.252.100.27-32576-443-6,packet_id: 1,delay: 0.7676041126251221
131.202.240.242-178.237.18.202-31773-443-6,packet_id: 1,delay: 0.849097728729248
131.202.240.242-216.58.219.230-5999-443-6,packet_id: 1,delay: 0.8325369358062744
199.212.24.175-131.202.240.150-443-58600-6,packet_id: 1,delay: 0.43877339363098145
216.58.210.78-10.8.8.178-443-44923-6,packet_id: 1,delay: 0.9243795871734619
216.58.210.78-10.8.8.178-443-44923-6,packet_id: 2,delay: 0.9399073123931885
216.58.210.78-10.8.8.178-443-44923-6,packet_id: 3,delay: 0.9448318481445312
216.58.210.78-10.8.8.178-443-44923-6,packet_id: 4,delay: 0.9378979206085205
199.212.24.175-131.202.240.150-443-58936-6,packet_id: 1,delay: 0.4398996829986572
173.194.210.188-131.202.240.242-5228-32506-6,packet_id: 1,delay: 0.3594238758087158
216.58.208.46-10.8.8.110-80-33072-6,packet_id: 1,delay: 0.4848027229309082
216.58.208.46-10.8.8.178-443-38243-6,packet_id: 1,delay: 0.6409180164337158
216.58.208.46-10.8.8.178-443-38243-6,packet_id: 2,delay: 0.6536731719970703
216.58.208.46-10.8.8.178-443-38243-6,packet_id: 3,delay: 0.6292059421539307
216.58.208.46-10.8.8.178-443-38243-6,packet_id: 4,delay: 0.6520576477050781
216.58.208.46-10.8.8.178-443-38243-6,packet_id: 5,delay: 0.6407151222229004
216.58.208.46-10.8.8.178-443-38243-6,packet_id: 6,delay: 0.6560173034667969
216.58.208.46-10.8.8.178-443-38243-6,packet_id: 7,delay: 0.6612856388092041
216.58.208.46-10.8.8.178-443-38243-6,packet_id: 8,delay: 0.6701853275299072
216.58.208.46-10.8.8.178-443-38264-6,packet_id: 1,delay: 0.6492033004760742
216.58.208.46-10.8.8.178-443-38264-6,packet_id: 2,delay: 0.6405258178710938
216.58.208.46-10.8.8.178-443-38264-6,packet_id: 3,delay: 0.61197829246521
216.58.208.46-10.8.8.178-443-38264-6,packet_id: 4,delay: 0.6405596733093262
216.58.208.46-10.8.8.178-443-38264-6,packet_id: 5,delay: 0.6189403533935547
216.58.208.46-10.8.8.178-443-38264-6,packet_id: 6,delay: 0.6478292942047119
216.58.208.46-10.8.8.178-443-38264-6,packet_id: 7,delay: 0.6177959442138672
216.58.208.46-10.8.8.178-443-38264-6,packet_id: 8,delay: 0.6285524368286133
216.58.208.46-10.8.8.178-443-38264-6,packet_id: 9,delay: 0.6320831775665283
216.58.208.46-10.8.8.178-443-38264-6,packet_id: 10,delay: 0.6257951259613037
216.58.208.46-10.8.8.178-443-38264-6,packet_id: 11,delay: 0.6418373584747314
216.58.208.46-10.8.8.178-443-38264-6,packet_id: 12,delay: 0.6167593002319336
216.58.208.46-10.8.8.178-443-38264-6,packet_id: 13,delay: 0.6288883686065674
216.58.208.46-10.8.8.178-443-38264-6,packet_id: 14,delay: 0.6055610179901123
131.202.240.150-199.212.24.173-53736-443-6,packet_id: 1,delay: 0.5644855499267578
131.202.240.150-199.212.24.173-54334-443-6,packet_id: 1,delay: 0.561115026473999
131.202.240.150-199.212.24.173-54334-443-6,packet_id: 2,delay: 0.5594234466552734
131.202.240.150-199.212.24.173-54334-443-6,packet_id: 3,delay: 0.6041595935821533
131.202.240.150-199.212.24.173-54334-443-6,packet_id: 4,delay: 0.5817546844482422
131.202.240.150-199.212.24.173-54334-443-6,packet_id: 5,delay: 0.5755667686462402
131.202.240.150-199.212.24.173-54334-443-6,packet_id: 6,delay: 0.6038212776184082
209.148.205.35-10.8.8.138-443-42010-6,packet_id: 1,delay: 0.8225815296173096
209.148.205.35-10.8.8.138-443-42010-6,packet_id: 2,delay: 0.8161523342132568
209.148.205.35-10.8.8.138-443-42010-6,packet_id: 3,delay: 0.7919654846191406
209.148.205.35-10.8.8.138-443-42010-6,packet_id: 4,delay: 0.8304755687713623
209.148.205.35-10.8.8.138-443-42010-6,packet_id: 5,delay: 0.8201632499694824
209.148.205.35-10.8.8.138-443-42010-6,packet_id: 6,delay: 0.8172106742858887
209.148.205.35-10.8.8.138-443-42010-6,packet_id: 7,delay: 0.840144157409668
209.148.205.35-10.8.8.138-443-42010-6,packet_id: 8,delay: 0.8155524730682373
209.148.205.35-10.8.8.138-443-42010-6,packet_id: 9,delay: 0.8401656150817871
209.148.205.35-10.8.8.138-443-42010-6,packet_id: 10,delay: 0.8352527618408203
131.202.240.150-199.212.24.173-54540-443-6,packet_id: 1,delay: 0.5798559188842773
131.202.240.150-199.212.24.173-54540-443-6,packet_id: 2,delay: 0.5637800693511963
131.202.240.150-199.212.24.173-54540-443-6,packet_id: 3,delay: 0.5572834014892578
131.202.240.150-199.212.24.173-54540-443-6,packet_id: 4,delay: 0.5761857032775879
131.202.240.150-199.212.24.173-54540-443-6,packet_id: 5,delay: 0.5840146541595459
131.202.240.150-199.212.24.173-54540-443-6,packet_id: 6,delay: 0.5943093299865723
131.202.240.150-199.212.24.173-54540-443-6,packet_id: 7,delay: 0.5818414688110352
131.202.240.150-199.212.24.173-54540-443-6,packet_id: 8,delay: 0.5582144260406494
131.202.240.150-199.212.24.173-54540-443-6,packet_id: 9,delay: 0.5764272212982178
173.194.78.16-10.0.2.15-993-52882-6,packet_id: 1,delay: 0.827843189239502
216.58.210.3-10.8.8.130-443-34918-6,packet_id: 1,delay: 0.8148322105407715
216.58.210.3-10.8.8.130-443-34920-6,packet_id: 1,delay: 0.7874546051025391
216.58.210.3-10.8.8.130-443-34920-6,packet_id: 2,delay: 0.8128776550292969
216.58.210.3-10.8.8.130-443-34927-6,packet_id: 1,delay: 0.8135015964508057
216.58.210.3-10.8.8.130-443-34927-6,packet_id: 2,delay: 0.8230369091033936
199.16.156.201-131.202.240.150-443-37303-6,packet_id: 1,delay: 0.3965766429901123
209.148.205.35-10.8.8.138-443-42190-6,packet_id: 1,delay: 0.8238651752471924
209.148.205.35-10.8.8.138-443-42190-6,packet_id: 2,delay: 0.8388559818267822
209.148.205.35-10.8.8.138-443-42190-6,packet_id: 3,delay: 0.8493802547454834
209.148.205.35-10.8.8.138-443-42190-6,packet_id: 4,delay: 0.81801438331604
209.148.205.35-10.8.8.138-443-42190-6,packet_id: 5,delay: 0.8319351673126221
209.148.205.35-10.8.8.138-443-42190-6,packet_id: 6,delay: 0.8203823566436768
209.148.205.35-10.8.8.138-443-42190-6,packet_id: 7,delay: 0.8150908946990967
209.148.205.35-10.8.8.138-443-42190-6,packet_id: 8,delay: 0.8402740955352783
209.148.205.35-10.8.8.138-443-42190-6,packet_id: 9,delay: 0.824652910232544
209.148.205.35-10.8.8.138-443-42190-6,packet_id: 10,delay: 0.8418660163879395
209.148.205.35-10.8.8.138-443-42190-6,packet_id: 11,delay: 0.8232741355895996
209.148.205.35-10.8.8.138-443-42190-6,packet_id: 12,delay: 0.827733039855957
209.148.205.35-10.8.8.138-443-42190-6,packet_id: 13,delay: 0.826291561126709
209.148.205.35-10.8.8.138-443-42190-6,packet_id: 14,delay: 0.8282029628753662
209.148.205.35-10.8.8.138-443-42190-6,packet_id: 15,delay: 0.8291161060333252
209.148.205.35-10.8.8.138-443-42190-6,packet_id: 16,delay: 0.8401591777801514
209.148.205.35-10.8.8.138-443-42190-6,packet_id: 17,delay: 0.8230371475219727
209.148.205.35-10.8.8.138-443-42190-6,packet_id: 18,delay: 0.8235378265380859
209.148.205.35-10.8.8.138-443-42190-6,packet_id: 19,delay: 0.8142321109771729
209.148.205.35-10.8.8.138-443-42190-6,packet_id: 20,delay: 0.8333606719970703
209.148.205.35-10.8.8.138-443-42190-6,packet_id: 21,delay: 0.8484482765197754
209.148.205.35-10.8.8.138-443-42190-6,packet_id: 22,delay: 0.8322076797485352
77.103.197.35-10.8.8.130-47872-52719-6,packet_id: 1,delay: 0.6583671569824219
131.202.240.150-199.212.24.173-54563-443-6,packet_id: 1,delay: 0.454787015914917
131.202.240.150-199.212.24.173-54563-443-6,packet_id: 2,delay: 0.42595529556274414
131.202.240.150-199.212.24.173-54563-443-6,packet_id: 3,delay: 0.451143741607666
131.202.240.150-199.212.24.173-54563-443-6,packet_id: 4,delay: 0.3993244171142578
131.202.240.150-199.212.24.173-54563-443-6,packet_id: 5,delay: 0.43267297744750977
131.202.240.150-199.212.24.173-54563-443-6,packet_id: 6,delay: 0.43316125869750977
131.202.240.150-199.212.24.173-54563-443-6,packet_id: 7,delay: 0.5559835433959961
131.202.240.150-199.212.24.173-54563-443-6,packet_id: 8,delay: 0.4388260841369629
216.58.210.35-10.8.8.178-443-59247-6,packet_id: 1,delay: 0.6415319442749023
216.58.210.35-10.8.8.178-443-59252-6,packet_id: 1,delay: 0.6097338199615479
209.148.205.33-131.202.240.150-80-41146-6,packet_id: 1,delay: 0.4264049530029297
216.58.219.238-131.202.240.150-443-48018-6,packet_id: 1,delay: 0.5818328857421875
131.202.240.150-199.212.24.174-43919-443-6,packet_id: 1,delay: 0.4884827136993408
131.202.240.150-199.212.24.174-43919-443-6,packet_id: 2,delay: 0.49170422554016113
131.202.240.150-199.212.24.174-43919-443-6,packet_id: 3,delay: 0.5010786056518555
131.202.240.150-199.212.24.174-43919-443-6,packet_id: 4,delay: 0.5033445358276367
131.202.240.150-199.212.24.175-58587-443-6,packet_id: 1,delay: 0.5895528793334961
131.202.240.150-199.212.24.175-58600-443-6,packet_id: 1,delay: 0.43110013008117676
131.202.240.150-199.212.24.175-58600-443-6,packet_id: 2,delay: 0.4211554527282715
131.202.240.150-199.212.24.175-58936-443-6,packet_id: 1,delay: 0.5797882080078125
131.202.240.150-199.212.24.175-58977-443-6,packet_id: 1,delay: 0.5829343795776367
131.202.240.150-209.148.205.16-44144-80-6,packet_id: 1,delay: 0.37848877906799316
131.202.240.150-209.148.205.35-56435-443-6,packet_id: 1,delay: 0.7130258083343506
131.202.240.150-209.148.205.35-56578-443-6,packet_id: 1,delay: 0.7206599712371826
131.202.240.150-209.148.205.35-56578-443-6,packet_id: 2,delay: 0.7198829650878906
131.202.240.150-209.148.205.35-56578-443-6,packet_id: 3,delay: 0.7178082466125488
131.202.240.150-209.148.205.35-56578-443-6,packet_id: 4,delay: 0.719024658203125
131.202.240.150-209.148.205.35-56578-443-6,packet_id: 5,delay: 0.7301368713378906
209.148.205.35-131.202.240.150-443-56578-6,packet_id: 1,delay: 0.8297631740570068
209.148.205.35-131.202.240.150-443-56578-6,packet_id: 2,delay: 0.8087608814239502
209.148.205.35-131.202.240.150-443-56578-6,packet_id: 3,delay: 0.7978453636169434
209.148.205.35-131.202.240.150-443-56578-6,packet_id: 4,delay: 0.8140065670013428
131.202.240.150-209.148.205.41-34177-443-6,packet_id: 1,delay: 0.5887789726257324
131.202.240.150-209.148.205.41-34177-443-6,packet_id: 2,delay: 0.5690348148345947
131.202.240.150-209.148.205.41-34177-443-6,packet_id: 3,delay: 0.5818774700164795
131.202.240.150-209.148.205.41-34177-443-6,packet_id: 4,delay: 0.598003625869751
131.202.240.150-209.148.205.41-34177-443-6,packet_id: 5,delay: 0.5897762775421143
131.202.240.150-209.148.205.41-34177-443-6,packet_id: 6,delay: 0.5907177925109863
131.202.240.150-209.148.205.41-34177-443-6,packet_id: 7,delay: 0.5638794898986816
38.124.168.119-131.202.240.87-80-65089-6,packet_id: 1,delay: 1.027306079864502
205.188.12.43-10.8.8.130-443-44917-6,packet_id: 1,delay: 0.732398271560669
205.188.12.43-10.8.8.130-443-44917-6,packet_id: 2,delay: 0.7501859664916992
205.188.12.43-10.8.8.130-443-44917-6,packet_id: 3,delay: 0.7384598255157471
205.188.12.43-131.202.240.242-443-31783-6,packet_id: 1,delay: 0.7575521469116211
131.202.240.150-209.148.205.41-34203-443-6,packet_id: 1,delay: 0.5997226238250732
131.202.240.150-209.148.205.41-34203-443-6,packet_id: 2,delay: 0.5849804878234863
131.202.240.150-209.148.205.41-34203-443-6,packet_id: 3,delay: 0.601578950881958
131.202.240.150-209.148.205.41-34203-443-6,packet_id: 4,delay: 0.5849568843841553
131.202.240.150-209.148.205.41-34203-443-6,packet_id: 5,delay: 0.5863971710205078
131.202.240.150-209.148.205.41-34203-443-6,packet_id: 6,delay: 0.5768952369689941
131.202.240.150-209.148.205.41-34203-443-6,packet_id: 7,delay: 0.5863230228424072
131.202.240.150-209.148.205.41-34203-443-6,packet_id: 8,delay: 0.5754799842834473
131.202.240.150-209.148.205.41-34203-443-6,packet_id: 9,delay: 0.5678143501281738
131.202.240.150-209.148.205.41-34203-443-6,packet_id: 10,delay: 0.5572419166564941
131.202.240.150-209.148.205.41-34203-443-6,packet_id: 11,delay: 0.5852546691894531
131.202.240.150-209.148.205.41-34203-443-6,packet_id: 12,delay: 0.5875601768493652
131.202.240.150-209.148.205.41-34203-443-6,packet_id: 13,delay: 0.5688037872314453
131.202.240.150-209.148.205.41-34203-443-6,packet_id: 14,delay: 0.6034908294677734
131.202.240.150-209.148.205.41-34203-443-6,packet_id: 15,delay: 0.574805498123169
131.202.240.150-209.148.205.41-34203-443-6,packet_id: 16,delay: 0.605471134185791
199.212.24.172-131.202.240.150-443-56874-6,packet_id: 1,delay: 0.4314138889312744
199.212.24.172-131.202.240.150-443-56874-6,packet_id: 2,delay: 0.4281764030456543
199.212.24.172-131.202.240.150-443-56874-6,packet_id: 3,delay: 0.4276909828186035
199.212.24.172-131.202.240.150-443-56874-6,packet_id: 4,delay: 0.3975565433502197
199.212.24.172-131.202.240.150-443-56874-6,packet_id: 5,delay: 0.41985297203063965
199.212.24.172-131.202.240.150-443-56874-6,packet_id: 6,delay: 0.41150832176208496
199.212.24.172-131.202.240.150-443-56874-6,packet_id: 7,delay: 0.4048914909362793
199.212.24.172-131.202.240.150-443-56874-6,packet_id: 8,delay: 0.40329599380493164
24.36.174.173-10.0.2.15-47044-55027-6,packet_id: 1,delay: 0.9180045127868652
216.58.210.14-10.8.8.130-443-45184-6,packet_id: 1,delay: 0.4846985340118408
216.58.210.14-10.8.8.130-443-45184-6,packet_id: 2,delay: 0.4843943119049072
216.58.210.14-10.8.8.130-443-45184-6,packet_id: 3,delay: 0.5068697929382324
216.58.210.14-10.8.8.130-443-45184-6,packet_id: 4,delay: 0.48521947860717773
216.58.210.14-10.8.8.130-443-45184-6,packet_id: 5,delay: 0.49517011642456055
216.58.210.14-10.8.8.130-443-45184-6,packet_id: 6,delay: 0.5187592506408691
216.58.210.14-10.8.8.130-443-45184-6,packet_id: 7,delay: 0.5100669860839844
216.58.210.14-10.8.8.130-443-45184-6,packet_id: 8,delay: 0.5017111301422119
216.58.210.14-10.8.8.130-443-45184-6,packet_id: 9,delay: 0.5162167549133301
216.58.210.14-10.8.8.130-443-45184-6,packet_id: 10,delay: 0.498762845993042
216.58.210.14-10.8.8.130-443-45184-6,packet_id: 11,delay: 0.5274245738983154
216.58.210.14-10.8.8.130-443-45184-6,packet_id: 12,delay: 0.5266308784484863
216.58.210.14-10.8.8.130-443-45184-6,packet_id: 13,delay: 0.5055768489837646
216.58.210.14-10.8.8.130-443-45184-6,packet_id: 14,delay: 0.5328953266143799
216.58.210.14-10.8.8.130-443-45184-6,packet_id: 15,delay: 0.511448860168457
216.58.210.14-10.8.8.130-443-45184-6,packet_id: 16,delay: 0.5233004093170166
216.58.210.14-10.8.8.130-443-45184-6,packet_id: 17,delay: 0.4886291027069092
216.58.210.14-10.8.8.130-443-45184-6,packet_id: 18,delay: 0.4904792308807373
216.58.210.14-10.8.8.130-443-45184-6,packet_id: 19,delay: 0.5115783214569092
216.58.210.14-10.8.8.130-443-45184-6,packet_id: 20,delay: 0.49437570571899414
209.148.205.41-10.8.8.138-80-57838-6,packet_id: 1,delay: 0.4229087829589844
209.148.205.41-10.8.8.138-443-60124-6,packet_id: 1,delay: 0.42416858673095703
209.148.205.41-10.8.8.138-443-60124-6,packet_id: 2,delay: 0.42584800720214844
209.148.205.41-10.8.8.138-443-60124-6,packet_id: 3,delay: 0.44281983375549316
209.148.205.41-10.8.8.138-443-60124-6,packet_id: 4,delay: 0.46014928817749023
209.148.205.41-10.8.8.138-443-60124-6,packet_id: 5,delay: 0.44315361976623535
209.148.205.41-10.8.8.138-443-60124-6,packet_id: 6,delay: 0.4514470100402832
209.148.205.41-10.8.8.138-443-60124-6,packet_id: 7,delay: 0.41695499420166016
209.148.205.41-10.8.8.138-443-60124-6,packet_id: 8,delay: 0.44643068313598633
209.148.205.41-10.8.8.138-443-60124-6,packet_id: 9,delay: 0.45272064208984375
209.148.205.41-10.8.8.138-443-60124-6,packet_id: 10,delay: 0.4472060203552246
2.30.116.54-10.8.8.130-58139-48835-6,packet_id: 1,delay: 0.33733105659484863
2.30.116.54-10.8.8.130-58139-48835-6,packet_id: 2,delay: 0.3595123291015625
2.30.116.54-10.8.8.130-58139-48835-6,packet_id: 3,delay: 0.3509397506713867
2.30.116.54-10.8.8.130-58139-48835-6,packet_id: 4,delay: 0.35498881340026855
2.30.116.54-10.8.8.130-58139-48835-6,packet_id: 5,delay: 0.3532989025115967
131.202.240.150-209.148.205.41-43673-80-6,packet_id: 1,delay: 0.4288792610168457
2.30.116.54-10.8.8.178-58139-43020-6,packet_id: 1,delay: 0.5649302005767822
2.30.116.54-10.8.8.178-58139-43020-6,packet_id: 2,delay: 0.5762667655944824
2.30.116.54-10.8.8.178-58139-43020-6,packet_id: 3,delay: 0.5837821960449219
2.30.116.54-10.8.8.178-58139-43020-6,packet_id: 4,delay: 0.5534718036651611
2.30.116.54-10.8.8.178-58139-43020-6,packet_id: 5,delay: 0.5848078727722168
2.30.116.54-10.8.8.178-58139-43020-6,packet_id: 6,delay: 0.5617289543151855
209.148.205.41-131.202.240.150-443-34177-6,packet_id: 1,delay: 0.44739246368408203
209.148.205.41-131.202.240.150-443-34177-6,packet_id: 2,delay: 0.4327070713043213
209.148.205.41-131.202.240.150-443-34203-6,packet_id: 1,delay: 0.4436342716217041
208.118.125.54-131.202.240.87-49266-42322-6,packet_id: 1,delay: 0.8108344078063965
23.235.40.143-131.202.240.150-443-54394-6,packet_id: 1,delay: 0.388197660446167
23.235.40.143-131.202.240.150-443-54394-6,packet_id: 2,delay: 0.3884098529815674
23.235.40.143-131.202.240.150-443-54394-6,packet_id: 3,delay: 0.38237452507019043
199.212.24.174-131.202.240.150-443-43919-6,packet_id: 1,delay: 0.4286983013153076
204.83.155.169-10.0.2.15-32620-54963-6,packet_id: 1,delay: 0.43489646911621094
204.83.155.169-10.0.2.15-32620-55727-6,packet_id: 1,delay: 0.42968130111694336
24.156.130.203-10.8.8.138-80-55782-6,packet_id: 1,delay: 0.586554765701294
24.156.130.203-10.8.8.138-80-55782-6,packet_id: 2,delay: 0.5960934162139893
24.156.130.203-10.8.8.138-80-55782-6,packet_id: 3,delay: 0.5875580310821533
24.156.130.203-10.8.8.138-80-55782-6,packet_id: 4,delay: 0.5780093669891357
24.156.130.203-10.8.8.138-80-55782-6,packet_id: 5,delay: 0.5880155563354492
24.156.130.203-10.8.8.138-80-55782-6,packet_id: 6,delay: 0.5699121952056885
24.156.130.203-10.8.8.138-80-55782-6,packet_id: 7,delay: 0.5681803226470947
24.156.130.203-10.8.8.138-80-55782-6,packet_id: 8,delay: 0.5786840915679932
24.156.130.203-10.8.8.138-80-55782-6,packet_id: 9,delay: 0.5629568099975586
24.156.130.203-10.8.8.138-80-55782-6,packet_id: 10,delay: 0.5643229484558105
216.58.208.35-10.8.8.178-443-52158-6,packet_id: 1,delay: 0.7744631767272949
216.58.208.35-10.8.8.178-443-52158-6,packet_id: 2,delay: 0.7823805809020996
64.4.23.162-10.0.2.15-40019-46839-6,packet_id: 1,delay: 1.0581996440887451
91.190.216.125-10.8.8.130-12350-38182-6,packet_id: 1,delay: 0.7983005046844482
63.245.216.134-10.8.8.178-443-49841-6,packet_id: 1,delay: 0.6922786235809326
205.188.12.91-10.8.8.178-443-48911-6,packet_id: 1,delay: 0.738436222076416
205.188.12.91-131.202.240.87-443-42522-6,packet_id: 1,delay: 0.6144754886627197
216.58.210.46-10.8.8.178-443-39796-6,packet_id: 1,delay: 0.7700247764587402
216.58.210.46-10.8.8.178-443-39796-6,packet_id: 2,delay: 0.765984058380127
216.58.210.46-10.8.8.178-443-39796-6,packet_id: 3,delay: 0.777644157409668
64.233.183.16-10.0.2.15-993-43558-6,packet_id: 1,delay: 0.7798702716827393
64.233.183.16-10.0.2.15-993-43558-6,packet_id: 2,delay: 0.8026690483093262
64.233.183.16-10.0.2.15-993-43558-6,packet_id: 3,delay: 0.7745604515075684
64.233.183.16-10.0.2.15-995-51739-6,packet_id: 1,delay: 0.7786519527435303
74.125.202.16-131.202.240.87-993-10798-6,packet_id: 1,delay: 1.0247950553894043
68.67.153.146-131.202.240.87-443-11327-6,packet_id: 1,delay: 0.8040475845336914
68.67.153.211-131.202.240.242-443-5932-6,packet_id: 1,delay: 0.49042844772338867
216.58.219.206-131.202.240.150-443-59290-6,packet_id: 1,delay: 0.41252732276916504
216.58.219.206-131.202.240.150-443-59539-6,packet_id: 1,delay: 0.3920400142669678
216.58.219.206-131.202.240.150-443-59539-6,packet_id: 2,delay: 0.40396952629089355
216.58.219.230-131.202.240.150-443-35187-6,packet_id: 1,delay: 0.44258713722229004
74.125.69.16-131.202.240.87-993-10714-6,packet_id: 1,delay: 0.7909011840820312
74.125.69.16-131.202.240.87-993-10714-6,packet_id: 2,delay: 0.7475330829620361
74.125.69.16-131.202.240.87-993-10714-6,packet_id: 3,delay: 0.79779052734375
74.125.69.16-131.202.240.87-993-10714-6,packet_id: 4,delay: 0.7917072772979736
74.125.69.16-131.202.240.87-993-10714-6,packet_id: 5,delay: 0.6404407024383545
74.125.69.16-131.202.240.87-993-10714-6,packet_id: 6,delay: 0.8127214908599854
74.125.69.16-131.202.240.87-993-10714-6,packet_id: 7,delay: 0.7997372150421143
216.58.219.230-131.202.240.242-443-5999-6,packet_id: 1,delay: 0.5649597644805908
64.233.184.16-10.8.8.110-465-37409-6,packet_id: 1,delay: 0.37790751457214355
64.233.184.16-10.8.8.110-465-37417-6,packet_id: 1,delay: 0.38869714736938477
64.233.184.16-10.8.8.110-465-37425-6,packet_id: 1,delay: 0.3818197250366211
64.233.184.16-10.8.8.110-465-37440-6,packet_id: 1,delay: 0.36409759521484375
64.233.184.16-10.8.8.234-993-56880-6,packet_id: 1,delay: 0.3418467044830322
64.233.184.16-10.8.8.234-993-56887-6,packet_id: 1,delay: 0.3722696304321289
64.233.184.16-10.8.8.234-993-56887-6,packet_id: 2,delay: 0.3492443561553955
74.125.69.16-131.202.240.87-993-10715-6,packet_id: 1,delay: 0.655698299407959
74.125.69.16-131.202.240.87-993-10715-6,packet_id: 2,delay: 0.6657042503356934
74.125.69.16-131.202.240.87-993-10715-6,packet_id: 3,delay: 0.7969849109649658
74.125.69.16-131.202.240.87-993-10743-6,packet_id: 1,delay: 0.7875773906707764
74.125.71.16-10.0.2.15-465-51254-6,packet_id: 1,delay: 0.8319413661956787
74.125.71.16-10.8.8.234-993-56529-6,packet_id: 1,delay: 0.7310950756072998
74.125.71.16-10.8.8.234-993-56529-6,packet_id: 2,delay: 0.727280855178833
74.125.71.16-10.8.8.234-993-56529-6,packet_id: 3,delay: 0.7316098213195801
68.67.153.2-131.202.240.242-443-5900-6,packet_id: 1,delay: 0.5328116416931152
23.192.162.186-10.8.8.178-443-46884-6,packet_id: 1,delay: 0.7993547916412354
66.220.156.2-10.8.8.130-443-42513-6,packet_id: 1,delay: 0.35904669761657715
66.220.156.2-10.8.8.130-443-42513-6,packet_id: 2,delay: 0.33788228034973145
66.220.156.2-10.8.8.130-443-42513-6,packet_id: 3,delay: 0.3354933261871338
66.220.156.2-10.8.8.130-443-42513-6,packet_id: 4,delay: 0.3537583351135254
66.220.156.2-10.8.8.130-443-42513-6,packet_id: 5,delay: 0.3439607620239258
66.220.156.2-10.8.8.130-443-42513-6,packet_id: 6,delay: 0.34557032585144043
66.220.156.2-10.8.8.130-443-42513-6,packet_id: 7,delay: 0.34215688705444336
66.220.156.2-10.8.8.130-443-42513-6,packet_id: 8,delay: 0.323667049407959
66.220.156.2-10.8.8.130-443-42513-6,packet_id: 9,delay: 0.3432281017303467
69.172.216.55-131.202.240.242-443-5957-6,packet_id: 1,delay: 0.4949154853820801
74.125.70.16-131.202.240.242-995-5479-6,packet_id: 1,delay: 0.3511013984680176
64.233.167.16-10.0.2.15-993-58426-6,packet_id: 1,delay: 0.6454503536224365
64.233.167.16-10.0.2.15-993-58426-6,packet_id: 2,delay: 0.674687385559082
70.80.25.101-10.0.2.15-64982-38947-6,packet_id: 1,delay: 0.5573422908782959
74.125.133.16-10.8.8.234-993-51039-6,packet_id: 1,delay: 0.5383102893829346
74.125.133.16-10.8.8.234-993-51040-6,packet_id: 1,delay: 0.5581729412078857
86.4.212.228-10.8.8.130-59222-59320-6,packet_id: 1,delay: 0.34406065940856934
86.4.212.228-10.8.8.130-59222-59320-6,packet_id: 2,delay: 0.34294867515563965
74.125.133.16-10.8.8.234-993-51055-6,packet_id: 1,delay: 0.5545668601989746
74.125.133.16-10.8.8.234-993-51055-6,packet_id: 2,delay: 0.556847095489502
74.125.133.16-10.8.8.234-993-51055-6,packet_id: 3,delay: 0.5614876747131348
74.125.133.16-10.8.8.234-993-51055-6,packet_id: 4,delay: 0.5757043361663818
74.125.133.16-10.8.8.234-993-51055-6,packet_id: 5,delay: 0.567725658416748
74.125.133.16-10.8.8.234-993-51055-6,packet_id: 6,delay: 0.54302978515625
74.125.133.16-10.8.8.234-993-51055-6,packet_id: 7,delay: 0.5725328922271729
74.125.133.16-10.8.8.234-993-51055-6,packet_id: 8,delay: 0.5744063854217529
74.125.133.16-10.8.8.234-993-51055-6,packet_id: 9,delay: 0.5774304866790771
74.125.133.16-10.8.8.234-993-51055-6,packet_id: 10,delay: 0.5590188503265381
74.125.133.16-10.8.8.234-993-51055-6,packet_id: 11,delay: 0.5541815757751465
74.125.133.16-10.8.8.234-993-51055-6,packet_id: 12,delay: 0.53424072265625
74.125.133.16-10.8.8.234-993-51055-6,packet_id: 13,delay: 0.5543422698974609
74.125.133.16-10.8.8.234-993-51055-6,packet_id: 14,delay: 0.5487411022186279
86.4.212.228-10.8.8.178-59222-52449-6,packet_id: 1,delay: 0.5653326511383057
86.4.212.228-10.8.8.178-59222-52449-6,packet_id: 2,delay: 0.5574536323547363
86.4.212.228-10.8.8.178-59222-52449-6,packet_id: 3,delay: 0.556328296661377
86.4.212.228-10.8.8.178-59222-52449-6,packet_id: 4,delay: 0.5603821277618408
86.4.212.228-10.8.8.178-59222-52449-6,packet_id: 5,delay: 0.5525956153869629
86.4.212.228-10.8.8.178-59222-52449-6,packet_id: 6,delay: 0.5841414928436279
86.4.212.228-10.8.8.178-59222-52449-6,packet_id: 7,delay: 0.5850071907043457
74.125.133.16-10.8.8.234-993-51056-6,packet_id: 1,delay: 0.5586967468261719
74.125.133.16-10.8.8.234-993-51056-6,packet_id: 2,delay: 0.5890765190124512
74.125.133.16-10.8.8.234-993-51056-6,packet_id: 3,delay: 0.5683310031890869
74.125.133.16-10.8.8.234-993-51056-6,packet_id: 4,delay: 0.5738706588745117
74.125.133.16-10.8.8.234-993-51056-6,packet_id: 5,delay: 0.5828523635864258
74.125.133.16-10.8.8.234-993-51056-6,packet_id: 6,delay: 0.5721137523651123
74.125.133.16-10.8.8.234-993-51056-6,packet_id: 7,delay: 0.5936517715454102
74.125.133.16-10.8.8.234-993-51056-6,packet_id: 8,delay: 0.5616810321807861
74.125.133.16-10.8.8.234-993-51056-6,packet_id: 9,delay: 0.5553388595581055
74.125.133.16-10.8.8.234-993-51056-6,packet_id: 10,delay: 0.5630757808685303
74.125.133.16-10.8.8.234-993-51056-6,packet_id: 11,delay: 0.5546958446502686
74.125.207.16-10.0.2.15-465-42849-6,packet_id: 1,delay: 0.5836200714111328
74.125.207.16-10.0.2.15-465-42904-6,packet_id: 1,delay: 0.57462477684021
74.125.207.16-10.0.2.15-465-42911-6,packet_id: 1,delay: 0.568242073059082
74.125.207.16-10.0.2.15-465-42921-6,packet_id: 1,delay: 0.5646884441375732
74.125.207.16-10.0.2.15-465-48940-6,packet_id: 1,delay: 0.5662744045257568
74.125.207.16-10.0.2.15-465-48942-6,packet_id: 1,delay: 0.5597219467163086
74.125.207.16-10.0.2.15-465-48980-6,packet_id: 1,delay: 0.5722255706787109
74.125.207.16-10.0.2.15-465-48995-6,packet_id: 1,delay: 0.5822227001190186
74.125.207.16-10.0.2.15-465-49016-6,packet_id: 1,delay: 0.5855717658996582
74.125.207.16-10.0.2.15-995-51319-6,packet_id: 1,delay: 0.5760369300842285
74.125.207.16-10.0.2.15-995-51323-6,packet_id: 1,delay: 0.5739455223083496
Average Packet Delay,0.6068237500190735
