layer,m,file,col1,col2,col3,col4,col5,col6,col7,col8,col9
0,0,weight_layer0_0.txt,1110100001000010,00011101,0001110110100101,1011001001010100,0000101001101001,0001011011010011,0011111010000010,0000101100101001,11000100
0,1,weight_layer0_1.txt,1110010111100111,11011010,0111001110010000,1111000010100101,0010010010100011,0100000101001010,0010011010111011,1001010010111110,11101110
0,2,weight_layer0_2.txt,1101101001011110,11100011,1110000000110001,1001110111011010,1001000010111100,1001001000001011,1110110101010101,1111010101110110,11000101
0,3,weight_layer0_3.txt,0100000001000110,00001100,1011010111110110,0011100011010011,1010010000100000,0011100111111000,1101010101111011,0000000000101111,11000010
0,4,weight_layer0_4.txt,1011101000011000,01001011,1000011011110001,1000111110101100,0100001111000101,1111011000011101,1010110100100001,1011111001000110,11101000
0,5,weight_layer0_5.txt,1000111111111011,10111010,1111010000011100,0010011110101110,1110011100001001,0101011011101101,0100110001001010,1110111010010101,11110001
0,6,weight_layer0_6.txt,1101101010000111,00010011,0011100011110100,0000110110011010,0111001101101111,1100010110110110,0010101100011100,0101010010000111,11110100
0,7,weight_layer0_7.txt,1010110000001101,01011001,0100011011000000,1000111000110101,0010000101000111,1111010001110011,0001011010000111,0001100010110001,11000100
0,8,weight_layer0_8.txt,0011011111000111,01000110,1001100000101111,0100000110110000,1001111110111001,1100000110000110,1101001011001100,1100111000101000,11011111
0,9,weight_layer0_9.txt,1100111110110001,01011011,1111011011000001,1000110101100110,0111011100100100,0100100111000011,0101110110011101,0000100001101101,11011101
0,10,weight_layer0_10.txt,0010111101100011,11100101,1011001000110010,0011110011110010,0100010000010100,0110100100001010,0101001000111111,1100011111001001,11010100
0,11,weight_layer0_11.txt,0100000100110011,10010110,1001100101100011,1000000010100001,1011100000001110,1101110111100101,1001001110001101,1001101010110110,11101110
0,12,weight_layer0_12.txt,0010001000110101,00101000,0000011011100010,1010001110001100,0001000011000100,1111011111100000,0111000110111011,1000001110110011,11011110
0,13,weight_layer0_13.txt,0101111110010010,11100111,1111111110010100,1000100111110101,1001000011010000,0010001100001101,1011100010100111,0010011001001001,11100110
0,14,weight_layer0_14.txt,0111111011111101,01100000,0110000100111001,1010000110100000,1110100111000101,1100010010001001,1110001000010100,1001011011100110,11001101
0,15,weight_layer0_15.txt,0111100000000101,10001110,1101010010110011,1110001100010111,1000011010111110,1110100011100000,1011000100001111,1100111010010100,11101000
0,16,weight_layer0_16.txt,1111001000111111,11110110,1110011011010110,0101111101011111,0000100011001100,1000001100001100,1001001110110000,1011110010100001,11111110
0,17,weight_layer0_17.txt,1100111001110110,00001110,1111000001000000,1011001100010100,0001011010011010,0100000010111011,0101011100110110,0010000101101111,11110100
0,18,weight_layer0_18.txt,1000011011111010,01111100,0011010001000010,1011101001011010,0010100110001101,0001000010110001,0111010000110101,0001110111101011,11111101
0,19,weight_layer0_19.txt,1001101010001000,11100111,1100111000100111,0110000000010011,0010010011100101,1011100100010001,1101010011010001,1010101101000111,11100001
0,20,weight_layer0_20.txt,1100100001111111,11000001,1101111010000010,1111101000010111,1011001110001001,1111101001100100,1101100001001110,1101001001000101,11010010
0,21,weight_layer0_21.txt,1111010101010110,11011010,0110001000011111,0110101111001011,1000011011101011,1101110000110010,0010100101110111,0010110010101010,11000010
0,22,weight_layer0_22.txt,0001111010000010,10100011,0011010111100111,0101001010101011,1001100101010110,1111010011010011,1010001000010110,1011000101011111,11100111
0,23,weight_layer0_23.txt,1000000101101110,01101000,1011010100001111,0100010100001010,0101101001110010,1011011101010100,0100101111111011,0010100010000101,11011101
0,24,weight_layer0_24.txt,1001010001110001,10111011,1101001001010100,0101011001101100,1001101010101001,1010100010111010,0101000000110000,1111100011000001,11001010
0,25,weight_layer0_25.txt,0101110011111110,11011001,1100101011010011,0001101111000110,0011101101010111,0110011100011101,1110110010100011,0000110111011001,11101110
0,26,weight_layer0_26.txt,1100100010100100,11110111,0110101101010111,1101010100000111,0000010000001101,1110000011110101,1000100111111000,1001000000010111,11100100
0,27,weight_layer0_27.txt,0000001100111100,01110001,1001100111100110,1011111110110011,0010110110010000,1010110101101000,0110100010110100,1000100110011110,11101101
0,28,weight_layer0_28.txt,1010010100001001,10011110,1010000011010011,1011011100011100,1000011111000100,0110000100001111,1111010111111111,0010001011101001,11100101
0,29,weight_layer0_29.txt,0101100101100001,00100000,1111101000011110,0100011010001101,1111010111110111,1011100111000011,0101010010001111,0000111001101110,11110101
0,30,weight_layer0_30.txt,0010100111101010,01101101,1101111111110010,0100000111010001,0101101100010110,1010100000010000,0010111111110110,1110010101000111,11100000
0,31,weight_layer0_31.txt,1010101111010000,10010011,1000001000011011,0101110011100110,1011010111011000,0001111100101110,0000010001011001,0000111000111010,11010110
0,32,weight_layer0_32.txt,1100101000000000,10111101,0101011110110100,1010110001011110,1101011000101001,1111011100101101,0100110000110000,1100101101000011,11100100
0,33,weight_layer0_33.txt,1000011000011011,11100110,0001110010101111,1101011110010010,1000001001111011,1001100000010100,0110011110011000,0000110011110100,11001000
0,34,weight_layer0_34.txt,0110111011101100,01111111,1010100100110001,0000111011010001,0010000100100110,1001011000110111,1001101000001011,1101111110010100,11101111
0,35,weight_layer0_35.txt,1110101110111111,01101100,0010001010000101,1111101101100100,0100011100010000,1110100110001001,1101100101100101,0100010000001010,11110001
0,36,weight_layer0_36.txt,1101100001001010,00010100,1001011010000110,0100010000111100,0100001100111001,1011110100001011,1010111110001101,1110101010101011,11101100
0,37,weight_layer0_37.txt,0010110010010010,11111010,0011011110101101,1000101101110101,0011000100110000,1111011101100111,1010001000101101,0010111101101100,11100110
0,38,weight_layer0_38.txt,0101001110110101,00101110,1000001110001010,1111100101110110,0110001001111011,0100101101010000,1100100100010100,0100001101011000,11000100
0,39,weight_layer0_39.txt,0000000011110000,11000110,1100111101010011,1110110111110110,0011101101011010,1010101000010000,1100000010010100,1111100101110011,11000101
0,40,weight_layer0_40.txt,1100101100000111,10001101,0001100010110011,1101101011001001,1001011000000010,1001010011111100,1101011111101001,1001100001001110,11001101
0,41,weight_layer0_41.txt,1000100110100001,10111000,1011110010101000,1000100101001011,0111111101001000,1100100000101110,1100100101111111,0101010010010011,11010011
0,42,weight_layer0_42.txt,1111001110101101,11001010,1100111100000001,0011111011111011,0001000111100001,0110101001011010,0101001100010010,1101000001101111,11110111
0,43,weight_layer0_43.txt,1011010000100110,00111010,0000101011000111,1111110011100101,0100101101001011,1110110001000000,1011000100110010,1000100111110110,11110001
0,44,weight_layer0_44.txt,1000101101100011,00111101,1101100011001101,1110101100011101,0100000111010110,0110101100110101,1110100100010010,0010000000110111,11100011
0,45,weight_layer0_45.txt,1111101011110000,11011011,1010100000001010,1110101100101010,0100000111011100,1000111110110100,1110111110011101,1000111001101100,11100011
0,46,weight_layer0_46.txt,1011001100101000,00100101,0110000100111010,0001001011111010,0010000011001101,1010111000000011,1100011010011101,1010000101011101,11010000
0,47,weight_layer0_47.txt,0110100100000100,01010101,0111110110101010,1110010101010001,0111101000010010,0010100001101000,1000000010100011,0110000101101111,11101100
0,48,weight_layer0_48.txt,1110110010101100,00011000,1010010110110000,1010000000111011,1010000010010100,0000101000000001,0101000011001101,1001101001001010,11110100
0,49,weight_layer0_49.txt,0010001000100011,01000010,0001011000101100,1111100100011010,1110110010101110,0110110001100111,1101000000101010,0101100101011100,11101011
0,50,weight_layer0_50.txt,1000110111101100,01101010,0110001110110110,1111011111001000,0111001011101001,1000101000101011,1100010110011110,0111100111011011,11001101
0,51,weight_layer0_51.txt,0111011101000011,00110111,0011101110000100,0101111110010110,0101000001011011,0110101101111001,1100011110101100,1011001001111011,11010011
0,52,weight_layer0_52.txt,1011001001110010,10000010,0001111101010110,1110000010111100,0110110111101001,0010010111000101,0100110000001011,1100110111000101,11001110
0,53,weight_layer0_53.txt,1000000000100000,11010000,1010000101011010,0101001010110101,0011010100100101,0100101110010011,0011100010101110,0000001011010111,11001101
0,54,weight_layer0_54.txt,1100010011000101,00001101,0101111100100011,1010101001110011,0100010000011001,0000010111001100,0100100000010101,0011100100010011,11101111
0,55,weight_layer0_55.txt,0110111111000100,01011011,0001100110000010,0000010000101010,0100111001111010,0110000011100001,1101100100100100,1011100110011110,11001011
0,56,weight_layer0_56.txt,0111011001010111,11100100,0100110110011011,1000101110101010,0011011100100010,1011011101000110,1000010110010011,1100111111111101,11110100
0,57,weight_layer0_57.txt,0111100001111111,00111100,1000010111100010,0000001010110010,1001101000000111,1100001101001110,1110000010011000,0010010010111000,11101011
0,58,weight_layer0_58.txt,1000010111001100,11011100,1000001101101011,0110101111000101,1000010001011001,0100111100001010,1111010110010010,1000101000101111,11100110
0,59,weight_layer0_59.txt,0101001111100101,01011101,0001010001110111,0100010000111011,0111110010011000,0010011011110010,1110010000110011,1000000001111111,11011101
0,60,weight_layer0_60.txt,1101011110100101,01010101,0011011111010101,0111011100001100,1010110010001101,0101101010111011,1110111010110011,1100110101000001,11110111
0,61,weight_layer0_61.txt,1000011100111000,11101000,0100110111110101,1100110001001110,1001000110010000,1010000000111111,1110011011100010,0100100101110101,11011111
0,62,weight_layer0_62.txt,1110011000110111,01001110,1000100010100111,1101001111110001,0010011111100001,0111011101100100,1011001001000111,0111101001110101,11101000
0,63,weight_layer0_63.txt,1111001011101010,10001101,0010101101001000,0011011010100000,0101000101101111,0111110010111010,1001000011100101,1010001000101011,11100101
0,64,weight_layer0_64.txt,1000001001100111,01011110,1110111011011101,1111110100100000,1000100100001011,1110111011110010,0101111000100001,0110100110001011,11000000
0,65,weight_layer0_65.txt,0001010001110111,11110001,0100010111001100,1001001010010110,0001101000010101,1010100101110010,1011111110010001,0101100110111011,11110111
0,66,weight_layer0_66.txt,1111000010110010,11010111,0000110010111100,1110100101001010,0000111000001001,0111110011011111,0010010011001010,0110101010110110,11110100
0,67,weight_layer0_67.txt,0000111101011110,00110001,1100000101001000,1001101000101110,1000101000011001,0010110110111011,0011000101010111,1000011000000010,11111000
0,68,weight_layer0_68.txt,0011001000011101,01011100,0000011100100101,0111110011011011,1101111010011101,1100010000101001,0000011111111011,0011100101111001,11110101
0,69,weight_layer0_69.txt,0010100000110100,01100011,0001110001111000,1011110000100101,1001000011001000,1000101011101111,0101010011001001,0011111001100101,11110111
0,70,weight_layer0_70.txt,1111110000100000,01010011,0000110100111100,0000101010001111,0000011101100011,1100110000111100,0010001010001100,1011000011110001,11110000
0,71,weight_layer0_71.txt,0010100000111001,11011101,0111010000100000,1101100110001011,0110110101111010,0010001101000011,1010101011001101,1111110000101000,11110000
0,72,weight_layer0_72.txt,1011011011110001,01101011,0110001000001110,1110011010011110,1111010111110101,0111101000100101,0001001110111000,0111010110101011,11101011
0,73,weight_layer0_73.txt,0010010011111000,00011010,1001110000111111,0000111101011100,1011110010010001,0001110001111000,1101000111010110,0110001001100111,11111010
0,74,weight_layer0_74.txt,1000010010110010,01001100,1001001010110001,1110010011100111,1001110010101010,0111011001010010,1100000101100101,1101010011011101,11111000
0,75,weight_layer0_75.txt,0110101100110011,00111011,0101001101011011,1011111011000000,0000001000010000,0110001111100100,1100111000000100,0000001001011001,11011011
0,76,weight_layer0_76.txt,1010000101010111,11111111,0111110001100110,0111100000110110,0011111100101011,1001100010111111,1010010110111110,0001110011011000,11010110
0,77,weight_layer0_77.txt,1111010100110010,01000000,0001111010011100,0001100010010011,0101100101111101,1000110110111011,0011110110111000,0100101001111000,11101000
0,78,weight_layer0_78.txt,0011110000000111,10010110,0111011110111010,1111010001110010,1010010100001000,1101111010001101,0100101000100111,0110001001011010,11001100
0,79,weight_layer0_79.txt,0001100011011001,01111110,0101111000110100,0100010111100111,1010111010111111,1110011100000001,1001000001000110,1010010101001111,11110011
0,80,weight_layer0_80.txt,1110100100100111,01111000,1001011110001010,0111100111111101,0001100010100001,0101010100011010,1001000101011011,0100111001011111,11111000
0,81,weight_layer0_81.txt,0111001000001001,00011110,1011011111110000,0110011010101101,1100100111000111,1101000111010100,1011010001000011,0101101000101000,11010011
0,82,weight_layer0_82.txt,0010011110000000,00101000,1100110110100111,0100000101100001,0110101100001011,0101100110001110,1011100000000101,1100110111010011,11111001
0,83,weight_layer0_83.txt,1011110100100101,00110111,1001110110001000,1110100101001011,1000101000011111,1101101010101010,0011010000111111,0011111110101110,11111010
0,84,weight_layer0_84.txt,1111101010100001,11001000,1000010001110000,1111001000100100,1001001000101101,1111100010101110,1001010100001110,0011111001111111,11100110
0,85,weight_layer0_85.txt,0111101110000100,11011111,1110001100111100,1001100010011011,1010011100101101,0111101011111101,1000110011111110,0110000111111101,11100011
0,86,weight_layer0_86.txt,1011011110111100,01011010,0010101001011011,1101100101011100,1010111011111110,0001100111011100,1100100101110111,0010101010100001,11000001
0,87,weight_layer0_87.txt,0111101001110000,11110000,0110111000101000,0000101010110011,1000110100110111,1000010011111111,1101010010000001,1000011011010010,11110011
0,88,weight_layer0_88.txt,0111100100111011,01001011,0011001000011110,0010001101111101,1011100001100010,1101100110100101,1100011010100110,1101001001001011,11111111
0,89,weight_layer0_89.txt,1110011000000000,01000001,1011111111011010,1100100100011111,1100011111001010,1101010011000100,0101000110000110,0000001110100011,11100110
0,90,weight_layer0_90.txt,1011111101001001,11111010,0101000010101100,1110101011001101,1111010010110100,1100010011110100,0010010010011111,0001000100000001,11101011
0,91,weight_layer0_91.txt,1110011001001001,01101110,0111010100001000,0110110010101101,0001001100001100,1111100001010011,0000100101100101,1101000101101000,11101010
0,92,weight_layer0_92.txt,0111101110100001,01011011,1110110000100000,0001011111110110,1001101001000100,0111100101000000,1100000111010011,1101000111011101,11101011
0,93,weight_layer0_93.txt,0001010000101011,00100010,0000110111111111,0010101110000011,1010101010111000,0110011101101010,1110001000111110,1101110000101000,11111001
0,94,weight_layer0_94.txt,0010110110000010,01101010,0110010011001000,1101000111111111,0000011011101111,1011110111010110,1001011111111110,0101010101010110,11100011
0,95,weight_layer0_95.txt,0100100100100000,11101110,0000010010111110,0110000010111010,1100011110111010,1101110100000001,0111111011010111,0000110110101110,11111001
0,96,weight_layer0_96.txt,0010001100100101,10101010,1101101000100010,0000011111001001,1111010010110100,1111101000101110,1000111111110001,0010111001011010,11100110
0,97,weight_layer0_97.txt,1000100010100000,11111101,0100001010111111,1100101011101001,1101010001010000,1110001110111110,1110000101100110,1101000111010000,11011101
0,98,weight_layer0_98.txt,1011011110110111,11101111,0000100011100101,1111100010110001,0011000111000111,0101000101100011,0100000001111001,1100000001001000,11001001
0,99,weight_layer0_99.txt,1111001110010101,01101100,1010101110110100,1001110001000000,1101101101100011,1101000111110011,0001101101101010,0111101000111010,11010011
0,100,weight_layer0_100.txt,1110011011101101,10010100,1011010001110010,0001000101101010,0110011110110100,1011010000110111,1011010101101101,0111001101110010,11100011
0,101,weight_layer0_101.txt,0000011111111001,11111110,0010100000000001,1000101111110010,1010100001010101,0100001110100001,1110111010000100,0000100101001011,11011111
0,102,weight_layer0_102.txt,1000110000001101,01000100,1110111101110011,0100001101101000,1011110000101111,0011101000001011,1101100001101001,1101001011001100,11011000
0,103,weight_layer0_103.txt,0001000001110011,00011011,1000010100000110,0111010000110011,1000011100001110,1001101010001010,0101000010011000,0000011000010000,11001010
0,104,weight_layer0_104.txt,0000101101101000,01111100,0000010000101001,0011011000010011,0100111001000010,1000101000110011,1100001010101100,1111000100101101,11110101
0,105,weight_layer0_105.txt,0010001001111001,10110011,0100000000010110,1100010011001011,0101001110101101,0111001110111101,1010100010010010,1101010100011100,11111000
0,106,weight_layer0_106.txt,0110000001010000,11001101,1111100011100001,0001001011110110,1011011100100111,0100011101110110,1110111101010000,0010010011111111,11100011
0,107,weight_layer0_107.txt,0011111110001101,00111111,1101001001010100,1111001111010100,1111100110111110,0101000000011101,1011100011010111,1010011000001100,11001101
0,108,weight_layer0_108.txt,0010010101101111,01000101,0110101001110110,0101100000010010,0110011100011110,1110000010010011,1011010011101111,1100010000111110,11010100
0,109,weight_layer0_109.txt,0001010011100100,11001110,0001101111011111,1001101010101010,0000001010000100,0010110011001011,1000010000110000,0111101101000100,11101110
0,110,weight_layer0_110.txt,0010010110010101,10010001,0011100100101111,1011111011100110,0101000010000001,0011110011001100,0011001011011000,0010101100111110,11111110
0,111,weight_layer0_111.txt,1001111000110101,01001010,1000101101000111,1111010101000000,0010110010100010,1111001001101101,0010010011101010,1100101000011110,11011011
0,112,weight_layer0_112.txt,1001101011010011,11100001,0011110110010101,0011001111110110,0100000111100000,1000110001001101,1001100001000001,1010000110100010,11100101
0,113,weight_layer0_113.txt,0111001000111110,10000001,0001010011101010,1000110001111110,1001111110111101,1010111010101010,0111101000110010,0011101000010101,11101001
0,114,weight_layer0_114.txt,0100010110111100,10100101,1010000010011101,0100110011011100,1110000101011111,0100001111011100,1100011101001111,1100100001110000,11011110
0,115,weight_layer0_115.txt,1010010000010010,00100001,0001101001000101,1000100001001011,0001110000010010,0011101101011110,0000111100100011,0101000101011011,11000101
0,116,weight_layer0_116.txt,0010010111111001,01110011,0101111101010001,0110001001010110,1011110111000100,1101001110100010,0000101000010010,1100000000010011,11101000
0,117,weight_layer0_117.txt,1001001000011110,11110110,1101010111001001,0010000110001011,1010011111011000,0100000000111101,1110101100000011,1101101110110000,11011000
0,118,weight_layer0_118.txt,0110000000010000,01000010,1111001010011101,1111010100100110,1011100110111011,1011100001100111,1100001110011001,0111100111000100,11101100
0,119,weight_layer0_119.txt,1110101011100001,01011001,1111101000100000,0001001000010100,0001010110110010,1100110101100110,0001010101000101,0110101000101010,11100010
0,120,weight_layer0_120.txt,0110111101011001,10011010,1000011110100110,1100010001100111,1000110000101001,1000101111111110,1001100011111001,1110000101110110,11001100
0,121,weight_layer0_121.txt,0100010110010111,01101010,0111100001100101,1101100100100101,1001010101110111,0110101100010111,0100101001010011,1111111100111100,11100011
0,122,weight_layer0_122.txt,0111011100111010,10100110,0010010110100110,1111010110111100,0001001100011111,0111111110001011,0010000110001100,0110111110000001,11101011
0,123,weight_layer0_123.txt,1011111110111000,00000001,0111100010100110,0110000011100101,0010111110110111,1111011101000111,1011110110111000,1111000101111000,11001101
0,124,weight_layer0_124.txt,1011110010111110,10011110,1101100111111111,1111111111000001,0110111011011110,0011100100110011,1011011110001010,1010111110011111,11011111
0,125,weight_layer0_125.txt,0111101100001110,00001111,0100101000100001,0100001100110100,0010100011000011,1101000010000101,1111100100100100,1100101110011110,11001110
1,0,weight_layer1_0.txt,0011000010001011,10101101,0110101100111001,1000011010000110,1011111001001001,1111011101011000,1001101000110000,1011000110110111,11100011
1,1,weight_layer1_1.txt,0110011111101001,01111011,1100100110110010,0010111011111011,0011110001100000,0100110001001110,0101110011001110,0101001111001001,11001111
1,2,weight_layer1_2.txt,1001001001100111,00101110,0100111011100110,0000000010011100,1010010011011001,0101101011000110,1001101010111011,0101000111010001,11001101
1,3,weight_layer1_3.txt,1010111011010111,10010111,0111100001100101,1110000111110101,1111000001111100,1111110110001011,1000110010010010,1000101000011110,11010011
1,4,weight_layer1_4.txt,0111000011111010,01011001,0001010111001101,1000001100011101,0010101101110111,0010011001001111,0100011111110111,0100101011001101,11001011
1,5,weight_layer1_5.txt,1010100010001000,00100001,1000111001001101,0110000001111100,1011111100000101,0001001001011111,0111000010101101,1010110111010010,11101101
1,6,weight_layer1_6.txt,0010100110101001,01011110,0110101000010110,1111111111101011,1110111011000111,1000010011000110,1110111111011001,0101110110001111,11100110
1,7,weight_layer1_7.txt,0111111100000011,11100000,0110110100001011,0010101000100110,1110011101001011,0101001011010100,0000111101000110,1111001010011111,11010110
1,8,weight_layer1_8.txt,1011011001010000,11010010,1100010100000110,1100010000110010,1011101101110011,1110001011001111,1101010011101011,0000110011011010,11101101
1,9,weight_layer1_9.txt,0011000010100000,01011101,0100001000011100,0101010111111011,0011101000010110,0110110000000001,1111001000011001,0100011010101111,11010100
1,10,weight_layer1_10.txt,0111101111001011,10110000,1101101011011101,1000001001111011,1010001100001101,0110011100010111,0110110101111100,1000101000001000,11101010
1,11,weight_layer1_11.txt,0010111010110010,01010101,1011110010000100,1001000101101101,1101011110100000,1100100011100011,0000010001010101,1110010001010000,11100001
1,12,weight_layer1_12.txt,0111101100000011,11101001,1011101010101001,0000111101010011,0111101001000000,0111010111100100,0011101010000110,1110011110000000,11100111
1,13,weight_layer1_13.txt,0101000010000101,11101011,0011001000111010,0001010011110011,1110011101101011,1010001000100010,0011100111110011,1010010011110010,11011111
1,14,weight_layer1_14.txt,1110000000111010,01111110,1011100111010000,1000100011100100,0100101010000010,1011011110111000,1100101111101111,0111010101010011,11001000
1,15,weight_layer1_15.txt,0011111100111100,01011010,1000100110010010,0000001100110011,1001111110010000,0110011001111011,1010101010001110,1100010111101010,11100010
1,16,weight_layer1_16.txt,0001111111110111,01011100,0001010110001011,0001101101111110,1010110110100000,0000100000010000,0101100000010011,1011101000001110,11000010
1,17,weight_layer1_17.txt,0000101011000110,11000111,1111110000010111,1010101110110111,0110111010101111,1110001001100011,1010010101101011,1100010111100000,11001111
1,18,weight_layer1_18.txt,1111001011100111,00101101,1101010001110001,1001000111001110,1110110111100010,1010111000010010,0010110101001110,1001001111010111,11111010
1,19,weight_layer1_19.txt,1111000101011011,01011110,0101110011000001,1011010101110111,1111010111011000,0000011100110110,1111110011010011,0110000100010100,11000001
1,20,weight_layer1_20.txt,0101000101010111,00010001,1010101100010100,1010100001111110,1110010100010100,1011111100100011,1001101001000000,1001100011001011,11001110
1,21,weight_layer1_21.txt,1100010011110100,00010011,0110000110111101,1010100101101110,1011000110100100,1011100000010000,1000100111011010,0011011110101010,11100100
1,22,weight_layer1_22.txt,1011000101011011,01110001,0100111011001011,0000101101110110,0110011110111100,1111100111101000,0101100111011010,0100100101100110,11011000
1,23,weight_layer1_23.txt,1010101010100110,01101101,0011000001100100,0010010000110110,1100001100101000,1000110111111100,1001010110010110,1010000101100101,11001001
1,24,weight_layer1_24.txt,0101011111001011,11100001,1001001100110011,0101100101110011,1011000101110101,0101101100110001,0010110011101111,0010110111000110,11000110
1,25,weight_layer1_25.txt,1000110100011100,01100101,0011101001010011,1011010010010111,0110101100100100,1001110001010101,1000100100111101,1110111011001011,11111110
1,26,weight_layer1_26.txt,1101010110011011,10010101,0001001101100101,0110110010111010,1100011101011001,1000000111100100,1101111100001100,0100110110000100,11000101
1,27,weight_layer1_27.txt,0101110111101011,00000011,0010100101011010,1000100111101100,0101110000011101,0011001010110001,1101100011110100,0101010110011000,11000000
1,28,weight_layer1_28.txt,0001000110110110,01011011,1001001111001111,1110011001000100,0011000100011100,1111010101110110,0011111001110010,0010110111010110,11100100
1,29,weight_layer1_29.txt,1110001010100100,00011110,1001010011110110,0111101000000000,0011010100101011,0100100100010010,1000001010000011,0101001100011100,11011010
1,30,weight_layer1_30.txt,0101110100100000,01010110,0000101010010000,1101011001110010,0110101011110110,0011011100111010,0111000100000111,0011011101010111,11010100
1,31,weight_layer1_31.txt,1100111110100011,01010000,1110100010010000,0000000011000000,1001001011110110,0110011110001010,0111101100101111,0010101001010001,11100011
1,32,weight_layer1_32.txt,0010000111100110,00000111,1001000010110011,1101010101110001,1100100001111111,0111001111100001,1000011101000101,0001000011101110,11110000
1,33,weight_layer1_33.txt,0100011001100011,11100100,0010101100010000,1111010111110111,0000001110100001,0100111111111001,1001110000100110,0101111111100100,11011001
1,34,weight_layer1_34.txt,1101011111010101,11100010,0101101010100001,1101110111100111,0001011001001110,1001111011111111,1010100111011001,0101100100010110,11110111
1,35,weight_layer1_35.txt,0110100100010001,00111001,1111000001110101,1111001101000111,0110001000001001,1010100100010110,1010011001011010,1010100001001101,11110011
1,36,weight_layer1_36.txt,0010010111011100,11111010,0010100001000110,1001111010111011,0011010010000110,1111011100000101,0010110001000110,1100110001110010,11000000
1,37,weight_layer1_37.txt,0100110001101011,11011111,1101110011001011,1000001100111111,1000000000001100,0101100110110010,0011110110000010,0001110001001000,11101100
1,38,weight_layer1_38.txt,0000001011000101,10101110,1111110111001010,0111111011000010,1011111000001000,0011010001000010,0011111100100001,1011100111110111,11001010
1,39,weight_layer1_39.txt,1011101001000110,01111101,0011000111011001,1001101111011001,0101101011000100,0011110011111111,1101100100110111,0101001000111001,11010010
1,40,weight_layer1_40.txt,0101110000101000,10000110,0101110110111010,1100111001001011,1010110011111111,1100000111010001,1000001001110010,0111101111011110,11011011
1,41,weight_layer1_41.txt,1111101000100000,10000001,1010100110010000,0011010111011111,1000110100011110,1101010100110010,0000110001100110,0000100001110010,11010111
1,42,weight_layer1_42.txt,1100000100011110,10100101,0111111110000111,0011100011111111,1111100111111110,1000111000000111,1101011110101000,0101111011011100,11101000
1,43,weight_layer1_43.txt,1101001100010000,11011001,0101000100001111,0011111000000101,1011000101000000,1110001001111001,0001001001110111,0010011111101001,11010110
1,44,weight_layer1_44.txt,1100011100010011,00111000,0001101111111011,0001010011100111,1011000110111011,0010111001111111,1110100000001010,0111100101110100,11010110
1,45,weight_layer1_45.txt,0011110011110111,01000110,0001001101000000,1010001100100000,1110110111010011,1110110100100111,1110111010010001,1110010010100111,11001000
1,46,weight_layer1_46.txt,0101110010010010,00011111,0000100011000001,1100101001011101,1001111011011011,1001001010001100,1000011111101001,1011001100110110,11011100
1,47,weight_layer1_47.txt,1000100010110110,10010001,0111101100010010,1100101111000110,0000000100111010,0111101101101001,1110000100110010,1011101100010110,11110010
1,48,weight_layer1_48.txt,0011010010110100,10011001,1001110010100111,0101011110110010,0001101010101111,1111110010110000,1011000010111101,0011101010111000,11110010
1,49,weight_layer1_49.txt,0000101111011010,01001001,0100111011100010,1001010001101101,0011100100010010,1010111111010010,1010101011010000,0001110010110111,11000100
1,50,weight_layer1_50.txt,0001101100000011,01010111,1010110000111100,0110011110110100,0101101000100100,1001111110100000,1010011100111101,0111101110010010,11111100
1,51,weight_layer1_51.txt,1011100011100011,00011000,1000010011010011,0100011110101100,1000101011110111,0101101000111010,1010000000000110,1011011010011101,11111011
1,52,weight_layer1_52.txt,1110110101100100,11101010,1010011010001011,0101101111000110,1010001001010111,0010101110111101,1000000010111010,0001001011100000,11000000
1,53,weight_layer1_53.txt,1011000011101011,01110010,0000111000000110,1000110101001001,1011111110100101,0101110010101001,1001010000100010,1111110010010111,11010110
1,54,weight_layer1_54.txt,1100101101001111,10000011,0111011111101011,0111101101001000,1100010011000001,1000100001110010,0100001011111100,0010110101111110,11111101
1,55,weight_layer1_55.txt,1101110000000011,01011011,1001100110010000,0010001100110010,0110111001010011,1100011001011101,0100110111110010,1001110010100001,11110111
1,56,weight_layer1_56.txt,1110111011101001,01010110,0101010111011101,0111110000011101,1011000010101101,1101100110110110,1101001111101111,1101001000010010,11101011
1,57,weight_layer1_57.txt,0110010100101011,10001010,0111010001101011,1010100111101101,0101111000000000,0010100111000110,0110100011101000,1100011100001010,11011011
1,58,weight_layer1_58.txt,1001000100110101,00001000,0000110100010110,1000111001101000,0011101011111101,0010011011110000,0011011001000001,0100001010100100,11010111
1,59,weight_layer1_59.txt,0111110001110111,10100001,0100000111100111,1000100111011001,0101000111101100,0001111100001000,0101111011011100,1001101010101010,11100010
1,60,weight_layer1_60.txt,0110011100111011,11010001,1101001001111100,1101011001001101,1011101000010010,1110000100111101,1011010100100001,0111011000101001,11011110
1,61,weight_layer1_61.txt,1100111001000111,11100110,0001000111010010,1010111100010000,0111011100101101,1100001001101010,0010111100001000,0101000101111000,11011010
1,62,weight_layer1_62.txt,1100011101101000,01110100,0100111010000111,1011111101111011,0101011101001011,0000111011000100,1110011111100001,1110000110011011,11111110
1,63,weight_layer1_63.txt,0000001111110100,00001010,1101100001010101,1000110001011110,0000100111111110,0111001010110000,0000100111010000,1011011001110011,11010101
1,64,weight_layer1_64.txt,0011100100100011,00000101,1101101110110001,0000001110110001,1111011000111010,1000101001101010,0000100101000000,0010011011100101,11001011
1,65,weight_layer1_65.txt,0101011010010100,10110110,0110010011011100,0010100010001111,0110110111010010,1101011100111110,0101011001110111,1000110010011011,11000011
1,66,weight_layer1_66.txt,1001100010110111,11111010,1111001101111001,1101100001011001,1000101010101000,1000110111010111,1110010111110100,0011011110110100,11100100
1,67,weight_layer1_67.txt,0000101101000000,01100011,0010111101110001,0110010101000001,0000101011100100,0001011001111010,1101000101110011,1000101010010100,11110001
1,68,weight_layer1_68.txt,1001101101110100,11011000,0000010101010100,1000101000101010,1010100010000100,0100110001000101,1101010000000001,1000101110010011,11101000
1,69,weight_layer1_69.txt,1001001000110000,01111101,1001010111010100,0101001111100000,0000100010010001,1110100011000011,1011111100011111,0100010110110001,11110101
1,70,weight_layer1_70.txt,0001110111100010,00100110,1010111100101010,1101001101110110,1101000111100011,0101110111110110,0101101101010100,1110000100001001,11000001
1,71,weight_layer1_71.txt,1100001001010011,10100100,1000011110111111,1110101100101111,1011000111110100,1001111001111111,1101110011000101,0101100001010010,11100000
1,72,weight_layer1_72.txt,1100110101010111,11101001,1011001011010000,1000001000100011,0000001101110100,0001001000101110,0100101001111101,1010111001101010,11000101
1,73,weight_layer1_73.txt,1101101010000111,11000000,1001000111001011,1001001100011000,1101011001011110,1101101110011101,1000110011111101,1011011010011111,11010011
1,74,weight_layer1_74.txt,1001110010101001,11001010,1011110100100111,0100100000110100,1001111011110111,1001110001111111,1011101101011110,1001010010100101,11110000
1,75,weight_layer1_75.txt,1100001001111111,00100100,0011011110011110,1000100101101010,1000010111010100,1011100001101111,0010100011110000,0100010000110001,11010011
1,76,weight_layer1_76.txt,1100110110101100,10001000,0000111010111001,0101101010101100,0110101010001111,0010111110001000,0010011100011110,0010010000011011,11110000
1,77,weight_layer1_77.txt,0010001110111011,01001110,0010111110100001,0011100111110110,1100001110100001,0001010010100011,0100001010101011,0001100000010101,11001000
1,78,weight_layer1_78.txt,1100000011101011,10001001,0110101110010111,1110111000001110,0101011011100101,0000001101100000,1101000110011000,0011101001101110,11110000
1,79,weight_layer1_79.txt,1110000110010100,11000100,1011100000111001,1111000000111100,1010010000010011,1010011110111101,0110100001010110,1010110100101000,11111010
1,80,weight_layer1_80.txt,1010010100000011,11101001,0110111010100101,0011101011111011,0011111111001001,1010001100111010,0101000100110111,1000101010111010,11011000
1,81,weight_layer1_81.txt,1110011011010010,00010111,0100100111001000,1100110101000001,1101000011110110,0010101001110001,1110001011000111,1101111001110100,11001000
1,82,weight_layer1_82.txt,0000010100011001,01101010,0000100000101010,0000011100011101,0011000101011100,0001111000110011,0100110110011111,1100110000011110,11101100
1,83,weight_layer1_83.txt,1100010010100011,00111001,0111011011010101,1011110100101101,0101110010111001,0111000110100111,1101000000000011,1001100110011011,11010011
1,84,weight_layer1_84.txt,1101011011110001,11111011,0110001111110010,0100100100100011,1011100100101010,1001001111110010,0110100010010111,0110000011111111,11111111
1,85,weight_layer1_85.txt,1011000100100001,00101010,1101111111101111,0000100011101101,1110100101110011,1011001000001110,1101111110111000,0011011111010111,11111111
1,86,weight_layer1_86.txt,0100000011111010,01101111,1100101110001000,0001101101111110,0001100110101110,1011011101110010,1110000000101000,1111010010010101,11000011
1,87,weight_layer1_87.txt,0011011100000011,00100000,1110111011010111,0001101101101111,1110000110101001,1000011100101100,1111110100101101,0010010100101011,11001100
1,88,weight_layer1_88.txt,0101111010000011,10101010,0110100101000111,0011100001011101,0111101001110010,0110100001111001,1100111110101011,0101101011001110,11000001
1,89,weight_layer1_89.txt,1010000111111101,01110100,1100001001000101,1010010001001111,0110011000011011,0011111101100101,1011100001110110,1011010000000010,11011000
1,90,weight_layer1_90.txt,0101111011001001,11101101,0011101000011001,1001100011101111,1110001100000011,0110000001001100,0100001001111110,0010111011010110,11101101
1,91,weight_layer1_91.txt,0110011011000001,11100010,1011100010110100,1000111100110100,0110100010010001,0100001110100000,1100101111110010,1111100100100110,11101010
1,92,weight_layer1_92.txt,0010110111110100,11101110,1111110111011110,0110110110000100,1001010011001111,1011000110010011,1100011101110011,0001100000000011,11110111
1,93,weight_layer1_93.txt,1011111100110101,00011110,0000110011010100,1101100111000100,0111110000010110,0001100110001100,0001010000011100,1111101101000001,11000010
1,94,weight_layer1_94.txt,0001000001010001,01011110,1001111101011001,1110001101011100,1101101111111010,0100100010100100,0010111001000101,0100100110101010,11110111
1,95,weight_layer1_95.txt,1011110110110110,01101000,0110100100010100,0100001010001011,1111101000001000,0011010000101101,1110001000110011,1000010010010100,11010000
1,96,weight_layer1_96.txt,1110000011011001,01011111,0001111011100011,0101110111111000,1001101011010010,1010001111100001,1101000001110100,1111011011110011,11010010
1,97,weight_layer1_97.txt,1101010011111010,11100010,0001110111110111,1001111010011011,0111001000010010,0110001001001110,0010100010000000,1100000010001100,11100100
1,98,weight_layer1_98.txt,1111001001110101,01001101,1000010101001110,0010011001101010,1011111100101010,0011111111101111,0010111101100010,0010110101000010,11011000
1,99,weight_layer1_99.txt,0001000011101100,10101110,0111100000010101,1000111000010101,0001001010000110,1111100110011101,1110011000010110,1001110110001100,11001111
1,100,weight_layer1_100.txt,0100001001110011,11110001,1111011000011001,0000100101011010,0001011100101001,0110111111101101,0110100100111010,0010111011011011,11101110
1,101,weight_layer1_101.txt,1100100011111110,10000100,1000011110101101,1100000001010011,0111001010110010,0111111010110000,1111111100001110,0101111001101101,11110110
1,102,weight_layer1_102.txt,1000100100110101,11100000,0001110100000000,0001011111000110,1011001100001100,0100110000100100,0111100010111100,1100101100001100,11110110
1,103,weight_layer1_103.txt,1111010001000000,10011110,0110111100110010,1010011010101101,0001100000000010,0100110111110101,1111001110100001,1101111100101000,11011000
1,104,weight_layer1_104.txt,0101011111001010,01000001,0011011111100000,1001110101010111,1101101101110111,1100000000110110,0011100011100111,0000101001110100,11000000
1,105,weight_layer1_105.txt,0101010000111001,10010100,1001101110101101,0100111010001111,0010000011111000,0101101011000111,1100001101110010,0101001000101111,11001101
1,106,weight_layer1_106.txt,0000101000100010,11101000,1010010111111001,1111000101100000,1111010111000111,0100000101101101,1000011001110011,0011000000010011,11010110
1,107,weight_layer1_107.txt,1100010011111010,10100110,0001101001010110,0110010000110010,1110111010101001,0110001111110110,1111010000001000,0111000111110101,11110001
1,108,weight_layer1_108.txt,1111111111100000,11001010,0000011111101011,0110110110100010,0100110110001111,0101010010101100,1110101110011001,1111010101101000,11000100
1,109,weight_layer1_109.txt,1110100110011101,01010011,0011010010001001,0011110011110101,1010101000011111,0010101000100001,0011001011011111,0110100111110101,11101110
1,110,weight_layer1_110.txt,1010100000010000,10001100,0001111010001100,0100000100001001,0101101001111000,0011001101001110,0110001100111100,1011010001100111,11001001
1,111,weight_layer1_111.txt,0000110011110000,00101100,1011000000011110,0110010110101011,1110000001110011,0111111110011010,1000100111010011,0010001001000110,11000010
1,112,weight_layer1_112.txt,1101000101111000,10111110,0110001010000001,0101110011010100,0101110111111010,0010011010000101,1101010101111001,1100010011101000,11111011
1,113,weight_layer1_113.txt,0000001111111111,01110100,0111000110001101,1110010101000010,1111101111010010,0001110001010000,1000110100011001,1001000000000000,11101011
1,114,weight_layer1_114.txt,1001110101101111,00100010,1110110001100000,1001010100111101,0001110011000000,0111111110110100,0100001011010011,0111011001011100,11011111
1,115,weight_layer1_115.txt,0011100011001000,10111001,1001110111010001,1010011110111110,1100011001110101,0101001011100010,0010010101100101,0000101001111010,11111100
1,116,weight_layer1_116.txt,0100010101111111,00100101,1000111100001111,0011011000111110,0110101101001010,0110010000011111,0101001100001101,0001100011001000,11000110
1,117,weight_layer1_117.txt,1001010010011011,01100101,1001001000110101,1011101010101010,1011000110000000,1010110100011011,0011100000001110,1111101000110100,11000000
1,118,weight_layer1_118.txt,1100101000011100,01110111,0010000101010111,1110011001001100,1001100000100010,1101011111111000,0110100001110010,1111111110001100,11110101
1,119,weight_layer1_119.txt,0101101010000011,11011010,1101100001010110,1000101000001101,1010110001001110,1001100011100110,0111110101100010,1010100000000011,11001110
1,120,weight_layer1_120.txt,1011100000100110,11000110,1000100111001000,1001100101010011,1001111010011000,1110111111011100,0100010101101010,0011101110100001,11010100
1,121,weight_layer1_121.txt,0000111101011100,01011011,0000110011110110,1001110010100110,1101001010000001,1111010011110000,1101100100001000,1011110001101110,11110100
1,122,weight_layer1_122.txt,0111110111101111,11010010,0000101001110101,1010101110100100,0010011001000011,1000011111101111,1000010011000111,1001101000011010,11010100
1,123,weight_layer1_123.txt,1100000111001001,11101110,0000001110111111,1000010101100001,0010111000010000,1001111000111000,0110110111101001,0011101111011100,11100011
1,124,weight_layer1_124.txt,0111100110101111,10001110,0010001010001010,1000011001000010,0010111011011100,1001111010000111,0000110011110001,0110101011100001,11100000
1,125,weight_layer1_125.txt,0001010101101101,10001001,1001000100100101,0010100111101110,0010010101101100,1001100110000010,1110010001100010,0001000011101111,11010101
2,0,weight_layer2_0.txt,0100111000101000,11101010,1011110111001000,0100010000101100,0110001000010001,1101010010011010,0100010110101010,0101011100110101,11111101
2,1,weight_layer2_1.txt,1010000011001011,00101110,0100011011100110,1000101110001010,1100110111001100,1101101011100101,0010010101001011,1100110010101110,11010011
2,2,weight_layer2_2.txt,0101110101011000,00001100,1001000000101100,1000011110000010,1010010101001111,1101111000001100,0111011000111110,1010110111101100,11010001
2,3,weight_layer2_3.txt,0011001111011100,00000110,0111111110110111,1011000011011000,1111011000011100,1000110011001010,1011011001010101,1110101111111011,11110001
2,4,weight_layer2_4.txt,0000011011001000,11111110,1010011101011111,1110011000001010,1001110101100011,0000000111101100,0110111000001101,0000101100101101,11110010
2,5,weight_layer2_5.txt,0110111101011101,01110001,1000111110110101,0001000111111111,1001101010101101,1010000010010011,1110011000111010,1001000010010100,11110010
2,6,weight_layer2_6.txt,1110000110001101,00001011,0000010000010110,0011000110101011,1110001110011001,0011100111100101,0100000110001001,1100011001101001,11111001
2,7,weight_layer2_7.txt,0010011111010000,10001101,1111011110011110,1000100111000010,0001111100011111,0001101110100110,1001101101011101,0101111011110100,11001111
2,8,weight_layer2_8.txt,0111010000010111,00111010,0111000100010100,1101110000010100,1111010001100100,0000000111111110,1111101110110100,1110111010011111,11000011
2,9,weight_layer2_9.txt,0111011000010001,01110111,0010111001111111,0011001110011111,1001001110101001,1010000110111100,1001110111111110,1111101101001111,11011010
2,10,weight_layer2_10.txt,1001101101101100,01100000,0111010010101011,1101000011111010,0010100000010110,0111000010110110,0111001001111000,0101110010110111,11000011
2,11,weight_layer2_11.txt,0001000001001011,10011001,1010011100100111,0100110001001110,0011010101000011,0001101100000001,1101010101110001,1110001001111010,11110000
2,12,weight_layer2_12.txt,0000111010000001,01100001,0001101010110100,0101111000011110,1011010100100001,1001100110010010,1100111000100010,1111001001111011,11000110
2,13,weight_layer2_13.txt,1100001000000111,11011110,0010000001010011,0100111110101100,0111000111010111,0111111011101000,1100100101111100,1110110101010101,11110000
2,14,weight_layer2_14.txt,0101101100000110,00010001,0010110100000001,1000101001011101,0011111110001110,0010100111101101,1101010000110000,1000111100111101,11010100
2,15,weight_layer2_15.txt,1111011100000000,10001011,1001111100010101,1000111101100010,0000011001001000,1000001011000001,0110001011010001,0000111011000001,11001010
2,16,weight_layer2_16.txt,1111101110011110,10011110,0010100100000110,0010100111101001,0101010001000001,0101010100101001,1111000011111011,0110101010010011,11111111
2,17,weight_layer2_17.txt,1110101011111101,00110000,1100000011000011,0000011011001000,1010110111011011,1011000011011000,1011111000100110,0011011000010110,11110001
2,18,weight_layer2_18.txt,1100000110110010,11010111,0000100001110111,0110011001110010,1100000111100001,0100011110000101,1101001011111010,1001111110011000,11000001
2,19,weight_layer2_19.txt,1010010110100111,01000110,0010100111101100,0111011101000111,0011000111000011,0110001001111000,1010101011010010,1101110111111100,11110100
2,20,weight_layer2_20.txt,0100011100110001,11000110,0100010100010110,0110101111011000,1110101001010000,0101101010001110,1011011011010011,0101110011001001,11111001
2,21,weight_layer2_21.txt,1100001011111001,10100100,0110010101010011,0100100011010100,0110100001100100,1101111111011001,1110101010000010,0000001010010010,11011001
2,22,weight_layer2_22.txt,1000011000100010,00000101,0001100100011001,1100001101000011,0011111000111000,0001110010000100,0100001010000101,0000010011101001,11100011
2,23,weight_layer2_23.txt,1011101101111111,01101110,0101110111011001,1001001111111010,0001101010000101,0100100100001110,1000101100011010,1101001000001110,11100000
2,24,weight_layer2_24.txt,0011101011001001,10111011,0111000001001100,1100000000110001,0100000010011011,1111010001111111,0011010101011011,0110101110100101,11110000
2,25,weight_layer2_25.txt,0000100011001010,01100010,1100101100011110,1001000111011001,1010010001101011,0000101010111000,0001000000100100,0001111101010101,11011111
2,26,weight_layer2_26.txt,0110011111010001,10110001,0111100000111001,0000001111100100,1000000000101101,1011100011000111,0110011001001000,0110011011111110,11100110
2,27,weight_layer2_27.txt,1010011100100010,01000010,1111001001100111,0001100011110100,0001000000100100,1000000001101101,1000000001010000,0011011100100011,11001101
2,28,weight_layer2_28.txt,0010110110000110,11011100,0001111001110000,1001110101100110,0110111001101101,0001110000011100,0111100001101011,1111001001000001,11100110
2,29,weight_layer2_29.txt,1011010000110100,10011100,0001011101100011,1001101101010110,1100000101100001,0101110000011101,1011101011111001,0111001001100110,11110101
2,30,weight_layer2_30.txt,0011101101101001,11100111,1000010000001110,0010100101101011,0111001011000100,0100100011011001,1111111000011000,0010111110010111,11011101
2,31,weight_layer2_31.txt,0101010011111100,00100101,0101100111101001,1100110110011111,1010100100000110,0101000110110111,0010100010101100,1111000111111100,11000110
2,32,weight_layer2_32.txt,0001100100111011,11001101,1010101001111111,1001010000111001,0000001111001101,1011011000111101,0100101101000001,1100111111101011,11011011
2,33,weight_layer2_33.txt,0001001110110000,10111011,1101001111100100,0100111110111101,0000001001111110,0110110001000100,0010101011011100,1111011101010000,11001110
2,34,weight_layer2_34.txt,0110111001010110,01110010,0011100000100011,1100011000001100,1100110010011011,0001111110000110,1111001101011110,0110110100100100,11110010
2,35,weight_layer2_35.txt,0001100101011000,01011110,1101000110101000,1011100010001011,0110100001001101,1101010001001101,1101100001111110,0111011001111010,11100110
2,36,weight_layer2_36.txt,0000100110110101,11110111,0001011000110010,1110100001101000,1000111110001100,1110101110010001,0010011001000111,0010111000010011,11001001
2,37,weight_layer2_37.txt,1100111101110000,01011111,1100110100001101,0010001110101110,0110101111101100,1000001010010110,1011010000100000,1101101001101101,11111110
2,38,weight_layer2_38.txt,1100110000000101,11111100,0110100111011111,1010000011010100,0110100010100100,0010111110001100,1111000111100110,1001101011101001,11111000
2,39,weight_layer2_39.txt,1111001011101110,10011010,1011000110011000,0000001110110100,0000000101111010,1110110101100001,0010001011001111,1110100111010110,11100011
2,40,weight_layer2_40.txt,1001101010000001,01011000,0000110110000011,0100111001101001,0001110000101010,1000111010000010,0110110110011110,0101110000100100,11010110
2,41,weight_layer2_41.txt,1101011101000101,00010001,0010011000100010,0010110100010100,1110001111000010,0010001001010001,1011010111000010,0001100011001111,11111100
2,42,weight_layer2_42.txt,1010010001110100,01100110,1011010010011100,0110111101011101,0110100000011001,0100000100100001,0011100101110010,0001000111001001,11011101
2,43,weight_layer2_43.txt,0000010001101010,10001000,0111010000001101,1110011111010101,1010011010011110,1110110000000010,0010110011100010,0110000011111100,11100011
2,44,weight_layer2_44.txt,0011110000101101,11111101,1100110110011011,0010010111101101,1011100001110110,1100011001101011,1100101110010010,0111101011000100,11000001
2,45,weight_layer2_45.txt,0101111010110000,11110011,0011001110011000,0110100000110111,1001100100101110,1110000010001100,0011100011010000,1001111010011000,11110101
2,46,weight_layer2_46.txt,1100011001011011,01000101,1111001110110110,1101101111010110,1111110101110101,1001000111000101,0011011111011101,0000011100010111,11011110
2,47,weight_layer2_47.txt,1001001000000000,00100001,1000101111011001,1101001011010100,0001110010111011,0000101001011101,0110100011001101,0101110111001010,11001001
2,48,weight_layer2_48.txt,1010100011101000,00000100,1011000110100010,1011100101010111,0001011111111011,1001100100000111,1001010100100010,1010100011001001,11100101
2,49,weight_layer2_49.txt,0010001000011000,11100111,1000101011000101,0011000011111000,0110101100101101,1011001011110001,0110010011001000,1011110101110010,11100010
2,50,weight_layer2_50.txt,1011110000000001,00110011,1011010111010111,0011010101101001,0100011110110111,0010111010101111,1001011011010101,0100111010001111,11001100
2,51,weight_layer2_51.txt,0110110001010010,11010011,1011011001011100,1100100010110100,0110110111000110,1101101010001001,0011000110100110,1100100110100011,11111111
2,52,weight_layer2_52.txt,0111000000011111,00101110,0000101011110111,0110011011101001,0110001101101001,1111011101111010,0111111110101010,1101110101100011,11001011
2,53,weight_layer2_53.txt,0100110111111000,10011011,1010000100010010,0100000100010111,0000111110101011,1111001010101101,0010110110101001,0000001010101010,11001000
2,54,weight_layer2_54.txt,0001101111101000,11101011,1110100111010111,1110100010011010,1100011001011011,0100110110011100,0101000001001011,1100010011011111,11100110
2,55,weight_layer2_55.txt,1011001101001110,01100001,0100000000100111,0011111000100111,1010011100010000,0111010001001001,1000011100001100,0111010011000000,11001010
2,56,weight_layer2_56.txt,0001010110011101,11111100,1100011011110001,1101011111111011,0001111011010010,1100110001000111,1000010101000110,1100000101111000,11110010
2,57,weight_layer2_57.txt,0101111111100111,01101100,0000110011010010,1010100000101000,0011100111001011,0011100101110110,0000001101011111,0100101101011010,11010011
2,58,weight_layer2_58.txt,0111101111100010,01001111,1111110100001100,1011001101011001,1000001100111011,0101110110101110,0001000100010111,1110110110000000,11100000
2,59,weight_layer2_59.txt,1111011001111111,00011001,0110001001010110,1001010010100011,0110010010100010,1111010000111000,0001001111000000,1001001010000001,11000110
2,60,weight_layer2_60.txt,1011001010110101,11011111,1000101010011001,0100000111011110,1000000010001111,1101101001101110,1101101100100111,0111000000000000,11000010
2,61,weight_layer2_61.txt,1001000010000010,01111010,1100101011011010,1011001100111000,1001010111010000,0111111001110101,0010100000011000,0010011100000111,11001111
2,62,weight_layer2_62.txt,0110010110011110,11100010,1100000100010011,1001101010011011,0111111001010000,1111010010110101,1010100011000100,0100101100110110,11111111
2,63,weight_layer2_63.txt,1010110010100101,10011110,0100101110000101,0110001101011111,0010100011100110,0000011010001110,1111101111101000,0100111100000011,11101001
2,64,weight_layer2_64.txt,0011001010111110,01011110,1000010011110001,1101100110101100,0111110101001000,1111001111010110,1011110110010010,0110100110000010,11001010
2,65,weight_layer2_65.txt,1111100101010000,10110100,0100110001101001,1110100101001111,0010000111100000,0100101110100010,0110110111101011,1100101100100001,11100111
2,66,weight_layer2_66.txt,0011001010101101,01101001,1100001011111101,1111001001010100,0100100011010100,0000101110000000,0010101011100101,1010100001000001,11111000
2,67,weight_layer2_67.txt,1010011001101001,10100111,0000101000101100,1010111011001010,1001000100100101,1100010110111000,0101001011100100,1100010111100101,11100111
2,68,weight_layer2_68.txt,1100111000001111,11101111,0111110001010011,0101111101000001,1111110001101111,0100111101110101,1010011001000101,1110001100011000,11001101
2,69,weight_layer2_69.txt,1011010110000011,01011001,1001100110001100,0010101100111010,1001101110000111,1000000111110010,1010001011101111,0000001110000010,11010011
2,70,weight_layer2_70.txt,1110010100010100,10001111,0000100110000101,0100010101100101,1110000100100011,0110100101010100,0101100100101010,1011111010100100,11001110
2,71,weight_layer2_71.txt,0100001010110111,01001110,0101000101000101,1100111100101001,1110010010101011,1101000110110000,0111011110000110,1110101110000101,11101110
2,72,weight_layer2_72.txt,1100100110100011,11110000,1000011101001010,1001100100010010,1001111111110000,0100010000010111,1111001111001111,0110001010001101,11101000
2,73,weight_layer2_73.txt,1010101110000110,11001110,0101101101101001,1101110111000010,0100000011110000,0010111101111100,1100001011110111,0100100000001000,11011111
2,74,weight_layer2_74.txt,0110110111000100,11101000,0110001001000110,0100101000101110,1011110100001111,1111010001110111,0101010000101010,1011000110101100,11101001
2,75,weight_layer2_75.txt,1000011000001110,00010110,0110101111101111,0110010010100111,1101110010100110,0011110110111000,1001010111111011,1111001000011011,11101110
2,76,weight_layer2_76.txt,1011111000000011,01001111,1011000101101100,1010001001111111,1111010011110001,1100010010010100,0010011000000111,0111010001101111,11011101
2,77,weight_layer2_77.txt,1001000001011100,10011011,0100100110100001,0011101000000110,1011100010101001,1010001001111001,0100101101101100,1011001110100010,11110010
2,78,weight_layer2_78.txt,1100010011000101,11100100,1000101011100101,0010000011010000,0100111100010000,0011101000010011,0010101110011000,1110101110000011,11011100
2,79,weight_layer2_79.txt,1000110111111100,01000110,0001001011110011,1110011100000111,1001011010011011,0101111000011111,1111101111010001,0111111010110000,11111100
2,80,weight_layer2_80.txt,1110000000111101,01001100,0001111100110010,1101001101111111,0101010100010011,0000101010010011,1110101101001011,0000110000110010,11000000
2,81,weight_layer2_81.txt,1000010101011001,10010100,1011101001100010,0010011111100110,1110001101110100,0100100010011001,1011011010010111,0111100001100011,11111101
2,82,weight_layer2_82.txt,1100001001101100,00001011,0100111010011011,0101000011000010,0110000100001000,0100100110001010,1010111101111100,1011010110100111,11000011
2,83,weight_layer2_83.txt,1011000110001101,01100110,1010000001010001,1000011101011111,1000010111000011,1000111011110100,0111101101110110,0100000001111000,11110100
2,84,weight_layer2_84.txt,0111001001111000,10000001,0001111100010010,1001010001100111,1001011000100110,0000101010011001,1000101110101100,0101010101111010,11100110
2,85,weight_layer2_85.txt,0001101101100000,11001111,1111111011010001,0001111110011111,1001100110110001,1100010000110100,1000001000010011,0110010110000100,11001001
2,86,weight_layer2_86.txt,1011101000000110,10011100,1100011000010000,0010010100100010,1101010001000110,1000100111111000,1110000011111100,0101111101111101,11011010
2,87,weight_layer2_87.txt,1110000001101011,00000001,0111110010110100,0000100100100011,1111111111000010,1001111010000111,0010111011100001,0011010100010010,11010100
2,88,weight_layer2_88.txt,1111010111100110,01010111,1001101100010010,1111000000100010,0000111110110011,0011111100010011,1100011101110010,1110101011111111,11100100
2,89,weight_layer2_89.txt,0110010010001110,01000100,0100100011100101,1001001111100001,1110001100111000,1011000001110010,1010010000100110,0110001101001111,11011100
2,90,weight_layer2_90.txt,1011100001011110,00110010,0011000010011110,1001101111000010,0110001101001010,0010001101100101,1110001000110100,1100101101010010,11000100
2,91,weight_layer2_91.txt,0110110010010001,01010110,1100110000111101,1111100010001000,0111110010100001,1111010010111110,1101001001001110,0010000001011000,11000001
2,92,weight_layer2_92.txt,1110101100011000,11110001,1100000101011101,0101110010111001,1111100000011100,1111000100110111,0011011110011100,1001011101100001,11001100
2,93,weight_layer2_93.txt,0001100111010001,00001000,1000110110101001,1010000110100110,1010111111010010,0001010010110001,0010100001110111,0111001100001010,11000100
2,94,weight_layer2_94.txt,1100111110101111,10111111,1111100011110011,1001101110001000,1100110000000111,1000100010000001,1010010010011100,0111001011101110,11001100
2,95,weight_layer2_95.txt,0111010000010110,00010001,1011011111110010,0110110000011000,0110001001001001,0010000111100001,1011000001110100,1010000100010011,11011110
2,96,weight_layer2_96.txt,1110000010000111,00001101,1111001111010001,1100100101010101,1010001011010011,1011001000101001,1100111101101101,0111110001001110,11010110
2,97,weight_layer2_97.txt,1000111110101100,00110111,0001100100101111,1010101010111111,0010011101001110,1111001001101101,0000100000100111,0001110000101000,11011110
2,98,weight_layer2_98.txt,0001010010101101,01011000,0001110110010101,0001001111100100,0011111001001100,1011110011000100,1101110001111100,0110001101011111,11101011
2,99,weight_layer2_99.txt,0011011100101000,01110010,1001111111011110,1110110011010010,0111111101111110,0011110010000000,1100000100111101,1100110101111011,11101011
2,100,weight_layer2_100.txt,0110100011000111,00010100,1100101111011110,1100111010110011,1010111011010101,0111000111111101,0111100111111010,0010010101001000,11000101
2,101,weight_layer2_101.txt,1111100101110101,11100010,0000111010110111,1101000100110100,1000111111100011,1010110111111001,0101010000100011,1110001011000010,11011001
2,102,weight_layer2_102.txt,1000110000000111,01100011,1001110011000110,1001100000001011,1110101000011000,0000110110100001,1110110101000110,0101010100100010,11110100
2,103,weight_layer2_103.txt,1001000111010111,01000001,1010010111001110,1010111001101011,0010110111100001,0110000111001111,1000111010011001,1000111001101100,11111110
2,104,weight_layer2_104.txt,0010110111000100,00010111,0110000000000100,1000010000110011,0110001011110000,0011000010111000,1111011100011011,0101101011000011,11000001
2,105,weight_layer2_105.txt,1011111010000100,00010100,1111111011011110,1011111110011111,0000010000001001,0100111110100110,1100110011010001,1101101110110001,11100111
2,106,weight_layer2_106.txt,1000110001011010,01101000,0111001101111001,1110111000011101,1110000001000000,1100110100110100,1011011111110001,0101100100010000,11010101
2,107,weight_layer2_107.txt,1001001000111010,11010101,1110011001111100,0011110101101101,0101111011101111,1011000101001001,0101010000100010,1110010101100100,11011110
2,108,weight_layer2_108.txt,0110010001110011,10110000,1001001111110100,0101100000010000,0100101010110101,1011110110011110,1101010110111001,1101111100111011,11100001
2,109,weight_layer2_109.txt,1010100111110101,00001000,0101010001010010,1001001010111010,0100100000001101,1101011010100100,1100010110011100,1001100101111011,11000111
2,110,weight_layer2_110.txt,1111101010001000,00011101,0101111011010011,0110010000000110,0010001111110111,0101010001000010,0011001101110000,0001001101100001,11010100
2,111,weight_layer2_111.txt,1111100100000101,00101111,0011100111101000,0101110110111010,0111000011011101,0101011011011111,0110111010010110,0011100010101110,11000010
2,112,weight_layer2_112.txt,1110010010101000,01111111,1000010010010000,1101001101110111,0111011001001010,0110000011101001,1110011100111100,0001111000100101,11001011
2,113,weight_layer2_113.txt,1001101110001010,11001111,1010000101110010,1000111011011100,1111000001101001,1011111101000111,0001010100100101,0011111110011101,11010101
2,114,weight_layer2_114.txt,0011111101001101,10001110,0010111010110101,0111101011100000,0010011001011000,1000101101110011,1001111101011010,0110110001001011,11000101
2,115,weight_layer2_115.txt,1101010110010111,01100010,1011010001010000,1001000111110011,0000101100011111,0100001101101001,1011101101100010,0010111110101111,11010101
2,116,weight_layer2_116.txt,0001111111001001,11000101,1110110000010101,1101110111101010,1110001111101001,0010110011000010,1000011011100010,1111001100101011,11100101
2,117,weight_layer2_117.txt,0000000100000111,11001100,0011111011101000,1001010100000011,1000100100000100,1010110000100100,1011010000010101,1011011111101000,11100001
2,118,weight_layer2_118.txt,1101110100101110,11101111,0100010011110001,1001111111100001,1100111011111100,0000110101111100,1100001111000101,1101100101111011,11110001
2,119,weight_layer2_119.txt,0011101000111011,10000000,1110111010010000,0010000010011111,0101001000110011,1100000101100000,1100111111101010,0011101111010010,11101011
2,120,weight_layer2_120.txt,0111111001111111,00010011,1010001111011010,1001100111111100,1100000101111110,0001001111010010,1000110011101101,1101100100011111,11001101
2,121,weight_layer2_121.txt,0100101010001010,10001011,1100101000001101,1010010110011000,0000111001110100,1011110111101000,0000100010111100,1100011111110100,11110100
2,122,weight_layer2_122.txt,1101001110100110,10101101,0001101001110100,0110001110000110,0100010101000000,0011111111011110,1110011101010111,0010111000101011,11100111
2,123,weight_layer2_123.txt,0010011000000000,10010011,1000110000011101,0101001111100100,1100101001101111,0100001111000110,1111000110010000,0011010111110011,11001011
2,124,weight_layer2_124.txt,1111001101000110,11100100,1000100011011111,0010001111101000,1001011011000101,1101111101101001,0101001000000101,1111110100011001,11001010
2,125,weight_layer2_125.txt,0100001000001011,00111111,0011011000011110,1110011010110001,1001000011111011,1011010010010000,0100110001010101,0001001010001011,11110110
3,0,weight_layer3_0.txt,0101111110110011,00000101,1001111001001110,0010110000000101,1110110111001100,0101000000010001,0011110110111001,1110010001110000,11000000
3,1,weight_layer3_1.txt,1011111011110010,00001000,1101111110110011,0001000100011000,0000001011011011,1011110000010000,0101101100000011,0011100111100010,11010101
3,2,weight_layer3_2.txt,1010000101000101,00001111,1011001101111110,1011111011110000,0000111010101000,1000111101110000,1000010010111100,0010001010111011,11100101
3,3,weight_layer3_3.txt,0000110110101000,11110110,1001110110110111,0001100110110100,1010000010000011,1101100011100001,0100110000001010,0110010110111010,11101011
3,4,weight_layer3_4.txt,1011111100010001,00010111,0101001101011001,1111011100111110,0101101101001011,1100000000111011,1000100110111010,1111110001000001,11000110
3,5,weight_layer3_5.txt,1100011101111101,00111111,1011010000101010,1110011001100111,0001011011101101,0100000111100000,0110100001110101,1101100000110111,11011000
3,6,weight_layer3_6.txt,1011111010101100,00100110,0101010110110110,1111000101110100,1011000110101001,1110001110100000,1011100011111111,1100011001010001,11011011
3,7,weight_layer3_7.txt,0101111001100010,01111011,0101100110100001,1110001101101110,0000110001101110,0011011101100110,1111001101110011,0011100110100000,11010101
3,8,weight_layer3_8.txt,0111010000000110,00000110,1010101000110001,1011101100111110,0100100100110001,0101001110010010,0000000100110100,1010110000011100,11011111
3,9,weight_layer3_9.txt,0011010010100101,10100000,0110101101100011,1110001111010000,1111100010101011,0010101010010011,0011111000010101,0010001000110110,11000111
3,10,weight_layer3_10.txt,1101000011111011,10001010,0000001110000001,1110100011010101,0000100100001110,1100010010001101,1011000011010001,1100011111110101,11111000
3,11,weight_layer3_11.txt,0010111011110000,01101001,1011101100111011,1000101101110001,1000110010000001,0011100111001000,0111000000111111,0010011001011100,11000001
3,12,weight_layer3_12.txt,0100101111011011,10110110,1011010011001110,1101111010111111,1011011111100000,0011001110111000,1000010101110111,0111000001110001,11111000
3,13,weight_layer3_13.txt,0010100001100000,00101101,1011110001100101,1000010100000101,0101100011100000,0010111011000110,0001001101100000,1010000111111110,11000100
3,14,weight_layer3_14.txt,1001111100100010,01111001,0001010100100010,0100010101100010,1101010111101100,1000011010000010,0110101010001110,1101110000110111,11000000
3,15,weight_layer3_15.txt,0100110101100110,10001101,1111001111010000,1010101111000101,1111010001101101,1001000001111110,1001110011011000,0100000100111100,11000111
3,16,weight_layer3_16.txt,0101000101110100,11100110,1101010101110010,1011010101110111,1111111011001000,0001001111011000,0100101111111001,0011101110001001,11001011
3,17,weight_layer3_17.txt,1111110011110111,11101010,1011011001010001,1001010100101000,1000010011110110,0001010011010000,1100010000011110,0110001011000010,11110111
3,18,weight_layer3_18.txt,0110110000111111,00001101,0000010100111011,1111011000000101,0111110011110101,1011000101000111,1001110011001011,0000001010010010,11010010
3,19,weight_layer3_19.txt,0010111110010000,01100011,1100100110110000,1011010011011110,1000010010001100,0001111010111100,1100100011011001,0000111001011111,11001010
3,20,weight_layer3_20.txt,1111100111101111,01101011,0100101101000100,1100000010011111,0011001110011000,0000100011100001,0101011110000001,1100100011100010,11000110
3,21,weight_layer3_21.txt,0000111000011001,01100000,0111010011000101,1010101111111110,1100010011010100,1110100001110101,1101100101001001,0110000011110100,11011000
3,22,weight_layer3_22.txt,1101100110111111,10111100,0000110011010001,0101110100001110,0110101010011100,1001101100101111,0110010011111010,1001110100101101,11110111
3,23,weight_layer3_23.txt,0101111110000100,01111000,0001011101110100,1010000001010100,1100101011000000,1110100111000001,0000010110001111,1100011110011000,11001011
3,24,weight_layer3_24.txt,1111111000110010,11100110,0110000100011101,0100000000001110,1110000101100011,1101011110111000,1010010100000010,1000101001011111,11111000
3,25,weight_layer3_25.txt,1110111000001011,01010010,1011011101111110,1011011111111011,1110101011101001,1010000011101110,1111100001000000,0000100011110000,11001110
3,26,weight_layer3_26.txt,0001011111011000,11000110,1011000010100000,0100000011111000,0100011010101100,0011011000010010,0001001010100011,1010100110111001,11101100
3,27,weight_layer3_27.txt,1111000110011110,11000011,1101001101011011,1011011000001101,1010110111101001,1101100011100011,0000100010101100,0110000010000101,11100110
3,28,weight_layer3_28.txt,1001110001110100,11011001,1110110001110111,0011100100011011,0100101101010010,1000000110000010,1010011011111100,1011111101110100,11101000
3,29,weight_layer3_29.txt,0111101001101010,11101111,0011100000001010,1100101000111000,1001000011100001,0111000001101001,0100010010011011,0110010000000001,11101110
3,30,weight_layer3_30.txt,1100010110011100,11111011,0001000100000101,0101111101011110,1101100010011011,1101000100110000,0110100000111100,0100001110010101,11100101
3,31,weight_layer3_31.txt,0010011100011001,10111100,1101011110010111,0011010000000001,1110101101011111,1011100101100111,1100000011010000,0100110101011000,11101101
3,32,weight_layer3_32.txt,1100111010101010,00001001,1001011011100011,0001111101101011,0101001001111101,0000001010101011,0001011110001001,1011011100100001,11101010
3,33,weight_layer3_33.txt,0110011000111101,10110101,0011101110000100,1010111001100000,1011101000000110,1101110101111011,0000110010000001,1010010001111000,11000111
3,34,weight_layer3_34.txt,1001110111101111,11001110,0111101001111001,0100010001000111,1100000101110001,0101100100000101,1100110011010111,0110001001110001,11001111
3,35,weight_layer3_35.txt,0011111110000100,00000100,0010111011011011,1010011000100000,0011101110110110,0011011000011000,0010001000101001,1110001110110111,11100011
3,36,weight_layer3_36.txt,1110101001000101,01100101,0110101011100000,1001000001100110,0110101011001011,0001111000010001,1100001000000000,0101111110100110,11111111
3,37,weight_layer3_37.txt,1010010001001001,00010111,0111100001011011,0111100101110100,0000111001101000,1111110000000010,1011101110101110,1110011001110111,11001011
3,38,weight_layer3_38.txt,0100111101101100,00101100,1001101111010010,1010110101100001,1101010100111001,0000100010000111,0101101000010010,0010001010001111,11111100
3,39,weight_layer3_39.txt,0011000111100101,10011000,1100101111011100,1000010000011000,0011011010111110,0000011000000001,1110101001011110,1110111100100011,11010001
3,40,weight_layer3_40.txt,0101100010111110,01100000,1010101011000011,1111011000001101,0100111101010110,1111000000000011,0001110111111101,0110101100001001,11101010
3,41,weight_layer3_41.txt,0111000011010100,10101011,1111101101011010,1110100000001011,1110001000000000,0001011001001001,0010010011011111,0111000111111101,11111101
3,42,weight_layer3_42.txt,0111101000001111,10111011,1100101110111110,1000000010011101,1011111110100100,0011100101110010,0101001011000010,1010111111001010,11010111
3,43,weight_layer3_43.txt,1111001011101100,01001111,0011111000000111,0001000010001110,1100110101000011,1110000000101110,0100001100011101,1000111101011111,11001001
3,44,weight_layer3_44.txt,0100100000100011,00010011,1011100001000111,0111100001101011,0001111001110101,0111101000111010,0000000000010111,0111111111110100,11001011
3,45,weight_layer3_45.txt,1110011101011100,01101011,1001100000011011,0011101101101011,1001101010011011,0001110100011101,1011000001110100,0111010011100111,11101110
3,46,weight_layer3_46.txt,0100001111010111,01000111,0000000101111010,0001101001011111,1001010100110100,1010011011001100,0000111001100101,0101001110001110,11010000
3,47,weight_layer3_47.txt,1000001000001010,01000010,0100000101110110,1101111000100011,1000101000011101,0000111111000111,0101100110001000,1000101010010000,11011111
3,48,weight_layer3_48.txt,1001000100000011,00010000,1011100110101111,0000100001001101,0000011110100100,0000010000111010,0111010010010111,1010101101100101,11011001
3,49,weight_layer3_49.txt,1010111100011000,00111010,0010010111000010,0000011011000110,0011001111101101,0000011001011100,1101110011000001,1101110110100110,11110001
3,50,weight_layer3_50.txt,0011100001000001,10000011,1011000010011010,1100110000010110,0011110011111101,0011110100011100,0011101101000100,0101000110000001,11110010
3,51,weight_layer3_51.txt,0100100000101000,01001100,1010010001010000,1001011100000110,0100111100110100,0011101100111000,1110110000110100,0001000101101101,11100111
3,52,weight_layer3_52.txt,1011110001000101,10111110,0101101001001111,1000011100010110,0110011100011100,1001100100001011,0110010010011010,0010001010111011,11001100
3,53,weight_layer3_53.txt,0001101000100010,11100010,1001100001110010,1111010010010010,1100001110101101,1010101110100010,0100101101110011,1010100010101111,11000101
3,54,weight_layer3_54.txt,1110010110101000,11100001,0100110101110010,0001101000110010,0110001111010111,1111001100100111,0010100111110010,1100001101011011,11010110
3,55,weight_layer3_55.txt,0100111101000100,01001110,1001101101100000,0011001010011111,1001000111101010,0001111110001110,1101000001101011,1000111100010010,11011100
3,56,weight_layer3_56.txt,0000101101000101,10110011,0000100110000000,1101111110110100,1001101011011100,0101110111001111,1001001001011110,1101111110011001,11010101
3,57,weight_layer3_57.txt,1001111110101001,00110011,0101001001101101,1011110100011011,0111001011100110,0110011110111010,1001100111100100,0011101011001001,11010010
3,58,weight_layer3_58.txt,1011010001100101,01111100,1011101111011001,1011110100000001,0110011001010111,0000110001001111,1010011100101110,0111000101010011,11101010
3,59,weight_layer3_59.txt,0100011111100111,00110010,1100101000001100,1000101000000000,0110101011101010,0100100000110001,0100100111101010,1100100010110101,11011001
3,60,weight_layer3_60.txt,1010101101110111,00100100,1101010000101000,1101001101011110,0110101111010011,0100110010110101,0010011011101110,1110001110110110,11000111
3,61,weight_layer3_61.txt,0111000000111011,01110010,0000010100100000,1110111110100100,0011111011100100,0000011011000101,0100111000110000,0110001100010110,11001110
3,62,weight_layer3_62.txt,1110001000110001,00011110,1011100011001011,1001110001111111,0100101101110100,1110111011001010,1100101101101010,0011000101000011,11000011
3,63,weight_layer3_63.txt,0001101111110111,01111010,1101100011000011,1001001111110011,0110111101110010,0011010000000001,1101101000100110,0101011111010111,11110100
3,64,weight_layer3_64.txt,1100001101111010,01101010,1110100010001100,1111001101100010,0100110001011101,1101010110111001,1000000000011011,1011000101100001,11011100
3,65,weight_layer3_65.txt,1111111011100101,00010110,1010101010100010,1001101110011111,1110100011011110,1010000001100010,1101100111010010,0011110100101111,11001000
3,66,weight_layer3_66.txt,1001100010001111,10111011,1011010001110000,1101010101011000,1001101111110111,0001100000110011,1111010010000111,0011010011100111,11011101
3,67,weight_layer3_67.txt,0010011100100111,10000000,0001111001110000,0011010101100000,1100000111000011,0100001110111001,1000001000010011,1101000100100110,11000011
3,68,weight_layer3_68.txt,1000111010000110,10000010,0011001101010100,0100101000100100,1010000001011000,1111001100010011,1110101000000010,1000101110111010,11011011
3,69,weight_layer3_69.txt,0011100000111100,01110111,1111110000101100,1011011111010110,1010111100000111,1111001101110101,0100110100111000,1110100110101111,11010110
3,70,weight_layer3_70.txt,0110011011111110,00101101,0011100000100101,1001111010001011,0100011111101001,0100111110001000,1100001010010110,1111110000010111,11101001
3,71,weight_layer3_71.txt,0100100101010011,01100001,1100001001001000,1011110111100101,1100010001101010,1100010110110110,1010100000011001,1101000010101101,11001101
3,72,weight_layer3_72.txt,0110010010011001,10010001,1101110110011111,1001010111101010,0001010110010101,0110011110111000,1010111001110101,1000011011100010,11011101
3,73,weight_layer3_73.txt,0001000101000010,00101101,1101101001001110,1001001000111111,0011011111110001,0100100011110011,0101001011110001,1111101100101010,11111110
3,74,weight_layer3_74.txt,0111001011011100,01011001,0011010011001110,0001110010100111,1111100100010111,0111011000101011,0010100001000001,0000101001000000,11011011
3,75,weight_layer3_75.txt,0100010001111101,00111111,1000000100100100,0001001001011000,1110110010110001,1101110101000001,1011110001010011,0011001101001011,11011010
3,76,weight_layer3_76.txt,0111110100000011,10010100,0110100101110000,1010010110010011,0000010011111000,1001100001111100,0010000000001011,0010111111011101,11111101
3,77,weight_layer3_77.txt,0000111100101100,10101111,0111011001001011,1001110001111001,1110011001111001,0001111100010101,0100001110100101,0111110100111010,11000001
3,78,weight_layer3_78.txt,0110011101010100,10110100,0111111111010011,0110100001100100,1110011110101111,1001001100000011,0011111110110010,0101000110110000,11101011
3,79,weight_layer3_79.txt,0110111111010110,10100000,1000100111110010,1011101001010000,1100001011101110,0101010011111100,0010010011001100,0011011000111010,11011001
3,80,weight_layer3_80.txt,0101001001000001,10010110,1100111011101000,0110100111101110,1101101001110001,1001011101110100,0011111101100100,0001101011100001,11100000
3,81,weight_layer3_81.txt,1011111000000111,00010101,0010011101110011,1000000011110111,0111000100111101,0000111100111110,0000001110100110,1111011001000001,11110110
3,82,weight_layer3_82.txt,0100010010110100,11101011,1100010001001011,0011001011100000,1101101111101000,0111001001100111,0101010011100100,0101101000000110,11010101
3,83,weight_layer3_83.txt,0100100110100111,01011101,0110100001011010,0010010110001000,0010111000100100,1011011011100101,1111010000011100,0001010111101001,11111101
3,84,weight_layer3_84.txt,0000100100001001,01000000,1111011011010101,1001100001001100,1010110101000100,1010001011111000,0011011001111100,1010001010000110,11010100
3,85,weight_layer3_85.txt,0111101010100011,11000110,0101111100100111,1101000110010010,0101010110011101,0101110000110111,1011110100110011,0011101111000100,11110011
3,86,weight_layer3_86.txt,0011011111101011,00011101,1000110011100011,1011100100001010,0110111111110111,0111111011100000,1011000100110011,1110101101001111,11110001
3,87,weight_layer3_87.txt,0001011101010010,00110011,0110110000110000,0000100100100001,1110000101000000,1001001110001010,1000101111010011,0101101101010100,11100010
3,88,weight_layer3_88.txt,0100110101001000,00110111,1010011011010111,1010010110011001,1100001000111111,0111000100011111,0101110010011110,1010001101100011,11100110
3,89,weight_layer3_89.txt,0010101110100100,11101100,0111010100001000,0110100101011111,0101011111001100,0110110011000000,1010110110111010,0110010000100101,11111001
3,90,weight_layer3_90.txt,0111101000101001,11111101,1100001000011001,1011110110011111,0000010100110011,1111101010011010,1010011001101110,1110011111011001,11110110
3,91,weight_layer3_91.txt,0000011111011011,00100111,1010010100110100,0100001000010101,1111000000011000,1111001000101011,0101111111110010,0001001010100001,11001110
3,92,weight_layer3_92.txt,1001011001010000,00011001,0011100000001010,0101101001111111,1010101100000101,0001000101101111,0101100001111110,0101011000101100,11010101
3,93,weight_layer3_93.txt,1110010101011111,10000111,1101100110000000,0010110111000110,1001110111001010,0010111111011010,1011011111100010,0010011100101110,11111111
3,94,weight_layer3_94.txt,0010000100110011,11101001,1010101011000110,1111000001010010,1011000011000111,0001110011111101,0110001010000010,1111011100110111,11100001
3,95,weight_layer3_95.txt,1000011000011101,11110101,0100011001101001,0001100100101010,1100100001000101,1110000110101101,1101010111110101,0111011000000001,11111110
3,96,weight_layer3_96.txt,0001101011010011,00100100,1010101101111011,1111111100000011,0010100011100100,1100111110100101,1011001111001100,0011000110101000,11000111
3,97,weight_layer3_97.txt,0011011111010100,00100001,0010100111001011,0010001011111000,1110110101010011,0001100001001101,0101011101000000,0101000001101110,11100101
3,98,weight_layer3_98.txt,0001001011011001,01111111,1001110011111000,0111111111100110,0101000011111010,1110110101000010,1100011100000111,1101001001011100,11100010
3,99,weight_layer3_99.txt,1010111110001010,01001010,1101110110001000,1011000000110101,0011111100110101,0011001111010101,1101010101000110,0110001010110000,11000100
3,100,weight_layer3_100.txt,1100100111010110,00110000,1111101110101010,0001101001010111,1001111001101011,0000010111101001,1111000001111110,1000111000000000,11100101
3,101,weight_layer3_101.txt,1011100000001011,01000100,0000100101000011,1010000100010101,1110111101110001,0110111000100100,1000011111011111,0001111110100001,11100100
3,102,weight_layer3_102.txt,0011011000000101,10110011,1111100000000011,1101100010110010,0001100110000001,1011110111111100,1010100100100000,1000101110001001,11110010
3,103,weight_layer3_103.txt,1001011001011111,10011000,1111110011010101,1000111000011110,0001000100111010,0101000110011000,1011000100010101,1110000001010100,11001110
3,104,weight_layer3_104.txt,1100111010000100,10100001,0010101011111001,0000001101111110,0010001101011010,1110010010110100,1011000101000101,1110110111011110,11011110
3,105,weight_layer3_105.txt,0101000010101000,00011011,0001011100100010,0101001010001011,1110110100010101,0010111111100000,0100011101001100,1111011111101010,11100011
3,106,weight_layer3_106.txt,1101000100110010,01001001,1001010001000101,1010100111001000,0111100010110100,1001010010101111,1110111100110011,0010101110000000,11100001
3,107,weight_layer3_107.txt,0000100100111010,00100100,0000101010000010,0111000010100011,0010100000000110,1010011000001101,0111011101010001,1110111111001000,11001001
3,108,weight_layer3_108.txt,1100011010110111,00011110,1000000100110011,0000110010100000,1101100000110011,1000101011010110,0101110010001001,0111110110111101,11111110
3,109,weight_layer3_109.txt,1110010000100111,11110100,1110000011000101,0000101000000101,1101110110000110,0001101011011101,1100111011010101,1100100100011101,11110010
3,110,weight_layer3_110.txt,0110011000001001,11111000,0010001100010011,1110010100011000,1110101100110101,0110100101101000,0001010011010101,1111111111000111,11110000
3,111,weight_layer3_111.txt,0011101100001000,00111110,0101000110010010,1101101010010111,1000011111011101,1101101010110011,1000000001100111,0000011000110110,11111000
3,112,weight_layer3_112.txt,1011011101101010,00000001,1111100000000000,0110111011110101,1111111010110101,1101001101010011,1000010001001010,1010101011001111,11110111
3,113,weight_layer3_113.txt,1010101101111010,00100111,1111111101001100,1001001010110100,1010011010110111,1101011100011100,0011000011110011,1011101011111100,11011011
3,114,weight_layer3_114.txt,1111001100100100,01111101,0111000011100110,0011101110100001,0010100010001100,0100011100101111,1011011111111001,1000101100011110,11001010
3,115,weight_layer3_115.txt,1101011000000101,10010001,0110111011100110,1101001110001100,1011010101110111,0001010011000001,0011100101100000,1010000000101111,11101011
3,116,weight_layer3_116.txt,0111000001011111,10110001,0111000010011110,0110110011100111,1111110101110000,0101010010110000,0101100001001101,0001010101101100,11110010
3,117,weight_layer3_117.txt,1101100111010101,10110001,1000101111111001,0000110100000110,1000111011101001,0101101101101101,1001010001010011,0100101111110111,11110100
3,118,weight_layer3_118.txt,1111100100111110,11100111,1111011011010001,1001100101101100,0010011000100001,1111010010000011,1011001111110100,1110010011001110,11000011
3,119,weight_layer3_119.txt,0110000100001101,11011100,0100101110100000,1010100011001110,0000000110001001,0100000111000101,0101000100000100,1010000011011000,11011001
3,120,weight_layer3_120.txt,1011110110000011,11101001,0001111010010001,0110011010000000,0110110011101101,0010111110001000,0111100000101101,0000000010001100,11111101
3,121,weight_layer3_121.txt,0010010110000000,10111111,0000110011010101,0001100000110010,1000001111001101,0000000111110110,0011010110101100,1000011110010000,11000101
3,122,weight_layer3_122.txt,1110011010110111,00110101,0100100100100000,1100100010111010,0110000101111010,0001110011110001,0101000100110000,0111111111110100,11100111
3,123,weight_layer3_123.txt,1010001110001101,01100010,0101100101001010,0011110111110011,1010010111110111,1110100111000101,0011010010100100,0010001110000111,11010000
3,124,weight_layer3_124.txt,1011111100001101,00011111,0000111011111100,1100011110001111,0001011111010001,0011101011101011,1100000010110111,1010101001001010,11011011
3,125,weight_layer3_125.txt,1111000011110111,10100001,0000110111010101,0110100010010100,1111111110010001,1000011000101000,1100001110100110,0011010000001101,11110101
