10.8.8.178-2.30.116.54-43020-58139-6,packet_id: 1,delay: 0.5520970821380615
10.8.8.178-2.30.116.54-43020-58139-6,packet_id: 2,delay: 0.5569887161254883
10.8.8.178-2.30.116.54-43020-58139-6,packet_id: 3,delay: 0.5566706657409668
10.8.8.178-2.30.116.54-43020-58139-6,packet_id: 4,delay: 0.5531477928161621
10.8.8.178-2.30.116.54-43020-58139-6,packet_id: 5,delay: 0.5762636661529541
10.8.8.178-2.30.116.54-43020-58139-6,packet_id: 6,delay: 0.5826928615570068
10.8.8.178-23.67.255.209-39285-443-6,packet_id: 1,delay: 0.5615706443786621
10.8.8.130-2.30.116.54-48835-58139-6,packet_id: 1,delay: 0.34915876388549805
10.8.8.130-2.30.116.54-48835-58139-6,packet_id: 2,delay: 0.3784334659576416
10.8.8.130-2.30.116.54-48835-58139-6,packet_id: 3,delay: 0.35030293464660645
10.8.8.178-23.192.162.186-46878-443-6,packet_id: 1,delay: 0.799224853515625
108.175.43.161-131.202.240.150-80-57196-6,packet_id: 1,delay: 0.5961763858795166
108.175.43.161-131.202.240.150-80-57196-6,packet_id: 2,delay: 0.5975124835968018
108.175.43.161-131.202.240.150-80-57196-6,packet_id: 3,delay: 0.5963454246520996
108.175.43.161-131.202.240.150-80-57196-6,packet_id: 4,delay: 0.6129186153411865
108.175.43.161-131.202.240.150-80-57196-6,packet_id: 5,delay: 0.6031880378723145
108.175.43.161-131.202.240.150-80-57196-6,packet_id: 6,delay: 0.5939810276031494
108.175.43.161-131.202.240.150-80-57196-6,packet_id: 7,delay: 0.6178059577941895
10.8.8.178-63.245.217.113-38085-443-6,packet_id: 1,delay: 0.762117862701416
10.8.8.178-63.245.217.113-38086-443-6,packet_id: 1,delay: 1.0653512477874756
10.8.8.130-2.101.222.231-34461-9396-6,packet_id: 1,delay: 0.4915506839752197
10.8.8.130-2.101.222.231-34461-9396-6,packet_id: 2,delay: 0.4956059455871582
10.8.8.130-2.101.222.231-34461-9396-6,packet_id: 3,delay: 0.4962751865386963
10.8.8.130-2.101.222.231-34461-9396-6,packet_id: 4,delay: 0.5222978591918945
10.8.8.130-2.101.222.231-34461-9396-6,packet_id: 5,delay: 0.5255355834960938
10.8.8.178-86.4.212.228-52449-59222-6,packet_id: 1,delay: 0.5651352405548096
10.8.8.178-134.170.25.26-54269-443-6,packet_id: 1,delay: 0.7524106502532959
10.8.8.178-134.170.25.26-54269-443-6,packet_id: 2,delay: 0.7562985420227051
10.0.2.15-24.140.134.21-45746-45411-6,packet_id: 1,delay: 0.8103041648864746
157.56.126.188-131.202.240.242-443-5589-6,packet_id: 1,delay: 0.7355999946594238
157.56.126.188-131.202.240.242-443-5589-6,packet_id: 2,delay: 0.7711656093597412
157.56.126.188-131.202.240.242-443-5589-6,packet_id: 3,delay: 0.7243263721466064
157.56.126.188-131.202.240.242-443-5589-6,packet_id: 4,delay: 0.7421934604644775
157.56.126.188-131.202.240.242-443-5589-6,packet_id: 5,delay: 0.7261321544647217
157.56.126.188-131.202.240.242-443-5589-6,packet_id: 6,delay: 0.7375144958496094
157.56.126.188-131.202.240.242-443-5589-6,packet_id: 7,delay: 0.7703514099121094
157.56.126.188-131.202.240.242-443-5589-6,packet_id: 8,delay: 0.7445757389068604
157.56.126.188-131.202.240.242-443-5589-6,packet_id: 9,delay: 0.746936559677124
157.56.126.188-131.202.240.242-443-5589-6,packet_id: 10,delay: 0.7205452919006348
157.56.126.188-131.202.240.242-443-5589-6,packet_id: 11,delay: 0.72475266456604
157.56.126.188-131.202.240.242-443-5589-6,packet_id: 12,delay: 0.7397892475128174
157.56.126.188-131.202.240.242-443-5589-6,packet_id: 13,delay: 0.7259392738342285
10.8.8.178-173.194.67.94-34123-443-6,packet_id: 1,delay: 0.5928053855895996
10.8.8.178-173.194.67.94-34123-443-6,packet_id: 2,delay: 0.5707931518554688
10.0.2.15-64.233.183.16-43558-993-6,packet_id: 1,delay: 0.8075716495513916
10.0.2.15-64.233.183.16-43558-993-6,packet_id: 2,delay: 0.800652265548706
10.8.8.138-24.156.130.203-55782-80-6,packet_id: 1,delay: 0.6002001762390137
10.8.8.138-24.156.130.203-55782-80-6,packet_id: 2,delay: 0.6019418239593506
10.8.8.138-24.156.130.203-55782-80-6,packet_id: 3,delay: 0.5869078636169434
10.8.8.138-24.156.130.203-55782-80-6,packet_id: 4,delay: 0.5993437767028809
10.8.8.130-66.220.156.2-42513-443-6,packet_id: 1,delay: 0.37787699699401855
10.8.8.130-66.220.156.2-42513-443-6,packet_id: 2,delay: 0.32082605361938477
10.8.8.130-66.220.156.2-42513-443-6,packet_id: 3,delay: 0.3342311382293701
10.8.8.130-66.220.156.2-42513-443-6,packet_id: 4,delay: 0.3556339740753174
10.8.8.130-66.220.156.2-42513-443-6,packet_id: 5,delay: 0.3527348041534424
10.8.8.130-66.220.156.2-42513-443-6,packet_id: 6,delay: 0.3398866653442383
10.8.8.130-66.220.156.2-42513-443-6,packet_id: 7,delay: 0.36807703971862793
10.8.8.130-66.220.156.2-42513-443-6,packet_id: 8,delay: 0.36770200729370117
10.8.8.130-66.220.156.2-42513-443-6,packet_id: 9,delay: 0.3417701721191406
10.8.8.130-66.220.156.2-42513-443-6,packet_id: 10,delay: 0.35402369499206543
157.56.192.53-10.8.8.130-443-33104-6,packet_id: 1,delay: 0.5756793022155762
157.56.192.53-10.8.8.130-443-33104-6,packet_id: 2,delay: 0.5764768123626709
10.8.8.178-173.194.67.189-57926-443-6,packet_id: 1,delay: 0.9234170913696289
10.8.8.178-173.194.67.189-57926-443-6,packet_id: 2,delay: 0.9361295700073242
10.8.8.178-173.194.67.189-57926-443-6,packet_id: 3,delay: 0.9213762283325195
10.8.8.178-173.194.67.189-57926-443-6,packet_id: 4,delay: 0.9053914546966553
10.8.8.178-173.194.67.189-57926-443-6,packet_id: 5,delay: 0.9164252281188965
10.8.8.178-173.194.67.189-57926-443-6,packet_id: 6,delay: 0.9237203598022461
10.0.2.15-74.125.71.16-51269-465-6,packet_id: 1,delay: 0.7140598297119141
10.0.2.15-74.125.207.16-42905-465-6,packet_id: 1,delay: 0.6178019046783447
10.8.8.110-63.245.216.132-39035-443-6,packet_id: 1,delay: 0.7661521434783936
131.202.240.87-64.12.27.65-64714-443-6,packet_id: 1,delay: 0.9467415809631348
10.8.8.138-107.22.243.234-35936-443-6,packet_id: 1,delay: 0.3634376525878906
10.0.2.15-74.125.207.16-42924-465-6,packet_id: 1,delay: 0.6149849891662598
10.8.8.110-63.245.216.134-46949-443-6,packet_id: 1,delay: 0.5439243316650391
10.8.8.138-185.2.220.137-43533-80-6,packet_id: 1,delay: 0.2974526882171631
10.8.8.138-185.2.220.137-43533-80-6,packet_id: 2,delay: 0.29396796226501465
10.8.8.138-185.2.220.137-43533-80-6,packet_id: 3,delay: 0.2981715202331543
10.8.8.138-185.2.220.137-43533-80-6,packet_id: 4,delay: 0.29634714126586914
10.8.8.138-185.2.220.137-43533-80-6,packet_id: 5,delay: 0.30832433700561523
10.8.8.138-185.2.220.137-43533-80-6,packet_id: 6,delay: 0.30411410331726074
10.8.8.138-185.2.220.137-43533-80-6,packet_id: 7,delay: 0.28647303581237793
10.8.8.138-185.2.220.137-43533-80-6,packet_id: 8,delay: 0.2996697425842285
10.8.8.138-185.2.220.137-43533-80-6,packet_id: 9,delay: 0.2929110527038574
10.8.8.138-185.2.220.137-43533-80-6,packet_id: 10,delay: 0.2792048454284668
10.8.8.138-185.2.220.137-43533-80-6,packet_id: 11,delay: 0.2953610420227051
10.8.8.138-185.2.220.137-43533-80-6,packet_id: 12,delay: 0.29968738555908203
10.8.8.138-185.2.220.137-43533-80-6,packet_id: 13,delay: 0.2817952632904053
10.8.8.138-185.2.220.137-43533-80-6,packet_id: 14,delay: 0.2787055969238281
10.8.8.138-185.2.220.137-43533-80-6,packet_id: 15,delay: 0.2940185070037842
10.8.8.138-185.2.220.137-43533-80-6,packet_id: 16,delay: 0.28027820587158203
10.8.8.138-185.2.220.137-43533-80-6,packet_id: 17,delay: 0.29720616340637207
10.8.8.138-185.2.220.137-43533-80-6,packet_id: 18,delay: 0.27820372581481934
10.8.8.138-185.2.220.137-43533-80-6,packet_id: 19,delay: 0.27972412109375
10.8.8.138-185.2.220.137-43533-80-6,packet_id: 20,delay: 0.3091118335723877
10.8.8.138-185.2.220.137-43533-80-6,packet_id: 21,delay: 0.29422569274902344
10.8.8.138-185.2.220.137-43533-80-6,packet_id: 22,delay: 0.29718732833862305
10.8.8.138-185.2.220.137-43533-80-6,packet_id: 23,delay: 0.28385329246520996
10.8.8.138-185.2.220.137-43533-80-6,packet_id: 24,delay: 0.2972865104675293
10.8.8.138-185.2.220.137-43533-80-6,packet_id: 25,delay: 0.30169081687927246
10.8.8.138-185.2.220.137-43533-80-6,packet_id: 26,delay: 0.2827615737915039
10.8.8.138-185.2.220.137-43533-80-6,packet_id: 27,delay: 0.30002260208129883
10.8.8.138-185.2.220.137-43533-80-6,packet_id: 28,delay: 0.3017239570617676
10.8.8.138-185.2.220.137-43533-80-6,packet_id: 29,delay: 0.28017115592956543
10.8.8.138-185.2.220.137-43533-80-6,packet_id: 30,delay: 0.30420708656311035
10.8.8.138-185.2.220.137-43533-80-6,packet_id: 31,delay: 0.29982495307922363
10.8.8.138-185.2.220.137-43533-80-6,packet_id: 32,delay: 0.29428577423095703
10.8.8.138-185.2.220.137-43533-80-6,packet_id: 33,delay: 0.2897648811340332
10.8.8.138-185.2.220.137-43533-80-6,packet_id: 34,delay: 0.30372142791748047
10.8.8.138-185.2.220.137-43533-80-6,packet_id: 35,delay: 0.2917978763580322
10.8.8.138-185.2.220.137-43533-80-6,packet_id: 36,delay: 0.30962634086608887
10.8.8.138-185.2.220.137-43533-80-6,packet_id: 37,delay: 0.29566383361816406
10.8.8.138-185.2.220.137-43533-80-6,packet_id: 38,delay: 0.28718996047973633
10.8.8.138-185.2.220.137-43533-80-6,packet_id: 39,delay: 0.3121516704559326
10.8.8.138-185.2.220.137-43533-80-6,packet_id: 40,delay: 0.30068278312683105
10.8.8.138-185.2.220.137-43533-80-6,packet_id: 41,delay: 0.31497836112976074
10.8.8.138-185.2.220.137-43533-80-6,packet_id: 42,delay: 0.29314517974853516
10.8.8.138-185.2.220.137-43533-80-6,packet_id: 43,delay: 0.30527639389038086
10.8.8.138-185.2.220.137-43533-80-6,packet_id: 44,delay: 0.30571961402893066
10.8.8.138-185.2.220.137-43533-80-6,packet_id: 45,delay: 0.31028127670288086
10.8.8.138-185.2.220.137-43533-80-6,packet_id: 46,delay: 0.3099088668823242
10.8.8.138-185.2.220.137-43533-80-6,packet_id: 47,delay: 0.2918083667755127
10.8.8.138-185.2.220.137-43533-80-6,packet_id: 48,delay: 0.2934451103210449
10.8.8.138-185.2.220.137-43533-80-6,packet_id: 49,delay: 0.2830469608306885
131.202.240.87-65.55.2.6-11378-443-6,packet_id: 1,delay: 0.6919982433319092
10.0.2.15-74.125.207.16-48993-465-6,packet_id: 1,delay: 0.6343197822570801
10.8.8.110-64.233.184.16-37404-465-6,packet_id: 1,delay: 0.40434908866882324
10.0.2.15-74.125.207.16-49005-465-6,packet_id: 1,delay: 0.6091978549957275
131.202.240.87-68.67.153.40-11386-80-6,packet_id: 1,delay: 0.812000036239624
10.8.8.110-64.233.184.16-37424-465-6,packet_id: 1,delay: 0.4022483825683594
131.202.240.87-74.125.69.16-10714-993-6,packet_id: 1,delay: 0.8405699729919434
10.0.2.15-137.116.32.77-34727-443-6,packet_id: 1,delay: 0.4592564105987549
10.8.8.110-64.233.184.16-37428-465-6,packet_id: 1,delay: 0.37907910346984863
131.202.240.87-74.125.69.16-10741-993-6,packet_id: 1,delay: 0.9596281051635742
131.202.240.87-74.125.69.16-10741-993-6,packet_id: 2,delay: 0.9725363254547119
131.202.240.87-74.125.69.16-10741-993-6,packet_id: 3,delay: 0.8211400508880615
10.0.2.15-204.83.155.169-54967-32620-6,packet_id: 1,delay: 0.41173601150512695
10.8.8.178-173.252.100.27-47132-443-6,packet_id: 1,delay: 0.7629313468933105
10.8.8.178-173.252.100.27-47132-443-6,packet_id: 2,delay: 0.7368674278259277
10.8.8.178-173.252.100.27-47132-443-6,packet_id: 3,delay: 0.7490556240081787
10.8.8.178-173.252.100.27-47132-443-6,packet_id: 4,delay: 0.7481532096862793
10.8.8.178-173.252.100.27-47132-443-6,packet_id: 5,delay: 0.7487554550170898
10.8.8.178-173.252.100.27-47132-443-6,packet_id: 6,delay: 0.7495253086090088
10.8.8.110-64.233.184.16-37433-465-6,packet_id: 1,delay: 0.37990736961364746
10.0.2.15-216.58.208.46-53913-80-6,packet_id: 1,delay: 0.5212380886077881
131.202.240.87-74.125.69.16-10743-993-6,packet_id: 1,delay: 0.8206279277801514
10.8.8.130-77.103.197.35-52719-47872-6,packet_id: 1,delay: 0.6455450057983398
131.202.240.87-74.125.134.188-64960-5228-6,packet_id: 1,delay: 0.9253702163696289
10.8.8.130-86.4.212.228-59320-59222-6,packet_id: 1,delay: 0.347064733505249
10.8.8.130-86.4.212.228-59320-59222-6,packet_id: 2,delay: 0.34557104110717773
10.8.8.130-86.4.212.228-59320-59222-6,packet_id: 3,delay: 0.3523242473602295
10.8.8.130-86.4.212.228-59320-59222-6,packet_id: 4,delay: 0.35532093048095703
131.202.240.87-74.125.202.16-10773-993-6,packet_id: 1,delay: 1.0933818817138672
131.202.240.87-74.125.202.16-10798-993-6,packet_id: 1,delay: 1.1073973178863525
10.8.8.178-178.237.17.103-51318-443-6,packet_id: 1,delay: 0.9239122867584229
10.8.8.178-178.237.17.103-51318-443-6,packet_id: 2,delay: 0.9021048545837402
10.8.8.178-178.237.17.103-51318-443-6,packet_id: 3,delay: 0.9200544357299805
10.8.8.178-178.237.17.103-51318-443-6,packet_id: 4,delay: 0.9220895767211914
10.8.8.178-178.237.17.103-51318-443-6,packet_id: 5,delay: 0.924569845199585
131.202.240.87-105.237.177.132-42322-50244-6,packet_id: 1,delay: 0.6241188049316406
131.202.240.87-107.21.103.88-11343-443-6,packet_id: 1,delay: 0.7970271110534668
10.8.8.130-157.56.192.53-33104-443-6,packet_id: 1,delay: 0.43750786781311035
10.8.8.130-157.56.192.53-33104-443-6,packet_id: 2,delay: 0.4382762908935547
10.8.8.130-157.56.192.53-33104-443-6,packet_id: 3,delay: 0.40303921699523926
131.202.240.87-131.202.240.242-42322-5619-6,packet_id: 1,delay: 0.7369174957275391
131.202.240.87-131.202.240.242-42322-5619-6,packet_id: 2,delay: 0.7229824066162109
131.202.240.87-131.202.240.242-42322-5619-6,packet_id: 3,delay: 0.7716703414916992
131.202.240.87-131.202.240.242-42322-5619-6,packet_id: 4,delay: 0.7674896717071533
131.202.240.87-131.202.240.242-42322-5619-6,packet_id: 5,delay: 0.7370724678039551
131.202.240.87-131.202.240.242-42322-5619-6,packet_id: 6,delay: 0.7410335540771484
131.202.240.87-131.202.240.242-42322-5619-6,packet_id: 7,delay: 0.7308273315429688
131.202.240.87-131.202.240.242-42322-5619-6,packet_id: 8,delay: 0.7487413883209229
131.202.240.87-131.202.240.242-42322-5619-6,packet_id: 9,delay: 0.7272329330444336
131.202.240.87-131.202.240.242-42322-5619-6,packet_id: 10,delay: 0.8767344951629639
131.202.240.87-131.202.240.242-42322-5619-6,packet_id: 11,delay: 0.8965444564819336
131.202.240.87-131.202.240.242-42322-5619-6,packet_id: 12,delay: 0.8877639770507812
131.202.240.87-131.202.240.242-42322-5619-6,packet_id: 13,delay: 0.9199087619781494
131.202.240.87-131.202.240.242-42322-5619-6,packet_id: 14,delay: 0.7564742565155029
131.202.240.87-131.202.240.242-42322-5619-6,packet_id: 15,delay: 0.7367744445800781
131.202.240.87-131.202.240.242-42322-5619-6,packet_id: 16,delay: 0.7261867523193359
131.202.240.87-131.202.240.242-42322-5619-6,packet_id: 17,delay: 0.7261779308319092
131.202.240.87-131.202.240.242-42322-5619-6,packet_id: 18,delay: 0.722113847732544
131.202.240.87-131.202.240.242-42322-5619-6,packet_id: 19,delay: 0.7214226722717285
131.202.240.87-131.202.240.242-42322-5619-6,packet_id: 20,delay: 0.7213668823242188
131.202.240.87-131.202.240.242-42322-5619-6,packet_id: 21,delay: 0.716463565826416
131.202.240.87-131.202.240.242-42322-5619-6,packet_id: 22,delay: 0.7107715606689453
131.202.240.87-131.202.240.242-42322-5619-6,packet_id: 23,delay: 0.9151875972747803
131.202.240.87-131.202.240.242-42322-5619-6,packet_id: 24,delay: 0.8975286483764648
131.202.240.87-131.202.240.242-42322-5619-6,packet_id: 25,delay: 0.8975911140441895
131.202.240.87-131.202.240.242-42322-5619-6,packet_id: 26,delay: 0.7301766872406006
131.202.240.87-131.202.240.242-42322-5619-6,packet_id: 27,delay: 0.8692758083343506
131.202.240.87-131.202.240.242-42322-5619-6,packet_id: 28,delay: 0.9120543003082275
131.202.240.87-131.202.240.242-42322-5619-6,packet_id: 29,delay: 0.8806188106536865
131.202.240.87-131.202.240.242-42322-5619-6,packet_id: 30,delay: 0.8720664978027344
131.202.240.87-131.202.240.242-42322-5619-6,packet_id: 31,delay: 0.8817720413208008
131.202.240.87-131.202.240.242-42322-5619-6,packet_id: 32,delay: 0.8773720264434814
131.202.240.87-131.202.240.242-42322-5619-6,packet_id: 33,delay: 0.8788712024688721
131.202.240.87-131.202.240.242-42322-5619-6,packet_id: 34,delay: 0.8976762294769287
131.202.240.87-131.202.240.242-42322-5619-6,packet_id: 35,delay: 0.8825914859771729
131.202.240.87-131.202.240.242-42322-5619-6,packet_id: 36,delay: 0.8867902755737305
131.202.240.87-131.202.240.242-42322-5619-6,packet_id: 37,delay: 0.8699405193328857
131.202.240.87-131.202.240.242-42322-5619-6,packet_id: 38,delay: 0.925053596496582
10.8.8.178-205.188.12.91-48911-443-6,packet_id: 1,delay: 0.7331397533416748
10.8.8.130-173.194.78.189-60098-443-6,packet_id: 1,delay: 0.5207569599151611
10.8.8.130-173.194.78.189-60098-443-6,packet_id: 2,delay: 0.5614087581634521
10.8.8.130-173.194.78.189-60098-443-6,packet_id: 3,delay: 0.5262839794158936
10.8.8.130-173.194.78.189-60098-443-6,packet_id: 4,delay: 0.5640130043029785
10.8.8.130-173.194.78.189-60098-443-6,packet_id: 5,delay: 0.5273418426513672
10.8.8.130-173.194.78.189-60098-443-6,packet_id: 6,delay: 0.5452613830566406
10.8.8.178-216.58.208.35-52205-443-6,packet_id: 1,delay: 0.793748140335083
10.8.8.178-216.58.208.37-51920-443-6,packet_id: 1,delay: 0.8605585098266602
10.8.8.178-216.58.208.46-38243-443-6,packet_id: 1,delay: 0.6129872798919678
10.8.8.178-216.58.208.46-38243-443-6,packet_id: 2,delay: 0.6246151924133301
10.8.8.178-216.58.208.46-38243-443-6,packet_id: 3,delay: 0.6449234485626221
10.8.8.178-216.58.208.46-38243-443-6,packet_id: 4,delay: 0.6343278884887695
10.8.8.178-216.58.208.46-38243-443-6,packet_id: 5,delay: 0.6372272968292236
10.8.8.130-178.237.18.202-34342-443-6,packet_id: 1,delay: 0.7108616828918457
10.8.8.130-178.237.18.202-34342-443-6,packet_id: 2,delay: 0.7197086811065674
10.8.8.130-178.237.18.202-34342-443-6,packet_id: 3,delay: 0.6959929466247559
10.8.8.178-216.58.208.46-38246-443-6,packet_id: 1,delay: 0.6352405548095703
10.8.8.178-216.58.208.46-38264-443-6,packet_id: 1,delay: 0.6383590698242188
10.8.8.178-216.58.208.46-38264-443-6,packet_id: 2,delay: 0.625823974609375
10.8.8.178-216.58.208.46-38264-443-6,packet_id: 3,delay: 0.6225779056549072
10.8.8.178-216.58.208.46-38264-443-6,packet_id: 4,delay: 0.6337583065032959
10.8.8.130-205.188.12.43-44917-443-6,packet_id: 1,delay: 0.6378707885742188
10.8.8.130-205.188.12.43-44917-443-6,packet_id: 2,delay: 0.6127078533172607
108.175.43.146-131.202.240.150-80-60056-6,packet_id: 1,delay: 0.7039082050323486
108.175.43.146-131.202.240.150-80-60056-6,packet_id: 2,delay: 0.7096431255340576
108.175.43.146-131.202.240.150-80-60056-6,packet_id: 3,delay: 0.676138162612915
108.175.43.146-131.202.240.150-80-60056-6,packet_id: 4,delay: 0.7086167335510254
108.175.43.146-131.202.240.150-80-60056-6,packet_id: 5,delay: 0.720613956451416
108.175.43.146-131.202.240.150-80-60056-6,packet_id: 6,delay: 0.7129223346710205
108.175.43.146-131.202.240.150-80-60056-6,packet_id: 7,delay: 0.713813304901123
108.175.43.146-131.202.240.150-80-60056-6,packet_id: 8,delay: 0.6950180530548096
10.8.8.130-216.58.210.3-34920-443-6,packet_id: 1,delay: 0.7255346775054932
10.8.8.130-216.58.210.3-34920-443-6,packet_id: 2,delay: 0.7053098678588867
10.8.8.130-216.58.210.3-34920-443-6,packet_id: 3,delay: 0.7032983303070068
10.8.8.234-74.125.71.16-56545-993-6,packet_id: 1,delay: 0.6069934368133545
10.8.8.234-74.125.71.16-56545-993-6,packet_id: 2,delay: 0.586531400680542
10.8.8.178-216.58.210.35-59222-443-6,packet_id: 1,delay: 0.6325244903564453
10.8.8.234-74.125.133.16-51040-993-6,packet_id: 1,delay: 0.5149478912353516
10.8.8.178-216.58.210.35-59252-443-6,packet_id: 1,delay: 0.6495332717895508
10.8.8.130-216.58.210.3-34927-443-6,packet_id: 1,delay: 0.693619966506958
10.8.8.234-74.125.133.16-51055-993-6,packet_id: 1,delay: 0.5598447322845459
10.8.8.234-74.125.133.16-51055-993-6,packet_id: 2,delay: 0.5778591632843018
10.8.8.234-74.125.133.16-51055-993-6,packet_id: 3,delay: 0.5924818515777588
10.8.8.234-74.125.133.16-51055-993-6,packet_id: 4,delay: 0.5695104598999023
10.8.8.234-74.125.133.16-51055-993-6,packet_id: 5,delay: 0.5604555606842041
10.8.8.234-74.125.133.16-51055-993-6,packet_id: 6,delay: 0.575869083404541
10.8.8.234-74.125.133.16-51055-993-6,packet_id: 7,delay: 0.5728137493133545
10.8.8.234-74.125.133.16-51055-993-6,packet_id: 8,delay: 0.5816404819488525
10.8.8.178-216.58.210.46-39796-443-6,packet_id: 1,delay: 0.7840871810913086
10.8.8.178-216.58.210.46-39796-443-6,packet_id: 2,delay: 0.7762186527252197
10.8.8.178-216.58.210.46-39796-443-6,packet_id: 3,delay: 0.8011736869812012
10.8.8.178-216.58.210.46-39796-443-6,packet_id: 4,delay: 0.7888133525848389
10.8.8.178-216.58.210.46-39796-443-6,packet_id: 5,delay: 0.7841241359710693
10.8.8.178-216.58.210.46-39796-443-6,packet_id: 6,delay: 0.799694299697876
10.8.8.130-216.58.210.3-34930-443-6,packet_id: 1,delay: 0.727919340133667
173.194.20.107-131.202.240.150-443-44157-6,packet_id: 1,delay: 0.6380777359008789
173.194.20.107-131.202.240.150-443-44157-6,packet_id: 2,delay: 0.6275546550750732
173.194.20.107-131.202.240.150-443-44157-6,packet_id: 3,delay: 0.6330902576446533
173.194.20.107-131.202.240.150-443-44157-6,packet_id: 4,delay: 0.6182501316070557
173.194.20.107-131.202.240.150-443-44157-6,packet_id: 5,delay: 0.6097116470336914
173.194.20.107-131.202.240.150-443-44157-6,packet_id: 6,delay: 0.6338891983032227
173.194.20.107-131.202.240.150-443-44157-6,packet_id: 7,delay: 0.6049642562866211
173.194.20.107-131.202.240.150-443-44157-6,packet_id: 8,delay: 0.5956919193267822
173.194.20.107-131.202.240.150-443-44157-6,packet_id: 9,delay: 0.602069616317749
10.8.8.130-216.58.210.14-45184-443-6,packet_id: 1,delay: 0.5477268695831299
10.8.8.130-216.58.210.14-45184-443-6,packet_id: 2,delay: 0.5270087718963623
10.8.8.130-216.58.210.14-45184-443-6,packet_id: 3,delay: 0.5319490432739258
10.8.8.130-216.58.210.14-45184-443-6,packet_id: 4,delay: 0.4688408374786377
10.8.8.130-216.58.210.14-45184-443-6,packet_id: 5,delay: 0.49730753898620605
10.8.8.130-216.58.210.14-45184-443-6,packet_id: 6,delay: 0.5212295055389404
10.8.8.130-216.58.210.14-45184-443-6,packet_id: 7,delay: 0.5238499641418457
10.8.8.130-216.58.210.14-45184-443-6,packet_id: 8,delay: 0.5359539985656738
10.8.8.130-216.58.210.14-45184-443-6,packet_id: 9,delay: 0.4840574264526367
10.8.8.130-216.58.210.14-45184-443-6,packet_id: 10,delay: 0.4853687286376953
10.8.8.130-216.58.210.14-45184-443-6,packet_id: 11,delay: 0.4916388988494873
10.8.8.130-216.58.210.14-45184-443-6,packet_id: 12,delay: 0.49505114555358887
10.8.8.130-216.58.210.14-45184-443-6,packet_id: 13,delay: 0.5062577724456787
10.8.8.130-216.58.210.14-45184-443-6,packet_id: 14,delay: 0.508049488067627
10.8.8.130-216.58.210.14-45184-443-6,packet_id: 15,delay: 0.49010777473449707
10.8.8.130-216.58.210.14-45184-443-6,packet_id: 16,delay: 0.48491621017456055
173.194.123.101-131.202.240.150-443-53805-6,packet_id: 1,delay: 0.6186120510101318
10.8.8.178-216.58.210.78-44923-443-6,packet_id: 1,delay: 0.9332423210144043
10.8.8.178-216.58.210.78-44923-443-6,packet_id: 2,delay: 0.958975076675415
10.8.8.234-74.125.133.16-51056-993-6,packet_id: 1,delay: 0.5702986717224121
10.8.8.234-74.125.133.16-51056-993-6,packet_id: 2,delay: 0.5994932651519775
10.8.8.234-74.125.133.16-51056-993-6,packet_id: 3,delay: 0.5950052738189697
10.8.8.234-74.125.133.16-51056-993-6,packet_id: 4,delay: 0.5675444602966309
10.8.8.234-74.125.133.16-51056-993-6,packet_id: 5,delay: 0.569432258605957
10.8.8.234-74.125.133.16-51056-993-6,packet_id: 6,delay: 0.5736889839172363
10.8.8.234-74.125.133.16-51056-993-6,packet_id: 7,delay: 0.5560712814331055
10.8.8.234-74.125.133.16-51056-993-6,packet_id: 8,delay: 0.5475597381591797
157.56.52.13-10.0.2.15-40011-34332-6,packet_id: 1,delay: 0.8040857315063477
157.56.52.13-10.0.2.15-40011-34332-6,packet_id: 2,delay: 0.8025646209716797
173.194.67.16-10.8.8.234-465-37826-6,packet_id: 1,delay: 0.5824832916259766
173.194.67.16-10.8.8.234-465-37857-6,packet_id: 1,delay: 0.5710594654083252
173.194.67.16-10.8.8.234-465-37860-6,packet_id: 1,delay: 0.6164922714233398
157.56.52.13-10.8.8.178-40011-56909-6,packet_id: 1,delay: 0.985084056854248
131.202.6.26-131.202.240.87-13000-64719-6,packet_id: 1,delay: 0.6993768215179443
131.202.6.26-131.202.240.87-13000-64719-6,packet_id: 2,delay: 0.6728432178497314
131.202.6.26-131.202.240.87-13000-64719-6,packet_id: 3,delay: 0.6712374687194824
173.194.67.16-10.8.8.234-465-37865-6,packet_id: 1,delay: 0.5518369674682617
173.194.67.16-10.8.8.234-465-37872-6,packet_id: 1,delay: 0.5790269374847412
10.8.8.234-173.194.67.16-37858-465-6,packet_id: 1,delay: 0.42981648445129395
10.8.8.234-173.194.67.16-37875-465-6,packet_id: 1,delay: 0.4301173686981201
10.8.8.234-173.194.67.16-37877-465-6,packet_id: 1,delay: 0.43828558921813965
10.8.8.234-173.194.67.16-37883-465-6,packet_id: 1,delay: 0.42632317543029785
10.8.8.138-185.2.220.137-43535-80-6,packet_id: 1,delay: 0.2920114994049072
131.202.240.87-134.170.19.124-10864-443-6,packet_id: 1,delay: 0.7182936668395996
131.202.240.87-134.170.19.124-10864-443-6,packet_id: 2,delay: 0.7574734687805176
131.202.240.87-134.170.19.124-10864-443-6,packet_id: 3,delay: 0.8899135589599609
131.202.240.87-134.170.19.124-10864-443-6,packet_id: 4,delay: 0.8729140758514404
131.202.240.87-134.170.19.124-10864-443-6,packet_id: 5,delay: 0.8830814361572266
131.202.240.87-134.170.19.124-10864-443-6,packet_id: 6,delay: 0.8753149509429932
131.202.240.87-134.170.19.124-10864-443-6,packet_id: 7,delay: 0.7204082012176514
131.202.240.87-134.170.19.124-10864-443-6,packet_id: 8,delay: 0.7517235279083252
131.202.240.87-134.170.19.124-10864-443-6,packet_id: 9,delay: 0.8890426158905029
10.8.8.138-208.117.251.116-56550-443-6,packet_id: 1,delay: 0.31015849113464355
10.8.8.138-208.117.251.116-56550-443-6,packet_id: 2,delay: 0.31879305839538574
10.8.8.138-208.117.251.116-56550-443-6,packet_id: 3,delay: 0.2991611957550049
10.8.8.138-208.117.251.116-56557-443-6,packet_id: 1,delay: 0.29292964935302734
10.8.8.138-208.117.251.116-56568-443-6,packet_id: 1,delay: 0.295546293258667
10.8.8.138-208.117.251.116-56577-443-6,packet_id: 1,delay: 0.28461599349975586
10.8.8.138-208.117.251.116-56577-443-6,packet_id: 2,delay: 0.2820122241973877
10.8.8.138-208.117.251.116-56622-443-6,packet_id: 1,delay: 0.2838172912597656
10.8.8.138-208.117.251.116-56622-443-6,packet_id: 2,delay: 0.30051517486572266
131.202.240.87-173.194.196.16-10784-465-6,packet_id: 1,delay: 0.846165657043457
10.8.8.138-208.117.251.116-56647-443-6,packet_id: 1,delay: 0.29940295219421387
10.8.8.138-208.117.251.116-56647-443-6,packet_id: 2,delay: 0.28518033027648926
131.202.240.87-173.194.196.16-10790-465-6,packet_id: 1,delay: 0.678081750869751
131.202.240.87-173.252.100.27-64842-443-6,packet_id: 1,delay: 0.8128721714019775
131.202.240.87-173.252.100.27-64842-443-6,packet_id: 2,delay: 0.8173491954803467
131.202.240.87-173.252.100.27-64842-443-6,packet_id: 3,delay: 0.8294029235839844
131.202.240.87-173.252.100.27-64842-443-6,packet_id: 4,delay: 0.8185629844665527
131.202.240.87-173.252.100.27-64842-443-6,packet_id: 5,delay: 0.7507734298706055
131.202.240.87-173.252.100.27-64842-443-6,packet_id: 6,delay: 0.8047995567321777
10.8.8.138-209.148.205.35-42190-443-6,packet_id: 1,delay: 0.6911892890930176
10.8.8.138-209.148.205.35-42190-443-6,packet_id: 2,delay: 0.7281763553619385
10.8.8.138-209.148.205.35-42190-443-6,packet_id: 3,delay: 0.7214488983154297
10.8.8.138-209.148.205.35-42190-443-6,packet_id: 4,delay: 0.7115480899810791
137.117.177.33-10.8.8.178-443-40028-6,packet_id: 1,delay: 1.0297329425811768
173.194.194.16-10.0.2.15-995-58959-6,packet_id: 1,delay: 0.7378935813903809
108.175.42.181-131.202.240.150-80-58287-6,packet_id: 1,delay: 0.5045177936553955
108.175.42.181-131.202.240.150-80-58287-6,packet_id: 2,delay: 0.47660374641418457
108.175.42.181-131.202.240.150-80-58287-6,packet_id: 3,delay: 0.5076999664306641
108.175.42.181-131.202.240.150-80-58287-6,packet_id: 4,delay: 0.5023572444915771
108.175.42.181-131.202.240.150-80-58287-6,packet_id: 5,delay: 0.5057840347290039
131.202.240.87-178.237.17.103-42530-443-6,packet_id: 1,delay: 0.9740817546844482
131.202.240.87-178.237.17.103-42530-443-6,packet_id: 2,delay: 0.9673573970794678
131.202.240.87-205.188.12.91-42522-443-6,packet_id: 1,delay: 0.7468774318695068
131.202.240.87-205.188.12.91-42522-443-6,packet_id: 2,delay: 0.722693920135498
216.58.208.37-10.8.8.178-443-51920-6,packet_id: 1,delay: 0.8997058868408203
131.202.240.87-209.148.205.35-64882-443-6,packet_id: 1,delay: 1.079298973083496
216.58.208.37-10.8.8.178-443-51939-6,packet_id: 1,delay: 0.912696123123169
131.202.240.150-23.50.75.27-45724-80-6,packet_id: 1,delay: 0.30856847763061523
131.202.240.150-23.235.40.143-54394-443-6,packet_id: 1,delay: 0.35669517517089844
131.202.240.150-23.235.40.143-54394-443-6,packet_id: 2,delay: 0.33862781524658203
131.202.240.150-23.235.40.143-54394-443-6,packet_id: 3,delay: 0.38651180267333984
131.202.240.150-23.235.40.143-54394-443-6,packet_id: 4,delay: 0.366349458694458
131.202.240.150-23.235.40.143-54394-443-6,packet_id: 5,delay: 0.373976469039917
173.194.67.189-10.8.8.178-443-57866-6,packet_id: 1,delay: 0.971574068069458
173.194.78.189-10.8.8.130-443-60098-6,packet_id: 1,delay: 0.6340672969818115
173.194.78.189-10.8.8.130-443-60098-6,packet_id: 2,delay: 0.6497290134429932
173.194.78.189-10.8.8.130-443-60098-6,packet_id: 3,delay: 0.6625843048095703
173.194.196.16-131.202.240.242-465-5488-6,packet_id: 1,delay: 0.8810420036315918
173.194.67.189-10.8.8.178-443-57926-6,packet_id: 1,delay: 0.9201231002807617
173.194.67.189-10.8.8.178-443-57926-6,packet_id: 2,delay: 0.9482409954071045
173.194.67.189-10.8.8.178-443-57926-6,packet_id: 3,delay: 0.9556131362915039
173.194.67.189-10.8.8.178-443-57926-6,packet_id: 4,delay: 0.9554605484008789
173.194.67.189-10.8.8.178-443-57926-6,packet_id: 5,delay: 0.9655628204345703
173.194.67.189-10.8.8.178-443-57926-6,packet_id: 6,delay: 0.9917590618133545
173.194.67.189-10.8.8.178-443-57926-6,packet_id: 7,delay: 0.9846460819244385
173.194.67.189-10.8.8.178-443-57926-6,packet_id: 8,delay: 0.9334580898284912
173.194.67.189-10.8.8.178-443-57926-6,packet_id: 9,delay: 0.9432530403137207
173.194.196.16-131.202.240.242-465-5492-6,packet_id: 1,delay: 0.8916134834289551
173.194.196.16-131.202.240.242-465-5524-6,packet_id: 1,delay: 0.7269630432128906
131.202.240.150-108.175.39.202-40884-80-6,packet_id: 1,delay: 0.24477481842041016
131.202.240.150-108.175.39.202-40884-80-6,packet_id: 2,delay: 0.22905635833740234
131.202.240.150-108.175.39.202-40884-80-6,packet_id: 3,delay: 0.21627068519592285
131.202.240.150-108.175.39.202-40884-80-6,packet_id: 4,delay: 0.20633912086486816
131.202.240.150-108.175.39.202-40884-80-6,packet_id: 5,delay: 0.22298026084899902
131.202.240.150-108.175.39.202-40884-80-6,packet_id: 6,delay: 0.22392034530639648
131.202.240.150-108.175.39.202-40884-80-6,packet_id: 7,delay: 0.22595429420471191
131.202.240.150-108.175.39.202-40884-80-6,packet_id: 8,delay: 0.22877955436706543
131.202.240.150-108.175.39.202-40884-80-6,packet_id: 9,delay: 0.24020838737487793
131.202.240.150-108.175.39.202-40884-80-6,packet_id: 10,delay: 0.24479889869689941
131.202.240.150-108.175.39.202-40884-80-6,packet_id: 11,delay: 0.2226264476776123
131.202.240.150-108.175.39.202-40884-80-6,packet_id: 12,delay: 0.2550520896911621
131.202.240.150-108.175.39.202-40884-80-6,packet_id: 13,delay: 0.21802067756652832
131.202.240.150-108.175.39.202-40884-80-6,packet_id: 14,delay: 0.22302460670471191
131.202.240.150-108.175.39.202-40884-80-6,packet_id: 15,delay: 0.231156587600708
131.202.240.150-108.175.39.202-40884-80-6,packet_id: 16,delay: 0.24354910850524902
173.194.196.16-131.202.240.242-465-5527-6,packet_id: 1,delay: 0.8973007202148438
108.175.39.202-131.202.240.150-80-40884-6,packet_id: 1,delay: 0.5419661998748779
108.175.39.202-131.202.240.150-80-40884-6,packet_id: 2,delay: 0.5329921245574951
185.2.220.137-10.8.8.138-80-43533-6,packet_id: 1,delay: 0.451770544052124
185.2.220.137-10.8.8.138-80-43533-6,packet_id: 2,delay: 0.4423708915710449
185.2.220.137-10.8.8.138-80-43533-6,packet_id: 3,delay: 0.45194220542907715
185.2.220.137-10.8.8.138-80-43533-6,packet_id: 4,delay: 0.43490099906921387
185.2.220.137-10.8.8.138-80-43533-6,packet_id: 5,delay: 0.4437282085418701
185.2.220.137-10.8.8.138-80-43533-6,packet_id: 6,delay: 0.43752622604370117
185.2.220.137-10.8.8.138-80-43533-6,packet_id: 7,delay: 0.43021631240844727
185.2.220.137-10.8.8.138-80-43533-6,packet_id: 8,delay: 0.4335598945617676
185.2.220.137-10.8.8.138-80-43533-6,packet_id: 9,delay: 0.44782018661499023
185.2.220.137-10.8.8.138-80-43533-6,packet_id: 10,delay: 0.4486985206604004
185.2.220.137-10.8.8.138-80-43533-6,packet_id: 11,delay: 0.44797468185424805
185.2.220.137-10.8.8.138-80-43533-6,packet_id: 12,delay: 0.4284849166870117
185.2.220.137-10.8.8.138-80-43533-6,packet_id: 13,delay: 0.4418478012084961
185.2.220.137-10.8.8.138-80-43533-6,packet_id: 14,delay: 0.4318385124206543
185.2.220.137-10.8.8.138-80-43533-6,packet_id: 15,delay: 0.436556339263916
185.2.220.137-10.8.8.138-80-43533-6,packet_id: 16,delay: 0.42729902267456055
185.2.220.137-10.8.8.138-80-43533-6,packet_id: 17,delay: 0.43949151039123535
185.2.220.137-10.8.8.138-80-43533-6,packet_id: 18,delay: 0.4169163703918457
185.2.220.137-10.8.8.138-80-43533-6,packet_id: 19,delay: 0.43204712867736816
185.2.220.137-10.8.8.138-80-43533-6,packet_id: 20,delay: 0.41567349433898926
185.2.220.137-10.8.8.138-80-43533-6,packet_id: 21,delay: 0.44954919815063477
185.2.220.137-10.8.8.138-80-43533-6,packet_id: 22,delay: 0.4277992248535156
185.2.220.137-10.8.8.138-80-43533-6,packet_id: 23,delay: 0.43114638328552246
185.2.220.137-10.8.8.138-80-43533-6,packet_id: 24,delay: 0.4306364059448242
185.2.220.137-10.8.8.138-80-43533-6,packet_id: 25,delay: 0.41489505767822266
185.2.220.137-10.8.8.138-80-43533-6,packet_id: 26,delay: 0.41580772399902344
185.2.220.137-10.8.8.138-80-43533-6,packet_id: 27,delay: 0.42754459381103516
185.2.220.137-10.8.8.138-80-43533-6,packet_id: 28,delay: 0.440659761428833
185.2.220.137-10.8.8.138-80-43533-6,packet_id: 29,delay: 0.440549373626709
185.2.220.137-10.8.8.138-80-43533-6,packet_id: 30,delay: 0.44352126121520996
185.2.220.137-10.8.8.138-80-43533-6,packet_id: 31,delay: 0.42360854148864746
185.2.220.137-10.8.8.138-80-43533-6,packet_id: 32,delay: 0.44473910331726074
185.2.220.137-10.8.8.138-80-43533-6,packet_id: 33,delay: 0.44584035873413086
185.2.220.137-10.8.8.138-80-43533-6,packet_id: 34,delay: 0.43807101249694824
185.2.220.137-10.8.8.138-80-43533-6,packet_id: 35,delay: 0.421445369720459
185.2.220.137-10.8.8.138-80-43533-6,packet_id: 36,delay: 0.48306727409362793
185.2.220.137-10.8.8.138-80-43533-6,packet_id: 37,delay: 0.4676694869995117
185.2.220.137-10.8.8.138-80-43533-6,packet_id: 38,delay: 0.4766817092895508
185.2.220.137-10.8.8.138-80-43533-6,packet_id: 39,delay: 0.48378419876098633
185.2.220.137-10.8.8.138-80-43533-6,packet_id: 40,delay: 0.4688422679901123
185.2.220.137-10.8.8.138-80-43533-6,packet_id: 41,delay: 0.46708011627197266
185.2.220.137-10.8.8.138-80-43533-6,packet_id: 42,delay: 0.45078301429748535
185.2.220.137-10.8.8.138-80-43533-6,packet_id: 43,delay: 0.4820120334625244
185.2.220.137-10.8.8.138-80-43533-6,packet_id: 44,delay: 0.48296618461608887
185.2.220.137-10.8.8.138-80-43533-6,packet_id: 45,delay: 0.4976341724395752
185.2.220.137-10.8.8.138-80-43533-6,packet_id: 46,delay: 0.3980557918548584
185.2.220.137-10.8.8.138-80-43533-6,packet_id: 47,delay: 0.453141450881958
185.2.220.137-10.8.8.138-80-43533-6,packet_id: 48,delay: 0.4294395446777344
185.2.220.137-10.8.8.138-80-43533-6,packet_id: 49,delay: 0.43248915672302246
185.2.220.137-10.8.8.138-80-43533-6,packet_id: 50,delay: 0.43986940383911133
185.2.220.137-10.8.8.138-80-43533-6,packet_id: 51,delay: 0.45705103874206543
185.2.220.137-10.8.8.138-80-43533-6,packet_id: 52,delay: 0.4279947280883789
185.2.220.137-10.8.8.138-80-43533-6,packet_id: 53,delay: 0.42301011085510254
185.2.220.137-10.8.8.138-80-43533-6,packet_id: 54,delay: 0.4438493251800537
185.2.220.137-10.8.8.138-80-43533-6,packet_id: 55,delay: 0.4418351650238037
185.2.220.137-10.8.8.138-80-43533-6,packet_id: 56,delay: 0.41037750244140625
185.2.220.137-10.8.8.138-80-43533-6,packet_id: 57,delay: 0.44063591957092285
185.2.220.137-10.8.8.138-80-43533-6,packet_id: 58,delay: 0.4506363868713379
185.2.220.137-10.8.8.138-80-43533-6,packet_id: 59,delay: 0.44865942001342773
185.2.220.137-10.8.8.138-80-43533-6,packet_id: 60,delay: 0.4314994812011719
185.2.220.137-10.8.8.138-80-43533-6,packet_id: 61,delay: 0.4228973388671875
185.2.220.137-10.8.8.138-80-43533-6,packet_id: 62,delay: 0.4465939998626709
185.2.220.137-10.8.8.138-80-43533-6,packet_id: 63,delay: 0.45229148864746094
185.2.220.137-10.8.8.138-80-43533-6,packet_id: 64,delay: 0.4530036449432373
185.2.220.137-10.8.8.138-80-43533-6,packet_id: 65,delay: 0.44315409660339355
185.2.220.137-10.8.8.138-80-43533-6,packet_id: 66,delay: 0.420809268951416
185.2.220.137-10.8.8.138-80-43533-6,packet_id: 67,delay: 0.42311859130859375
185.2.220.137-10.8.8.138-80-43533-6,packet_id: 68,delay: 0.4084889888763428
185.2.220.137-10.8.8.138-80-43533-6,packet_id: 69,delay: 0.4364607334136963
185.2.220.137-10.8.8.138-80-43533-6,packet_id: 70,delay: 0.4709904193878174
185.2.220.137-10.8.8.138-80-43533-6,packet_id: 71,delay: 0.44711804389953613
185.2.220.137-10.8.8.138-80-43533-6,packet_id: 72,delay: 0.43085289001464844
185.2.220.137-10.8.8.138-80-43533-6,packet_id: 73,delay: 0.41946983337402344
185.2.220.137-10.8.8.138-80-43533-6,packet_id: 74,delay: 0.4502437114715576
185.2.220.137-10.8.8.138-80-43533-6,packet_id: 75,delay: 0.42950940132141113
185.2.220.137-10.8.8.138-80-43533-6,packet_id: 76,delay: 0.4445164203643799
185.2.220.137-10.8.8.138-80-43533-6,packet_id: 77,delay: 0.4646775722503662
185.2.220.137-10.8.8.138-80-43533-6,packet_id: 78,delay: 0.4373171329498291
185.2.220.137-10.8.8.138-80-43533-6,packet_id: 79,delay: 0.4885983467102051
185.2.220.137-10.8.8.138-80-43533-6,packet_id: 80,delay: 0.4569587707519531
185.2.220.137-10.8.8.138-80-43533-6,packet_id: 81,delay: 0.45027780532836914
185.2.220.137-10.8.8.138-80-43533-6,packet_id: 82,delay: 0.4418904781341553
131.202.240.150-108.175.42.181-58287-80-6,packet_id: 1,delay: 0.4816715717315674
131.202.240.150-108.175.42.181-58287-80-6,packet_id: 2,delay: 0.48473119735717773
131.202.240.150-108.175.42.181-58287-80-6,packet_id: 3,delay: 0.4879724979400635
131.202.240.150-108.175.42.181-58287-80-6,packet_id: 4,delay: 0.4776923656463623
131.202.240.150-108.175.42.181-58287-80-6,packet_id: 5,delay: 0.4535815715789795
131.202.240.150-108.175.42.181-58287-80-6,packet_id: 6,delay: 0.4898865222930908
131.202.240.150-108.175.42.181-58287-80-6,packet_id: 7,delay: 0.5048365592956543
131.202.240.150-108.175.42.181-58287-80-6,packet_id: 8,delay: 0.4844064712524414
131.202.240.150-108.175.42.181-58287-80-6,packet_id: 9,delay: 0.504584550857544
131.202.240.150-108.175.42.181-58287-80-6,packet_id: 10,delay: 0.4888029098510742
131.202.240.150-108.175.42.181-58287-80-6,packet_id: 11,delay: 0.4821772575378418
142.1.33.2-10.0.2.15-3230-56467-6,packet_id: 1,delay: 0.860973596572876
131.202.240.150-108.175.43.146-60056-80-6,packet_id: 1,delay: 0.7088320255279541
131.202.240.150-108.175.43.146-60056-80-6,packet_id: 2,delay: 0.7116024494171143
131.202.240.150-108.175.43.146-60056-80-6,packet_id: 3,delay: 0.7268154621124268
131.202.240.150-108.175.43.146-60056-80-6,packet_id: 4,delay: 0.6728010177612305
131.202.240.150-108.175.43.146-60056-80-6,packet_id: 5,delay: 0.6790025234222412
131.202.240.150-108.175.43.146-60056-80-6,packet_id: 6,delay: 0.7109155654907227
131.202.240.150-108.175.43.146-60056-80-6,packet_id: 7,delay: 0.7339141368865967
131.202.240.150-108.175.43.146-60056-80-6,packet_id: 8,delay: 0.7028651237487793
131.202.240.150-108.175.43.146-60056-80-6,packet_id: 9,delay: 0.7041122913360596
131.202.240.150-108.175.43.146-60056-80-6,packet_id: 10,delay: 0.7260794639587402
131.202.240.150-108.175.43.146-60056-80-6,packet_id: 11,delay: 0.7408449649810791
131.202.240.150-108.175.43.146-60056-80-6,packet_id: 12,delay: 0.7462112903594971
131.202.240.150-108.175.43.146-60056-80-6,packet_id: 13,delay: 0.7542388439178467
131.202.240.150-108.175.43.146-60056-80-6,packet_id: 14,delay: 0.7243239879608154
131.202.240.150-108.175.43.146-60056-80-6,packet_id: 15,delay: 0.7124800682067871
131.202.240.150-108.175.43.146-60056-80-6,packet_id: 16,delay: 0.7573332786560059
131.202.240.150-108.175.43.146-60056-80-6,packet_id: 17,delay: 0.712907075881958
131.202.240.150-108.175.43.146-60056-80-6,packet_id: 18,delay: 0.7372794151306152
131.202.240.150-108.175.43.146-60056-80-6,packet_id: 19,delay: 0.7374753952026367
131.202.240.242-68.67.153.2-5887-80-6,packet_id: 1,delay: 0.5371274948120117
131.202.240.242-69.172.216.55-5957-443-6,packet_id: 1,delay: 0.4932880401611328
131.202.240.242-74.125.193.16-5535-995-6,packet_id: 1,delay: 0.5456106662750244
131.202.240.242-131.202.240.87-5619-42322-6,packet_id: 1,delay: 0.5685579776763916
131.202.240.242-131.202.240.87-5619-42322-6,packet_id: 2,delay: 0.5718631744384766
131.202.240.242-131.202.240.87-5619-42322-6,packet_id: 3,delay: 0.5598704814910889
131.202.240.242-131.202.240.87-5619-42322-6,packet_id: 4,delay: 0.5711123943328857
131.202.240.242-131.202.240.87-5619-42322-6,packet_id: 5,delay: 0.5677876472473145
131.202.240.242-131.202.240.87-5619-42322-6,packet_id: 6,delay: 0.5715141296386719
131.202.240.242-131.202.240.87-5619-42322-6,packet_id: 7,delay: 0.5878965854644775
131.202.240.242-131.202.240.87-5619-42322-6,packet_id: 8,delay: 0.5770614147186279
131.202.240.242-131.202.240.87-5619-42322-6,packet_id: 9,delay: 0.5617644786834717
131.202.240.242-131.202.240.87-5619-42322-6,packet_id: 10,delay: 0.5686826705932617
131.202.240.242-131.202.240.87-5619-42322-6,packet_id: 11,delay: 0.5549793243408203
131.202.240.242-131.202.240.87-5619-42322-6,packet_id: 12,delay: 0.5620381832122803
131.202.240.242-131.202.240.87-5619-42322-6,packet_id: 13,delay: 0.563546895980835
131.202.240.242-131.202.240.87-5619-42322-6,packet_id: 14,delay: 0.5659606456756592
131.202.240.242-131.202.240.87-5619-42322-6,packet_id: 15,delay: 0.5861899852752686
131.202.240.242-131.202.240.87-5619-42322-6,packet_id: 16,delay: 0.576549768447876
131.202.240.242-131.202.240.87-5619-42322-6,packet_id: 17,delay: 0.566718339920044
131.202.240.242-131.202.240.87-5619-42322-6,packet_id: 18,delay: 0.5698606967926025
131.202.240.242-131.202.240.87-5619-42322-6,packet_id: 19,delay: 0.5711820125579834
131.202.240.242-131.202.240.87-5619-42322-6,packet_id: 20,delay: 0.5593936443328857
131.202.240.242-131.202.240.87-5619-42322-6,packet_id: 21,delay: 0.5693137645721436
131.202.240.242-131.202.240.87-5619-42322-6,packet_id: 22,delay: 0.542123556137085
131.202.240.242-131.202.240.87-5619-42322-6,packet_id: 23,delay: 0.5788793563842773
131.202.240.242-131.202.240.87-5619-42322-6,packet_id: 24,delay: 0.5741968154907227
131.202.240.242-131.202.240.87-5619-42322-6,packet_id: 25,delay: 0.5675487518310547
131.202.240.242-131.202.240.87-5619-42322-6,packet_id: 26,delay: 0.564316987991333
131.202.240.242-131.202.240.87-5619-42322-6,packet_id: 27,delay: 0.41198134422302246
131.202.240.242-131.202.240.87-5619-42322-6,packet_id: 28,delay: 0.40372562408447266
131.202.240.242-131.202.240.87-5619-42322-6,packet_id: 29,delay: 0.4106864929199219
178.237.18.202-10.8.8.130-443-34342-6,packet_id: 1,delay: 0.7112166881561279
178.237.18.202-10.8.8.130-443-34342-6,packet_id: 2,delay: 0.6953938007354736
178.237.18.202-10.8.8.130-443-34342-6,packet_id: 3,delay: 0.7115812301635742
178.237.18.202-10.8.8.130-443-34342-6,packet_id: 4,delay: 0.6887466907501221
178.237.18.202-10.8.8.130-443-34342-6,packet_id: 5,delay: 0.6963927745819092
178.237.18.202-10.8.8.130-443-34342-6,packet_id: 6,delay: 0.7062137126922607
178.237.17.103-10.8.8.178-443-51318-6,packet_id: 1,delay: 0.9859883785247803
178.237.17.103-10.8.8.178-443-51318-6,packet_id: 2,delay: 0.9863893985748291
178.237.17.103-10.8.8.178-443-51318-6,packet_id: 3,delay: 1.0045299530029297
173.194.123.124-131.202.240.242-443-5983-6,packet_id: 1,delay: 0.5445220470428467
199.212.24.173-131.202.240.150-443-54334-6,packet_id: 1,delay: 0.8178291320800781
68.67.176.42-131.202.240.87-443-11439-6,packet_id: 1,delay: 0.6596801280975342
173.252.100.27-10.8.8.178-443-47132-6,packet_id: 1,delay: 0.8827433586120605
173.252.100.27-10.8.8.178-443-47132-6,packet_id: 2,delay: 0.8729374408721924
173.252.100.27-10.8.8.178-443-47132-6,packet_id: 3,delay: 0.8697586059570312
173.252.100.27-10.8.8.178-443-47132-6,packet_id: 4,delay: 0.8455860614776611
173.252.100.27-10.8.8.178-443-47132-6,packet_id: 5,delay: 0.8645646572113037
173.252.100.27-10.8.8.178-443-47132-6,packet_id: 6,delay: 0.8516175746917725
173.252.100.27-10.8.8.178-443-47132-6,packet_id: 7,delay: 0.8364794254302979
173.252.100.27-10.8.8.178-443-47132-6,packet_id: 8,delay: 0.8522481918334961
173.252.100.27-10.8.8.178-443-47132-6,packet_id: 9,delay: 0.8478703498840332
173.252.100.27-10.8.8.178-443-47132-6,packet_id: 10,delay: 0.8650741577148438
173.252.100.27-10.8.8.178-443-47132-6,packet_id: 11,delay: 0.8875808715820312
208.117.251.116-10.8.8.138-443-56550-6,packet_id: 1,delay: 0.5016570091247559
208.117.251.116-10.8.8.138-443-56550-6,packet_id: 2,delay: 0.4556007385253906
208.117.251.116-10.8.8.138-443-56550-6,packet_id: 3,delay: 0.4508497714996338
208.117.251.116-10.8.8.138-443-56550-6,packet_id: 4,delay: 0.44689011573791504
208.117.251.116-10.8.8.138-443-56550-6,packet_id: 5,delay: 0.4789557456970215
178.237.18.202-131.202.240.242-443-31773-6,packet_id: 1,delay: 0.6970179080963135
137.116.32.77-10.0.2.15-443-34727-6,packet_id: 1,delay: 0.6807880401611328
208.117.251.116-10.8.8.138-443-56560-6,packet_id: 1,delay: 0.4627230167388916
208.117.251.116-10.8.8.138-443-56560-6,packet_id: 2,delay: 0.4278440475463867
208.117.251.116-10.8.8.138-443-56560-6,packet_id: 3,delay: 0.44077253341674805
131.202.240.150-108.175.43.161-57196-80-6,packet_id: 1,delay: 0.6153671741485596
131.202.240.150-108.175.43.161-57196-80-6,packet_id: 2,delay: 0.643740177154541
131.202.240.150-108.175.43.161-57196-80-6,packet_id: 3,delay: 0.5914692878723145
131.202.240.150-108.175.43.161-57196-80-6,packet_id: 4,delay: 0.6323490142822266
131.202.240.150-108.175.43.161-57196-80-6,packet_id: 5,delay: 0.5947575569152832
131.202.240.150-108.175.43.161-57196-80-6,packet_id: 6,delay: 0.5895106792449951
131.202.240.150-108.175.43.161-57196-80-6,packet_id: 7,delay: 0.5973830223083496
131.202.240.150-108.175.43.161-57196-80-6,packet_id: 8,delay: 0.5950193405151367
131.202.240.150-108.175.43.161-57196-80-6,packet_id: 9,delay: 0.6055054664611816
131.202.240.150-108.175.43.161-57196-80-6,packet_id: 10,delay: 0.5651967525482178
131.202.240.150-108.175.43.161-57196-80-6,packet_id: 11,delay: 0.587601900100708
131.202.240.150-108.175.43.161-57196-80-6,packet_id: 12,delay: 0.5842876434326172
131.202.240.150-108.175.43.161-57196-80-6,packet_id: 13,delay: 0.5791752338409424
131.202.240.150-108.175.43.161-57196-80-6,packet_id: 14,delay: 0.5650076866149902
131.202.240.150-108.175.43.161-57196-80-6,packet_id: 15,delay: 0.59297776222229
131.202.240.150-108.175.43.161-57196-80-6,packet_id: 16,delay: 0.5865347385406494
131.202.240.150-108.175.43.161-57196-80-6,packet_id: 17,delay: 0.6158096790313721
208.117.251.116-10.8.8.138-443-56577-6,packet_id: 1,delay: 0.48195815086364746
208.117.251.116-10.8.8.138-443-56587-6,packet_id: 1,delay: 0.43789076805114746
208.117.251.116-10.8.8.138-443-56597-6,packet_id: 1,delay: 0.43654751777648926
173.252.100.27-131.202.240.87-443-64842-6,packet_id: 1,delay: 0.5814085006713867
173.252.100.27-131.202.240.87-443-64842-6,packet_id: 2,delay: 0.5528240203857422
173.252.100.27-131.202.240.87-443-64842-6,packet_id: 3,delay: 0.4792954921722412
173.252.100.27-131.202.240.87-443-64842-6,packet_id: 4,delay: 0.42466139793395996
173.252.100.27-131.202.240.87-443-64842-6,packet_id: 5,delay: 0.43436574935913086
173.252.100.27-131.202.240.87-443-64842-6,packet_id: 6,delay: 0.5931077003479004
173.252.100.27-131.202.240.87-443-64842-6,packet_id: 7,delay: 0.4297373294830322
208.117.251.116-10.8.8.138-443-56603-6,packet_id: 1,delay: 0.4231150150299072
208.117.251.116-10.8.8.138-443-56605-6,packet_id: 1,delay: 0.4407329559326172
208.117.251.116-10.8.8.138-443-56605-6,packet_id: 2,delay: 0.40481066703796387
208.117.251.116-10.8.8.138-443-56622-6,packet_id: 1,delay: 0.44139933586120605
208.117.251.116-10.8.8.138-443-56622-6,packet_id: 2,delay: 0.4570887088775635
208.117.251.116-10.8.8.138-443-56633-6,packet_id: 1,delay: 0.45345044136047363
208.117.251.116-10.8.8.138-443-56633-6,packet_id: 2,delay: 0.4471166133880615
173.252.100.27-131.202.240.242-443-32576-6,packet_id: 1,delay: 0.4807624816894531
173.252.100.27-131.202.240.242-443-32576-6,packet_id: 2,delay: 0.47009897232055664
208.117.251.116-10.8.8.138-443-56641-6,packet_id: 1,delay: 0.44864654541015625
131.202.240.242-157.56.126.188-5589-443-6,packet_id: 1,delay: 0.70430588722229
131.202.240.242-157.56.126.188-5589-443-6,packet_id: 2,delay: 0.7090885639190674
131.202.240.242-157.56.126.188-5589-443-6,packet_id: 3,delay: 0.7025177478790283
131.202.240.242-157.56.126.188-5589-443-6,packet_id: 4,delay: 0.7226409912109375
131.202.240.242-157.56.126.188-5589-443-6,packet_id: 5,delay: 0.7030611038208008
131.202.240.242-157.56.126.188-5589-443-6,packet_id: 6,delay: 0.7247283458709717
131.202.240.242-157.56.126.188-5589-443-6,packet_id: 7,delay: 0.7095000743865967
131.202.240.242-157.56.126.188-5589-443-6,packet_id: 8,delay: 0.6987357139587402
131.202.240.242-157.56.126.188-5589-443-6,packet_id: 9,delay: 0.7080588340759277
131.202.240.150-173.194.20.107-44157-443-6,packet_id: 1,delay: 0.5492827892303467
131.202.240.150-173.194.20.107-44157-443-6,packet_id: 2,delay: 0.5420448780059814
131.202.240.150-173.194.20.107-44157-443-6,packet_id: 3,delay: 0.5260128974914551
131.202.240.150-173.194.20.107-44157-443-6,packet_id: 4,delay: 0.5392723083496094
134.170.19.124-131.202.240.87-443-10864-6,packet_id: 1,delay: 0.5549957752227783
134.170.19.124-131.202.240.87-443-10864-6,packet_id: 2,delay: 0.5571537017822266
134.170.19.124-131.202.240.87-443-10864-6,packet_id: 3,delay: 0.5549366474151611
134.170.19.124-131.202.240.87-443-10864-6,packet_id: 4,delay: 0.5617408752441406
134.170.19.124-131.202.240.87-443-10864-6,packet_id: 5,delay: 0.5573585033416748
134.170.19.124-131.202.240.87-443-10864-6,packet_id: 6,delay: 0.5674088001251221
134.170.19.124-131.202.240.87-443-10864-6,packet_id: 7,delay: 0.559617280960083
134.170.19.124-131.202.240.87-443-10864-6,packet_id: 8,delay: 0.5544862747192383
134.170.19.124-131.202.240.87-443-10864-6,packet_id: 9,delay: 0.5530569553375244
134.170.19.124-131.202.240.87-443-10864-6,packet_id: 10,delay: 0.4013705253601074
131.202.240.150-184.73.252.179-39085-80-6,packet_id: 1,delay: 0.6982734203338623
131.202.240.150-199.127.194.212-41858-443-6,packet_id: 1,delay: 0.5854778289794922
131.202.240.150-199.212.24.172-56874-443-6,packet_id: 1,delay: 0.3505716323852539
131.202.240.150-199.212.24.172-56874-443-6,packet_id: 2,delay: 0.34925150871276855
131.202.240.150-199.212.24.172-56874-443-6,packet_id: 3,delay: 0.3570420742034912
131.202.240.150-199.212.24.172-56874-443-6,packet_id: 4,delay: 0.3674442768096924
131.202.240.150-199.212.24.172-56874-443-6,packet_id: 5,delay: 0.37194180488586426
131.202.240.150-199.212.24.172-56874-443-6,packet_id: 6,delay: 0.3322908878326416
131.202.240.150-199.212.24.172-56874-443-6,packet_id: 7,delay: 0.3755075931549072
131.202.240.150-199.212.24.172-56874-443-6,packet_id: 8,delay: 0.3408029079437256
131.202.240.150-199.212.24.172-56874-443-6,packet_id: 9,delay: 0.3832888603210449
131.202.240.150-199.212.24.172-56874-443-6,packet_id: 10,delay: 0.35968804359436035
131.202.240.150-199.212.24.172-56874-443-6,packet_id: 11,delay: 0.40112781524658203
131.202.240.150-199.212.24.172-56874-443-6,packet_id: 12,delay: 0.36591386795043945
131.202.240.150-199.212.24.172-56874-443-6,packet_id: 13,delay: 0.38079118728637695
131.202.240.150-199.212.24.172-56874-443-6,packet_id: 14,delay: 0.3399522304534912
131.202.240.150-199.212.24.172-56874-443-6,packet_id: 15,delay: 0.3324601650238037
131.202.240.150-199.212.24.172-56874-443-6,packet_id: 16,delay: 0.3617830276489258
131.202.240.150-199.212.24.172-56874-443-6,packet_id: 17,delay: 0.3603682518005371
131.202.240.150-199.212.24.172-56874-443-6,packet_id: 18,delay: 0.3461291790008545
131.202.240.150-199.212.24.172-56874-443-6,packet_id: 19,delay: 0.3498811721801758
131.202.240.150-199.212.24.172-56874-443-6,packet_id: 20,delay: 0.3516414165496826
131.202.240.150-199.212.24.172-56874-443-6,packet_id: 21,delay: 0.35652947425842285
131.202.240.150-199.212.24.172-56874-443-6,packet_id: 22,delay: 0.346329927444458
131.202.240.150-199.212.24.172-56874-443-6,packet_id: 23,delay: 0.3476521968841553
131.202.240.150-199.212.24.172-56874-443-6,packet_id: 24,delay: 0.35906457901000977
131.202.240.150-199.212.24.172-56874-443-6,packet_id: 25,delay: 0.36171746253967285
131.202.240.150-199.212.24.172-56874-443-6,packet_id: 26,delay: 0.351759672164917
131.202.240.150-199.212.24.172-56874-443-6,packet_id: 27,delay: 0.36835479736328125
131.202.240.150-199.212.24.172-56874-443-6,packet_id: 28,delay: 0.3708834648132324
131.202.240.150-199.212.24.172-56874-443-6,packet_id: 29,delay: 0.34319567680358887
131.202.240.150-199.212.24.172-56874-443-6,packet_id: 30,delay: 0.3586089611053467
131.202.240.150-199.212.24.172-56874-443-6,packet_id: 31,delay: 0.3512461185455322
131.202.240.150-199.212.24.172-56874-443-6,packet_id: 32,delay: 0.4175901412963867
131.202.240.242-173.194.196.16-5500-465-6,packet_id: 1,delay: 0.5553512573242188
131.202.240.242-173.194.196.16-5529-465-6,packet_id: 1,delay: 0.5816056728363037
131.202.240.242-173.252.100.27-32576-443-6,packet_id: 1,delay: 0.543891429901123
131.202.240.242-178.237.18.202-31773-443-6,packet_id: 1,delay: 0.7108089923858643
131.202.240.242-216.58.219.230-5999-443-6,packet_id: 1,delay: 0.5584003925323486
216.58.210.78-10.8.8.178-443-44923-6,packet_id: 1,delay: 0.9709742069244385
216.58.210.78-10.8.8.178-443-44923-6,packet_id: 2,delay: 0.955364465713501
216.58.210.78-10.8.8.178-443-44923-6,packet_id: 3,delay: 0.9592134952545166
216.58.210.78-10.8.8.178-443-44923-6,packet_id: 4,delay: 0.954512357711792
184.29.105.106-131.202.240.150-80-45466-6,packet_id: 1,delay: 0.5483694076538086
199.212.24.175-131.202.240.150-443-58600-6,packet_id: 1,delay: 0.7480926513671875
173.194.210.188-131.202.240.242-5228-32506-6,packet_id: 1,delay: 0.6536729335784912
216.58.208.46-10.8.8.110-80-33072-6,packet_id: 1,delay: 0.284515380859375
199.212.24.175-131.202.240.150-443-58936-6,packet_id: 1,delay: 0.7599031925201416
216.58.208.46-10.8.8.178-443-38243-6,packet_id: 1,delay: 0.7801558971405029
216.58.208.46-10.8.8.178-443-38243-6,packet_id: 2,delay: 0.7805299758911133
216.58.208.46-10.8.8.178-443-38243-6,packet_id: 3,delay: 0.7592175006866455
216.58.208.46-10.8.8.178-443-38243-6,packet_id: 4,delay: 0.8032400608062744
216.58.208.46-10.8.8.178-443-38243-6,packet_id: 5,delay: 0.8291225433349609
216.58.208.46-10.8.8.178-443-38243-6,packet_id: 6,delay: 0.8029277324676514
216.58.208.46-10.8.8.178-443-38243-6,packet_id: 7,delay: 0.7640373706817627
216.58.208.46-10.8.8.178-443-38243-6,packet_id: 8,delay: 0.8005588054656982
216.58.208.46-10.8.8.178-443-38264-6,packet_id: 1,delay: 0.8158841133117676
216.58.208.46-10.8.8.178-443-38264-6,packet_id: 2,delay: 0.8064126968383789
216.58.208.46-10.8.8.178-443-38264-6,packet_id: 3,delay: 0.7978496551513672
216.58.208.46-10.8.8.178-443-38264-6,packet_id: 4,delay: 0.7855987548828125
216.58.208.46-10.8.8.178-443-38264-6,packet_id: 5,delay: 0.7704806327819824
216.58.208.46-10.8.8.178-443-38264-6,packet_id: 6,delay: 0.7771875858306885
216.58.208.46-10.8.8.178-443-38264-6,packet_id: 7,delay: 0.7817387580871582
216.58.208.46-10.8.8.178-443-38264-6,packet_id: 8,delay: 0.7795751094818115
216.58.208.46-10.8.8.178-443-38264-6,packet_id: 9,delay: 0.773033618927002
216.58.208.46-10.8.8.178-443-38264-6,packet_id: 10,delay: 0.7601251602172852
216.58.208.46-10.8.8.178-443-38264-6,packet_id: 11,delay: 0.7567238807678223
216.58.208.46-10.8.8.178-443-38264-6,packet_id: 12,delay: 0.7713520526885986
216.58.208.46-10.8.8.178-443-38264-6,packet_id: 13,delay: 0.7608301639556885
216.58.208.46-10.8.8.178-443-38264-6,packet_id: 14,delay: 0.764223575592041
131.202.240.150-199.212.24.173-53736-443-6,packet_id: 1,delay: 0.437213659286499
131.202.240.150-199.212.24.173-54334-443-6,packet_id: 1,delay: 0.43219804763793945
131.202.240.150-199.212.24.173-54334-443-6,packet_id: 2,delay: 0.4234654903411865
131.202.240.150-199.212.24.173-54334-443-6,packet_id: 3,delay: 0.43372035026550293
131.202.240.150-199.212.24.173-54334-443-6,packet_id: 4,delay: 0.44716429710388184
131.202.240.150-199.212.24.173-54334-443-6,packet_id: 5,delay: 0.42348146438598633
131.202.240.150-199.212.24.173-54334-443-6,packet_id: 6,delay: 0.4413747787475586
209.148.205.35-10.8.8.138-443-42010-6,packet_id: 1,delay: 0.6915440559387207
209.148.205.35-10.8.8.138-443-42010-6,packet_id: 2,delay: 0.6801028251647949
209.148.205.35-10.8.8.138-443-42010-6,packet_id: 3,delay: 0.7123157978057861
209.148.205.35-10.8.8.138-443-42010-6,packet_id: 4,delay: 0.7178421020507812
209.148.205.35-10.8.8.138-443-42010-6,packet_id: 5,delay: 0.691821813583374
209.148.205.35-10.8.8.138-443-42010-6,packet_id: 6,delay: 0.6986434459686279
209.148.205.35-10.8.8.138-443-42010-6,packet_id: 7,delay: 0.7008979320526123
209.148.205.35-10.8.8.138-443-42010-6,packet_id: 8,delay: 0.7200291156768799
209.148.205.35-10.8.8.138-443-42010-6,packet_id: 9,delay: 0.7062432765960693
209.148.205.35-10.8.8.138-443-42010-6,packet_id: 10,delay: 0.6939764022827148
131.202.240.150-199.212.24.173-54540-443-6,packet_id: 1,delay: 0.4446289539337158
131.202.240.150-199.212.24.173-54540-443-6,packet_id: 2,delay: 0.43338680267333984
131.202.240.150-199.212.24.173-54540-443-6,packet_id: 3,delay: 0.4454014301300049
131.202.240.150-199.212.24.173-54540-443-6,packet_id: 4,delay: 0.43767833709716797
131.202.240.150-199.212.24.173-54540-443-6,packet_id: 5,delay: 0.43763089179992676
131.202.240.150-199.212.24.173-54540-443-6,packet_id: 6,delay: 0.4317474365234375
131.202.240.150-199.212.24.173-54540-443-6,packet_id: 7,delay: 0.4453155994415283
131.202.240.150-199.212.24.173-54540-443-6,packet_id: 8,delay: 0.41987133026123047
131.202.240.150-199.212.24.173-54540-443-6,packet_id: 9,delay: 0.44665050506591797
216.58.210.3-10.8.8.130-443-34918-6,packet_id: 1,delay: 0.7150077819824219
216.58.210.3-10.8.8.130-443-34920-6,packet_id: 1,delay: 0.7254409790039062
216.58.210.3-10.8.8.130-443-34920-6,packet_id: 2,delay: 0.7269172668457031
173.194.78.16-10.0.2.15-993-52882-6,packet_id: 1,delay: 0.6660995483398438
216.58.210.3-10.8.8.130-443-34927-6,packet_id: 1,delay: 0.7179098129272461
216.58.210.3-10.8.8.130-443-34927-6,packet_id: 2,delay: 0.7000284194946289
209.148.205.35-10.8.8.138-443-42190-6,packet_id: 1,delay: 0.7054834365844727
209.148.205.35-10.8.8.138-443-42190-6,packet_id: 2,delay: 0.6928811073303223
209.148.205.35-10.8.8.138-443-42190-6,packet_id: 3,delay: 0.6876919269561768
209.148.205.35-10.8.8.138-443-42190-6,packet_id: 4,delay: 0.7143869400024414
209.148.205.35-10.8.8.138-443-42190-6,packet_id: 5,delay: 0.7103042602539062
209.148.205.35-10.8.8.138-443-42190-6,packet_id: 6,delay: 0.7321033477783203
209.148.205.35-10.8.8.138-443-42190-6,packet_id: 7,delay: 0.6975479125976562
209.148.205.35-10.8.8.138-443-42190-6,packet_id: 8,delay: 0.7050933837890625
209.148.205.35-10.8.8.138-443-42190-6,packet_id: 9,delay: 0.7033634185791016
209.148.205.35-10.8.8.138-443-42190-6,packet_id: 10,delay: 0.7110245227813721
209.148.205.35-10.8.8.138-443-42190-6,packet_id: 11,delay: 0.6920950412750244
209.148.205.35-10.8.8.138-443-42190-6,packet_id: 12,delay: 0.742807149887085
209.148.205.35-10.8.8.138-443-42190-6,packet_id: 13,delay: 0.7189972400665283
209.148.205.35-10.8.8.138-443-42190-6,packet_id: 14,delay: 0.7060835361480713
209.148.205.35-10.8.8.138-443-42190-6,packet_id: 15,delay: 0.6891348361968994
209.148.205.35-10.8.8.138-443-42190-6,packet_id: 16,delay: 0.6907052993774414
209.148.205.35-10.8.8.138-443-42190-6,packet_id: 17,delay: 0.7010655403137207
209.148.205.35-10.8.8.138-443-42190-6,packet_id: 18,delay: 0.72259521484375
209.148.205.35-10.8.8.138-443-42190-6,packet_id: 19,delay: 0.7064876556396484
209.148.205.35-10.8.8.138-443-42190-6,packet_id: 20,delay: 0.6967184543609619
209.148.205.35-10.8.8.138-443-42190-6,packet_id: 21,delay: 0.6939551830291748
209.148.205.35-10.8.8.138-443-42190-6,packet_id: 22,delay: 0.6789448261260986
131.202.240.150-199.212.24.173-54563-443-6,packet_id: 1,delay: 0.29284143447875977
131.202.240.150-199.212.24.173-54563-443-6,packet_id: 2,delay: 0.2922251224517822
131.202.240.150-199.212.24.173-54563-443-6,packet_id: 3,delay: 0.2962462902069092
131.202.240.150-199.212.24.173-54563-443-6,packet_id: 4,delay: 0.2953615188598633
131.202.240.150-199.212.24.173-54563-443-6,packet_id: 5,delay: 0.3163292407989502
131.202.240.150-199.212.24.173-54563-443-6,packet_id: 6,delay: 0.2772035598754883
131.202.240.150-199.212.24.173-54563-443-6,packet_id: 7,delay: 0.44286513328552246
131.202.240.150-199.212.24.173-54563-443-6,packet_id: 8,delay: 0.2784285545349121
77.103.197.35-10.8.8.130-47872-52719-6,packet_id: 1,delay: 0.5579209327697754
199.16.156.201-131.202.240.150-443-37303-6,packet_id: 1,delay: 0.5083401203155518
216.58.210.35-10.8.8.178-443-59247-6,packet_id: 1,delay: 0.7265055179595947
216.58.210.35-10.8.8.178-443-59252-6,packet_id: 1,delay: 0.7730140686035156
216.58.219.238-131.202.240.150-443-48018-6,packet_id: 1,delay: 0.6249637603759766
209.148.205.33-131.202.240.150-80-41146-6,packet_id: 1,delay: 0.7496025562286377
131.202.240.150-199.212.24.174-43919-443-6,packet_id: 1,delay: 0.3447854518890381
131.202.240.150-199.212.24.174-43919-443-6,packet_id: 2,delay: 0.34041452407836914
131.202.240.150-199.212.24.174-43919-443-6,packet_id: 3,delay: 0.37296128273010254
131.202.240.150-199.212.24.174-43919-443-6,packet_id: 4,delay: 0.35164356231689453
131.202.240.150-199.212.24.175-58587-443-6,packet_id: 1,delay: 0.4319605827331543
131.202.240.150-199.212.24.175-58600-443-6,packet_id: 1,delay: 0.27137041091918945
131.202.240.150-199.212.24.175-58600-443-6,packet_id: 2,delay: 0.28255391120910645
131.202.240.150-199.212.24.175-58936-443-6,packet_id: 1,delay: 0.44097471237182617
131.202.240.150-199.212.24.175-58977-443-6,packet_id: 1,delay: 0.445770263671875
131.202.240.150-209.148.205.16-44144-80-6,packet_id: 1,delay: 0.3741488456726074
131.202.240.150-209.148.205.35-56435-443-6,packet_id: 1,delay: 0.6888430118560791
131.202.240.150-209.148.205.35-56578-443-6,packet_id: 1,delay: 0.7085411548614502
131.202.240.150-209.148.205.35-56578-443-6,packet_id: 2,delay: 0.7102863788604736
131.202.240.150-209.148.205.35-56578-443-6,packet_id: 3,delay: 0.6920773983001709
131.202.240.150-209.148.205.35-56578-443-6,packet_id: 4,delay: 0.6922461986541748
131.202.240.150-209.148.205.35-56578-443-6,packet_id: 5,delay: 0.7045629024505615
209.148.205.35-131.202.240.150-443-56578-6,packet_id: 1,delay: 0.566580057144165
209.148.205.35-131.202.240.150-443-56578-6,packet_id: 2,delay: 0.5268733501434326
209.148.205.35-131.202.240.150-443-56578-6,packet_id: 3,delay: 0.39441514015197754
209.148.205.35-131.202.240.150-443-56578-6,packet_id: 4,delay: 0.3856778144836426
131.202.240.150-209.148.205.41-34177-443-6,packet_id: 1,delay: 0.4400198459625244
131.202.240.150-209.148.205.41-34177-443-6,packet_id: 2,delay: 0.4416220188140869
131.202.240.150-209.148.205.41-34177-443-6,packet_id: 3,delay: 0.4377133846282959
131.202.240.150-209.148.205.41-34177-443-6,packet_id: 4,delay: 0.41545629501342773
131.202.240.150-209.148.205.41-34177-443-6,packet_id: 5,delay: 0.43659496307373047
131.202.240.150-209.148.205.41-34177-443-6,packet_id: 6,delay: 0.4289824962615967
131.202.240.150-209.148.205.41-34177-443-6,packet_id: 7,delay: 0.4342172145843506
38.124.168.119-131.202.240.87-80-65089-6,packet_id: 1,delay: 0.7714035511016846
131.202.240.150-209.148.205.41-34203-443-6,packet_id: 1,delay: 0.45314598083496094
131.202.240.150-209.148.205.41-34203-443-6,packet_id: 2,delay: 0.439253568649292
131.202.240.150-209.148.205.41-34203-443-6,packet_id: 3,delay: 0.44347572326660156
131.202.240.150-209.148.205.41-34203-443-6,packet_id: 4,delay: 0.44820308685302734
131.202.240.150-209.148.205.41-34203-443-6,packet_id: 5,delay: 0.4467580318450928
131.202.240.150-209.148.205.41-34203-443-6,packet_id: 6,delay: 0.44093847274780273
131.202.240.150-209.148.205.41-34203-443-6,packet_id: 7,delay: 0.4508078098297119
131.202.240.150-209.148.205.41-34203-443-6,packet_id: 8,delay: 0.44478726387023926
131.202.240.150-209.148.205.41-34203-443-6,packet_id: 9,delay: 0.44485998153686523
131.202.240.150-209.148.205.41-34203-443-6,packet_id: 10,delay: 0.4426147937774658
131.202.240.150-209.148.205.41-34203-443-6,packet_id: 11,delay: 0.4498159885406494
131.202.240.150-209.148.205.41-34203-443-6,packet_id: 12,delay: 0.46421098709106445
131.202.240.150-209.148.205.41-34203-443-6,packet_id: 13,delay: 0.4385542869567871
131.202.240.150-209.148.205.41-34203-443-6,packet_id: 14,delay: 0.4327969551086426
131.202.240.150-209.148.205.41-34203-443-6,packet_id: 15,delay: 0.4432816505432129
131.202.240.150-209.148.205.41-34203-443-6,packet_id: 16,delay: 0.4233131408691406
205.188.12.43-10.8.8.130-443-44917-6,packet_id: 1,delay: 0.6631340980529785
205.188.12.43-10.8.8.130-443-44917-6,packet_id: 2,delay: 0.6561911106109619
205.188.12.43-10.8.8.130-443-44917-6,packet_id: 3,delay: 0.6254723072052002
199.212.24.172-131.202.240.150-443-56874-6,packet_id: 1,delay: 0.5303604602813721
199.212.24.172-131.202.240.150-443-56874-6,packet_id: 2,delay: 0.5222601890563965
199.212.24.172-131.202.240.150-443-56874-6,packet_id: 3,delay: 0.5138111114501953
199.212.24.172-131.202.240.150-443-56874-6,packet_id: 4,delay: 0.49297308921813965
199.212.24.172-131.202.240.150-443-56874-6,packet_id: 5,delay: 0.517930269241333
199.212.24.172-131.202.240.150-443-56874-6,packet_id: 6,delay: 0.4878270626068115
199.212.24.172-131.202.240.150-443-56874-6,packet_id: 7,delay: 0.5153501033782959
199.212.24.172-131.202.240.150-443-56874-6,packet_id: 8,delay: 0.5100092887878418
205.188.12.43-131.202.240.242-443-31783-6,packet_id: 1,delay: 0.6054325103759766
24.36.174.173-10.0.2.15-47044-55027-6,packet_id: 1,delay: 0.7579889297485352
216.58.210.14-10.8.8.130-443-45184-6,packet_id: 1,delay: 0.49361658096313477
216.58.210.14-10.8.8.130-443-45184-6,packet_id: 2,delay: 0.49375152587890625
216.58.210.14-10.8.8.130-443-45184-6,packet_id: 3,delay: 0.5104029178619385
216.58.210.14-10.8.8.130-443-45184-6,packet_id: 4,delay: 0.5132856369018555
216.58.210.14-10.8.8.130-443-45184-6,packet_id: 5,delay: 0.47797107696533203
216.58.210.14-10.8.8.130-443-45184-6,packet_id: 6,delay: 0.4863858222961426
216.58.210.14-10.8.8.130-443-45184-6,packet_id: 7,delay: 0.49580860137939453
216.58.210.14-10.8.8.130-443-45184-6,packet_id: 8,delay: 0.48852109909057617
216.58.210.14-10.8.8.130-443-45184-6,packet_id: 9,delay: 0.5131266117095947
216.58.210.14-10.8.8.130-443-45184-6,packet_id: 10,delay: 0.485440731048584
216.58.210.14-10.8.8.130-443-45184-6,packet_id: 11,delay: 0.48653602600097656
216.58.210.14-10.8.8.130-443-45184-6,packet_id: 12,delay: 0.5145015716552734
216.58.210.14-10.8.8.130-443-45184-6,packet_id: 13,delay: 0.4999866485595703
216.58.210.14-10.8.8.130-443-45184-6,packet_id: 14,delay: 0.5166821479797363
216.58.210.14-10.8.8.130-443-45184-6,packet_id: 15,delay: 0.47929930686950684
216.58.210.14-10.8.8.130-443-45184-6,packet_id: 16,delay: 0.5001230239868164
216.58.210.14-10.8.8.130-443-45184-6,packet_id: 17,delay: 0.3609132766723633
216.58.210.14-10.8.8.130-443-45184-6,packet_id: 18,delay: 0.48593688011169434
216.58.210.14-10.8.8.130-443-45184-6,packet_id: 19,delay: 0.48009347915649414
216.58.210.14-10.8.8.130-443-45184-6,packet_id: 20,delay: 0.48056769371032715
2.30.116.54-10.8.8.130-58139-48835-6,packet_id: 1,delay: 0.6769158840179443
2.30.116.54-10.8.8.130-58139-48835-6,packet_id: 2,delay: 0.6438469886779785
2.30.116.54-10.8.8.130-58139-48835-6,packet_id: 3,delay: 0.6660809516906738
2.30.116.54-10.8.8.130-58139-48835-6,packet_id: 4,delay: 0.6684813499450684
2.30.116.54-10.8.8.130-58139-48835-6,packet_id: 5,delay: 0.661738395690918
209.148.205.41-10.8.8.138-80-57838-6,packet_id: 1,delay: 0.773869514465332
209.148.205.41-10.8.8.138-443-60124-6,packet_id: 1,delay: 0.7779083251953125
209.148.205.41-10.8.8.138-443-60124-6,packet_id: 2,delay: 0.7641627788543701
209.148.205.41-10.8.8.138-443-60124-6,packet_id: 3,delay: 0.7737290859222412
209.148.205.41-10.8.8.138-443-60124-6,packet_id: 4,delay: 0.75376296043396
209.148.205.41-10.8.8.138-443-60124-6,packet_id: 5,delay: 0.7854611873626709
209.148.205.41-10.8.8.138-443-60124-6,packet_id: 6,delay: 0.7762460708618164
209.148.205.41-10.8.8.138-443-60124-6,packet_id: 7,delay: 0.7454743385314941
209.148.205.41-10.8.8.138-443-60124-6,packet_id: 8,delay: 0.7675883769989014
209.148.205.41-10.8.8.138-443-60124-6,packet_id: 9,delay: 0.7451841831207275
209.148.205.41-10.8.8.138-443-60124-6,packet_id: 10,delay: 0.7388148307800293
131.202.240.150-209.148.205.41-43673-80-6,packet_id: 1,delay: 0.2978394031524658
2.30.116.54-10.8.8.178-58139-43020-6,packet_id: 1,delay: 0.8588242530822754
2.30.116.54-10.8.8.178-58139-43020-6,packet_id: 2,delay: 0.8517076969146729
2.30.116.54-10.8.8.178-58139-43020-6,packet_id: 3,delay: 0.8654847145080566
2.30.116.54-10.8.8.178-58139-43020-6,packet_id: 4,delay: 0.8530881404876709
2.30.116.54-10.8.8.178-58139-43020-6,packet_id: 5,delay: 0.840313196182251
2.30.116.54-10.8.8.178-58139-43020-6,packet_id: 6,delay: 0.8536477088928223
209.148.205.41-131.202.240.150-443-34177-6,packet_id: 1,delay: 0.7613885402679443
209.148.205.41-131.202.240.150-443-34177-6,packet_id: 2,delay: 0.7552883625030518
209.148.205.41-131.202.240.150-443-34203-6,packet_id: 1,delay: 0.7440054416656494
208.118.125.54-131.202.240.87-49266-42322-6,packet_id: 1,delay: 0.5739753246307373
199.212.24.174-131.202.240.150-443-43919-6,packet_id: 1,delay: 0.5081992149353027
24.156.130.203-10.8.8.138-80-55782-6,packet_id: 1,delay: 0.6174294948577881
24.156.130.203-10.8.8.138-80-55782-6,packet_id: 2,delay: 0.6138811111450195
24.156.130.203-10.8.8.138-80-55782-6,packet_id: 3,delay: 0.5945131778717041
24.156.130.203-10.8.8.138-80-55782-6,packet_id: 4,delay: 0.600428581237793
24.156.130.203-10.8.8.138-80-55782-6,packet_id: 5,delay: 0.610069751739502
24.156.130.203-10.8.8.138-80-55782-6,packet_id: 6,delay: 0.6053035259246826
24.156.130.203-10.8.8.138-80-55782-6,packet_id: 7,delay: 0.6099402904510498
24.156.130.203-10.8.8.138-80-55782-6,packet_id: 8,delay: 0.6108260154724121
24.156.130.203-10.8.8.138-80-55782-6,packet_id: 9,delay: 0.6022677421569824
24.156.130.203-10.8.8.138-80-55782-6,packet_id: 10,delay: 0.5902483463287354
216.58.208.35-10.8.8.178-443-52158-6,packet_id: 1,delay: 1.085202932357788
216.58.208.35-10.8.8.178-443-52158-6,packet_id: 2,delay: 1.0726337432861328
23.235.40.143-131.202.240.150-443-54394-6,packet_id: 1,delay: 0.3814413547515869
23.235.40.143-131.202.240.150-443-54394-6,packet_id: 2,delay: 0.36908507347106934
23.235.40.143-131.202.240.150-443-54394-6,packet_id: 3,delay: 0.37305331230163574
204.83.155.169-10.0.2.15-32620-54963-6,packet_id: 1,delay: 0.6793668270111084
204.83.155.169-10.0.2.15-32620-55727-6,packet_id: 1,delay: 0.6752750873565674
64.4.23.162-10.0.2.15-40019-46839-6,packet_id: 1,delay: 0.86612868309021
91.190.216.125-10.8.8.130-12350-38182-6,packet_id: 1,delay: 0.7166182994842529
205.188.12.91-10.8.8.178-443-48911-6,packet_id: 1,delay: 0.84371018409729
205.188.12.91-131.202.240.87-443-42522-6,packet_id: 1,delay: 0.5942549705505371
63.245.216.134-10.8.8.178-443-49841-6,packet_id: 1,delay: 0.7035484313964844
64.233.183.16-10.0.2.15-993-43558-6,packet_id: 1,delay: 0.7830460071563721
64.233.183.16-10.0.2.15-993-43558-6,packet_id: 2,delay: 0.7758598327636719
64.233.183.16-10.0.2.15-993-43558-6,packet_id: 3,delay: 0.7759420871734619
64.233.183.16-10.0.2.15-995-51739-6,packet_id: 1,delay: 0.7832777500152588
216.58.210.46-10.8.8.178-443-39796-6,packet_id: 1,delay: 1.09596586227417
216.58.210.46-10.8.8.178-443-39796-6,packet_id: 2,delay: 1.1046793460845947
216.58.210.46-10.8.8.178-443-39796-6,packet_id: 3,delay: 1.1036930084228516
74.125.202.16-131.202.240.87-993-10798-6,packet_id: 1,delay: 0.7553043365478516
68.67.153.146-131.202.240.87-443-11327-6,packet_id: 1,delay: 0.5669269561767578
216.58.219.206-131.202.240.150-443-59290-6,packet_id: 1,delay: 0.520160436630249
68.67.153.211-131.202.240.242-443-5932-6,packet_id: 1,delay: 0.3430774211883545
216.58.219.206-131.202.240.150-443-59539-6,packet_id: 1,delay: 0.19980788230895996
216.58.219.206-131.202.240.150-443-59539-6,packet_id: 2,delay: 0.21195483207702637
216.58.219.230-131.202.240.150-443-35187-6,packet_id: 1,delay: 0.7540848255157471
216.58.219.230-131.202.240.242-443-5999-6,packet_id: 1,delay: 0.8851790428161621
74.125.69.16-131.202.240.87-993-10714-6,packet_id: 1,delay: 0.6941440105438232
74.125.69.16-131.202.240.87-993-10714-6,packet_id: 2,delay: 0.6826953887939453
74.125.69.16-131.202.240.87-993-10714-6,packet_id: 3,delay: 0.6836428642272949
74.125.69.16-131.202.240.87-993-10714-6,packet_id: 4,delay: 0.669043779373169
74.125.69.16-131.202.240.87-993-10714-6,packet_id: 5,delay: 0.5262410640716553
74.125.69.16-131.202.240.87-993-10714-6,packet_id: 6,delay: 0.6971385478973389
74.125.69.16-131.202.240.87-993-10714-6,packet_id: 7,delay: 0.699310302734375
64.233.184.16-10.8.8.110-465-37409-6,packet_id: 1,delay: 0.344879150390625
64.233.184.16-10.8.8.110-465-37417-6,packet_id: 1,delay: 0.3634474277496338
64.233.184.16-10.8.8.110-465-37425-6,packet_id: 1,delay: 0.3980531692504883
64.233.184.16-10.8.8.110-465-37440-6,packet_id: 1,delay: 0.38046884536743164
64.233.184.16-10.8.8.234-993-56880-6,packet_id: 1,delay: 0.6403324604034424
64.233.184.16-10.8.8.234-993-56887-6,packet_id: 1,delay: 0.6624948978424072
64.233.184.16-10.8.8.234-993-56887-6,packet_id: 2,delay: 0.6525065898895264
74.125.69.16-131.202.240.87-993-10715-6,packet_id: 1,delay: 0.546802282333374
74.125.69.16-131.202.240.87-993-10715-6,packet_id: 2,delay: 0.5292830467224121
74.125.69.16-131.202.240.87-993-10715-6,packet_id: 3,delay: 0.6870191097259521
74.125.69.16-131.202.240.87-993-10743-6,packet_id: 1,delay: 0.6986396312713623
74.125.71.16-10.0.2.15-465-51254-6,packet_id: 1,delay: 0.6609964370727539
74.125.71.16-10.8.8.234-993-56529-6,packet_id: 1,delay: 0.4911496639251709
74.125.71.16-10.8.8.234-993-56529-6,packet_id: 2,delay: 0.6284911632537842
74.125.71.16-10.8.8.234-993-56529-6,packet_id: 3,delay: 0.6197671890258789
23.192.162.186-10.8.8.178-443-46884-6,packet_id: 1,delay: 1.0981934070587158
68.67.153.2-131.202.240.242-443-5900-6,packet_id: 1,delay: 0.6287679672241211
66.220.156.2-10.8.8.130-443-42513-6,packet_id: 1,delay: 0.6220595836639404
66.220.156.2-10.8.8.130-443-42513-6,packet_id: 2,delay: 0.6570568084716797
66.220.156.2-10.8.8.130-443-42513-6,packet_id: 3,delay: 0.6400492191314697
66.220.156.2-10.8.8.130-443-42513-6,packet_id: 4,delay: 0.6542801856994629
66.220.156.2-10.8.8.130-443-42513-6,packet_id: 5,delay: 0.638878345489502
66.220.156.2-10.8.8.130-443-42513-6,packet_id: 6,delay: 0.621833324432373
66.220.156.2-10.8.8.130-443-42513-6,packet_id: 7,delay: 0.6607840061187744
66.220.156.2-10.8.8.130-443-42513-6,packet_id: 8,delay: 0.6261217594146729
66.220.156.2-10.8.8.130-443-42513-6,packet_id: 9,delay: 0.6425845623016357
69.172.216.55-131.202.240.242-443-5957-6,packet_id: 1,delay: 0.4831812381744385
64.233.167.16-10.0.2.15-993-58426-6,packet_id: 1,delay: 0.9240005016326904
64.233.167.16-10.0.2.15-993-58426-6,packet_id: 2,delay: 0.9255893230438232
74.125.70.16-131.202.240.242-995-5479-6,packet_id: 1,delay: 0.6341972351074219
70.80.25.101-10.0.2.15-64982-38947-6,packet_id: 1,delay: 0.40654897689819336
86.4.212.228-10.8.8.130-59222-59320-6,packet_id: 1,delay: 0.6392290592193604
86.4.212.228-10.8.8.130-59222-59320-6,packet_id: 2,delay: 0.6470766067504883
74.125.133.16-10.8.8.234-993-51039-6,packet_id: 1,delay: 0.7169928550720215
74.125.133.16-10.8.8.234-993-51040-6,packet_id: 1,delay: 0.8870971202850342
74.125.133.16-10.8.8.234-993-51055-6,packet_id: 1,delay: 0.8887205123901367
74.125.133.16-10.8.8.234-993-51055-6,packet_id: 2,delay: 0.8823819160461426
74.125.133.16-10.8.8.234-993-51055-6,packet_id: 3,delay: 0.8806421756744385
74.125.133.16-10.8.8.234-993-51055-6,packet_id: 4,delay: 0.8939471244812012
74.125.133.16-10.8.8.234-993-51055-6,packet_id: 5,delay: 0.8842198848724365
74.125.133.16-10.8.8.234-993-51055-6,packet_id: 6,delay: 0.8681721687316895
74.125.133.16-10.8.8.234-993-51055-6,packet_id: 7,delay: 0.869046688079834
74.125.133.16-10.8.8.234-993-51055-6,packet_id: 8,delay: 0.9070127010345459
74.125.133.16-10.8.8.234-993-51055-6,packet_id: 9,delay: 0.8861713409423828
74.125.133.16-10.8.8.234-993-51055-6,packet_id: 10,delay: 0.8819594383239746
74.125.133.16-10.8.8.234-993-51055-6,packet_id: 11,delay: 0.8794450759887695
74.125.133.16-10.8.8.234-993-51055-6,packet_id: 12,delay: 0.8773622512817383
74.125.133.16-10.8.8.234-993-51055-6,packet_id: 13,delay: 0.7370650768280029
74.125.133.16-10.8.8.234-993-51055-6,packet_id: 14,delay: 0.7386977672576904
86.4.212.228-10.8.8.178-59222-52449-6,packet_id: 1,delay: 0.8667130470275879
86.4.212.228-10.8.8.178-59222-52449-6,packet_id: 2,delay: 0.882199764251709
86.4.212.228-10.8.8.178-59222-52449-6,packet_id: 3,delay: 0.8506574630737305
86.4.212.228-10.8.8.178-59222-52449-6,packet_id: 4,delay: 0.8472166061401367
86.4.212.228-10.8.8.178-59222-52449-6,packet_id: 5,delay: 0.8647987842559814
86.4.212.228-10.8.8.178-59222-52449-6,packet_id: 6,delay: 0.8595530986785889
86.4.212.228-10.8.8.178-59222-52449-6,packet_id: 7,delay: 0.8468821048736572
74.125.133.16-10.8.8.234-993-51056-6,packet_id: 1,delay: 0.8952846527099609
74.125.133.16-10.8.8.234-993-51056-6,packet_id: 2,delay: 0.8755278587341309
74.125.133.16-10.8.8.234-993-51056-6,packet_id: 3,delay: 0.894702672958374
74.125.133.16-10.8.8.234-993-51056-6,packet_id: 4,delay: 0.896867036819458
74.125.133.16-10.8.8.234-993-51056-6,packet_id: 5,delay: 0.8773040771484375
74.125.133.16-10.8.8.234-993-51056-6,packet_id: 6,delay: 0.8816640377044678
74.125.133.16-10.8.8.234-993-51056-6,packet_id: 7,delay: 0.8720235824584961
74.125.133.16-10.8.8.234-993-51056-6,packet_id: 8,delay: 0.8890695571899414
74.125.133.16-10.8.8.234-993-51056-6,packet_id: 9,delay: 0.8851172924041748
74.125.133.16-10.8.8.234-993-51056-6,packet_id: 10,delay: 0.8524472713470459
74.125.133.16-10.8.8.234-993-51056-6,packet_id: 11,delay: 0.8728878498077393
74.125.207.16-10.0.2.15-465-42849-6,packet_id: 1,delay: 0.5183043479919434
74.125.207.16-10.0.2.15-465-42904-6,packet_id: 1,delay: 0.5209507942199707
74.125.207.16-10.0.2.15-465-42911-6,packet_id: 1,delay: 0.5239424705505371
74.125.207.16-10.0.2.15-465-42921-6,packet_id: 1,delay: 0.5370438098907471
74.125.207.16-10.0.2.15-465-48940-6,packet_id: 1,delay: 0.5411858558654785
74.125.207.16-10.0.2.15-465-48942-6,packet_id: 1,delay: 0.5327930450439453
74.125.207.16-10.0.2.15-465-48980-6,packet_id: 1,delay: 0.5294821262359619
74.125.207.16-10.0.2.15-465-48995-6,packet_id: 1,delay: 0.5362532138824463
74.125.207.16-10.0.2.15-465-49016-6,packet_id: 1,delay: 0.5407273769378662
74.125.207.16-10.0.2.15-995-51319-6,packet_id: 1,delay: 0.5327394008636475
74.125.207.16-10.0.2.15-995-51323-6,packet_id: 1,delay: 0.5433602333068848
Average Packet Delay,0.5931551396846771
