108.175.39.202-131.202.240.150-80-40884-6,packet_id: 1,delay: 0.5919957160949707
108.175.39.202-131.202.240.150-80-40884-6,packet_id: 2,delay: 0.6010751724243164
199.16.156.201-131.202.240.150-443-37303-6,packet_id: 1,delay: 0.5478451251983643
10.0.2.15-24.140.134.21-45746-45411-6,packet_id: 1,delay: 0.39302682876586914
10.0.2.15-64.233.183.16-43558-993-6,packet_id: 1,delay: 0.5696320533752441
10.0.2.15-64.233.183.16-43558-993-6,packet_id: 2,delay: 0.6801567077636719
108.175.43.146-131.202.240.150-80-60056-6,packet_id: 1,delay: 0.2605891227722168
108.175.43.146-131.202.240.150-80-60056-6,packet_id: 2,delay: 0.2797412872314453
108.175.43.146-131.202.240.150-80-60056-6,packet_id: 3,delay: 0.26817822456359863
108.175.43.146-131.202.240.150-80-60056-6,packet_id: 4,delay: 0.2653388977050781
108.175.43.146-131.202.240.150-80-60056-6,packet_id: 5,delay: 0.2696044445037842
108.175.43.146-131.202.240.150-80-60056-6,packet_id: 6,delay: 0.2289421558380127
108.175.43.146-131.202.240.150-80-60056-6,packet_id: 7,delay: 0.2780740261077881
108.175.43.146-131.202.240.150-80-60056-6,packet_id: 8,delay: 0.2746164798736572
10.0.2.15-74.125.71.16-51269-465-6,packet_id: 1,delay: 0.5925683975219727
157.56.192.53-10.8.8.130-443-33104-6,packet_id: 1,delay: 0.3427128791809082
157.56.192.53-10.8.8.130-443-33104-6,packet_id: 2,delay: 0.3428971767425537
137.117.177.33-10.8.8.178-443-40028-6,packet_id: 1,delay: 0.512000560760498
10.0.2.15-74.125.207.16-42905-465-6,packet_id: 1,delay: 0.4500081539154053
108.175.43.161-131.202.240.150-80-57196-6,packet_id: 1,delay: 0.3067781925201416
108.175.43.161-131.202.240.150-80-57196-6,packet_id: 2,delay: 0.3111734390258789
108.175.43.161-131.202.240.150-80-57196-6,packet_id: 3,delay: 0.3338594436645508
108.175.43.161-131.202.240.150-80-57196-6,packet_id: 4,delay: 0.3262791633605957
108.175.43.161-131.202.240.150-80-57196-6,packet_id: 5,delay: 0.31856846809387207
108.175.43.161-131.202.240.150-80-57196-6,packet_id: 6,delay: 0.32428836822509766
108.175.43.161-131.202.240.150-80-57196-6,packet_id: 7,delay: 0.3272817134857178
10.0.2.15-74.125.207.16-42924-465-6,packet_id: 1,delay: 0.4795804023742676
173.194.123.101-131.202.240.150-443-53805-6,packet_id: 1,delay: 0.4221212863922119
10.0.2.15-74.125.207.16-48993-465-6,packet_id: 1,delay: 0.48471522331237793
10.8.8.110-63.245.216.132-39035-443-6,packet_id: 1,delay: 0.1861894130706787
173.194.20.107-131.202.240.150-443-44157-6,packet_id: 1,delay: 0.2974863052368164
173.194.20.107-131.202.240.150-443-44157-6,packet_id: 2,delay: 0.30913710594177246
173.194.20.107-131.202.240.150-443-44157-6,packet_id: 3,delay: 0.3099095821380615
173.194.20.107-131.202.240.150-443-44157-6,packet_id: 4,delay: 0.30222296714782715
173.194.20.107-131.202.240.150-443-44157-6,packet_id: 5,delay: 0.29654836654663086
173.194.20.107-131.202.240.150-443-44157-6,packet_id: 6,delay: 0.285524845123291
173.194.20.107-131.202.240.150-443-44157-6,packet_id: 7,delay: 0.27434515953063965
173.194.20.107-131.202.240.150-443-44157-6,packet_id: 8,delay: 0.2847752571105957
173.194.20.107-131.202.240.150-443-44157-6,packet_id: 9,delay: 0.28626394271850586
108.175.42.181-131.202.240.150-80-58287-6,packet_id: 1,delay: 0.2956080436706543
108.175.42.181-131.202.240.150-80-58287-6,packet_id: 2,delay: 0.3156919479370117
108.175.42.181-131.202.240.150-80-58287-6,packet_id: 3,delay: 0.3162853717803955
108.175.42.181-131.202.240.150-80-58287-6,packet_id: 4,delay: 0.3128490447998047
108.175.42.181-131.202.240.150-80-58287-6,packet_id: 5,delay: 0.3371896743774414
131.202.240.87-64.12.27.65-64714-443-6,packet_id: 1,delay: 0.1004633903503418
10.8.8.110-63.245.216.134-46949-443-6,packet_id: 1,delay: 0.4048960208892822
10.0.2.15-74.125.207.16-49005-465-6,packet_id: 1,delay: 0.47229504585266113
131.202.240.87-65.55.2.6-11378-443-6,packet_id: 1,delay: 0.24071979522705078
10.8.8.110-64.233.184.16-37404-465-6,packet_id: 1,delay: 0.397524356842041
10.0.2.15-137.116.32.77-34727-443-6,packet_id: 1,delay: 0.4314696788787842
131.202.240.87-68.67.153.40-11386-80-6,packet_id: 1,delay: 0.11718630790710449
10.8.8.110-64.233.184.16-37424-465-6,packet_id: 1,delay: 0.3898932933807373
10.0.2.15-204.83.155.169-54967-32620-6,packet_id: 1,delay: 0.7463915348052979
131.202.240.87-74.125.69.16-10714-993-6,packet_id: 1,delay: 0.4674417972564697
10.8.8.110-64.233.184.16-37428-465-6,packet_id: 1,delay: 0.39080286026000977
10.0.2.15-216.58.208.46-53913-80-6,packet_id: 1,delay: 0.7518155574798584
131.202.240.87-74.125.69.16-10741-993-6,packet_id: 1,delay: 0.5136003494262695
131.202.240.87-74.125.69.16-10741-993-6,packet_id: 2,delay: 0.48244214057922363
131.202.240.87-74.125.69.16-10741-993-6,packet_id: 3,delay: 0.4569098949432373
10.8.8.110-64.233.184.16-37433-465-6,packet_id: 1,delay: 0.388272762298584
131.202.240.87-74.125.69.16-10743-993-6,packet_id: 1,delay: 0.45778489112854004
131.202.240.87-74.125.134.188-64960-5228-6,packet_id: 1,delay: 0.5498692989349365
131.202.240.87-74.125.202.16-10773-993-6,packet_id: 1,delay: 0.2105729579925537
131.202.240.87-74.125.202.16-10798-993-6,packet_id: 1,delay: 0.2281649112701416
131.202.240.87-105.237.177.132-42322-50244-6,packet_id: 1,delay: 0.3422231674194336
131.202.240.87-107.21.103.88-11343-443-6,packet_id: 1,delay: 0.46952342987060547
131.202.240.87-131.202.240.242-42322-5619-6,packet_id: 1,delay: 0.19654130935668945
131.202.240.87-131.202.240.242-42322-5619-6,packet_id: 2,delay: 0.18006372451782227
131.202.240.87-131.202.240.242-42322-5619-6,packet_id: 3,delay: 0.19292306900024414
131.202.240.87-131.202.240.242-42322-5619-6,packet_id: 4,delay: 0.18756604194641113
131.202.240.87-131.202.240.242-42322-5619-6,packet_id: 5,delay: 0.18083643913269043
131.202.240.87-131.202.240.242-42322-5619-6,packet_id: 6,delay: 0.17268872261047363
131.202.240.87-131.202.240.242-42322-5619-6,packet_id: 7,delay: 0.17653918266296387
131.202.240.87-131.202.240.242-42322-5619-6,packet_id: 8,delay: 0.17514491081237793
131.202.240.87-131.202.240.242-42322-5619-6,packet_id: 9,delay: 0.17133617401123047
131.202.240.87-131.202.240.242-42322-5619-6,packet_id: 10,delay: 0.09563374519348145
131.202.240.87-131.202.240.242-42322-5619-6,packet_id: 11,delay: 0.17891860008239746
131.202.240.87-131.202.240.242-42322-5619-6,packet_id: 12,delay: 0.1712958812713623
131.202.240.87-131.202.240.242-42322-5619-6,packet_id: 13,delay: 0.17924237251281738
131.202.240.87-131.202.240.242-42322-5619-6,packet_id: 14,delay: 0.17383050918579102
131.202.240.87-131.202.240.242-42322-5619-6,packet_id: 15,delay: 0.19332075119018555
131.202.240.87-131.202.240.242-42322-5619-6,packet_id: 16,delay: 0.18478798866271973
131.202.240.87-131.202.240.242-42322-5619-6,packet_id: 17,delay: 0.17160630226135254
131.202.240.87-131.202.240.242-42322-5619-6,packet_id: 18,delay: 0.21242451667785645
131.202.240.87-131.202.240.242-42322-5619-6,packet_id: 19,delay: 0.11535286903381348
131.202.240.87-131.202.240.242-42322-5619-6,packet_id: 20,delay: 0.10952949523925781
131.202.240.87-131.202.240.242-42322-5619-6,packet_id: 21,delay: 0.1114649772644043
131.202.240.87-131.202.240.242-42322-5619-6,packet_id: 22,delay: 0.11829876899719238
131.202.240.87-131.202.240.242-42322-5619-6,packet_id: 23,delay: 0.11508560180664062
131.202.240.87-131.202.240.242-42322-5619-6,packet_id: 24,delay: 0.12453079223632812
131.202.240.87-131.202.240.242-42322-5619-6,packet_id: 25,delay: 0.13257527351379395
131.202.240.87-131.202.240.242-42322-5619-6,packet_id: 26,delay: 0.11230301856994629
131.202.240.87-131.202.240.242-42322-5619-6,packet_id: 27,delay: 0.18385982513427734
131.202.240.87-131.202.240.242-42322-5619-6,packet_id: 28,delay: 0.11823201179504395
131.202.240.87-131.202.240.242-42322-5619-6,packet_id: 29,delay: 0.2153615951538086
131.202.240.87-131.202.240.242-42322-5619-6,packet_id: 30,delay: 0.21673965454101562
131.202.240.87-131.202.240.242-42322-5619-6,packet_id: 31,delay: 0.17975068092346191
131.202.240.87-131.202.240.242-42322-5619-6,packet_id: 32,delay: 0.1954805850982666
131.202.240.87-131.202.240.242-42322-5619-6,packet_id: 33,delay: 0.10329079627990723
131.202.240.87-131.202.240.242-42322-5619-6,packet_id: 34,delay: 0.19976449012756348
131.202.240.87-131.202.240.242-42322-5619-6,packet_id: 35,delay: 0.1186671257019043
131.202.240.87-131.202.240.242-42322-5619-6,packet_id: 36,delay: 0.19739341735839844
131.202.240.87-131.202.240.242-42322-5619-6,packet_id: 37,delay: 0.1988816261291504
131.202.240.87-131.202.240.242-42322-5619-6,packet_id: 38,delay: 0.19872355461120605
142.1.33.2-10.0.2.15-3230-56467-6,packet_id: 1,delay: 0.6577756404876709
131.202.6.26-131.202.240.87-13000-64719-6,packet_id: 1,delay: 0.539299726486206
131.202.6.26-131.202.240.87-13000-64719-6,packet_id: 2,delay: 0.5495016574859619
131.202.6.26-131.202.240.87-13000-64719-6,packet_id: 3,delay: 0.5280964374542236
173.194.67.189-10.8.8.178-443-57866-6,packet_id: 1,delay: 0.5292432308197021
173.194.67.189-10.8.8.178-443-57926-6,packet_id: 1,delay: 0.5103757381439209
173.194.67.189-10.8.8.178-443-57926-6,packet_id: 2,delay: 0.5058443546295166
173.194.67.189-10.8.8.178-443-57926-6,packet_id: 3,delay: 0.5223844051361084
173.194.67.189-10.8.8.178-443-57926-6,packet_id: 4,delay: 0.4855167865753174
173.194.67.189-10.8.8.178-443-57926-6,packet_id: 5,delay: 0.5056197643280029
173.194.67.189-10.8.8.178-443-57926-6,packet_id: 6,delay: 0.5097792148590088
173.194.67.189-10.8.8.178-443-57926-6,packet_id: 7,delay: 0.5068836212158203
173.194.67.189-10.8.8.178-443-57926-6,packet_id: 8,delay: 0.5168650150299072
173.194.67.189-10.8.8.178-443-57926-6,packet_id: 9,delay: 0.526848316192627
199.212.24.174-131.202.240.150-443-43919-6,packet_id: 1,delay: 0.5907511711120605
10.8.8.138-24.156.130.203-55782-80-6,packet_id: 1,delay: 0.7586731910705566
10.8.8.138-24.156.130.203-55782-80-6,packet_id: 2,delay: 0.761946439743042
10.8.8.138-24.156.130.203-55782-80-6,packet_id: 3,delay: 0.7551462650299072
10.8.8.138-24.156.130.203-55782-80-6,packet_id: 4,delay: 0.7472620010375977
173.194.78.189-10.8.8.130-443-60098-6,packet_id: 1,delay: 0.6085379123687744
173.194.78.189-10.8.8.130-443-60098-6,packet_id: 2,delay: 0.5947885513305664
173.194.78.189-10.8.8.130-443-60098-6,packet_id: 3,delay: 0.4660453796386719
137.116.32.77-10.0.2.15-443-34727-6,packet_id: 1,delay: 0.3625192642211914
199.212.24.173-131.202.240.150-443-54334-6,packet_id: 1,delay: 0.4286937713623047
10.8.8.138-107.22.243.234-35936-443-6,packet_id: 1,delay: 0.5279083251953125
131.202.240.150-23.50.75.27-45724-80-6,packet_id: 1,delay: 0.6338577270507812
10.8.8.138-185.2.220.137-43533-80-6,packet_id: 1,delay: 0.4730403423309326
10.8.8.138-185.2.220.137-43533-80-6,packet_id: 2,delay: 0.4810457229614258
10.8.8.138-185.2.220.137-43533-80-6,packet_id: 3,delay: 0.4610714912414551
10.8.8.138-185.2.220.137-43533-80-6,packet_id: 4,delay: 0.45708227157592773
10.8.8.138-185.2.220.137-43533-80-6,packet_id: 5,delay: 0.46213674545288086
10.8.8.138-185.2.220.137-43533-80-6,packet_id: 6,delay: 0.44271159172058105
10.8.8.138-185.2.220.137-43533-80-6,packet_id: 7,delay: 0.45887279510498047
10.8.8.138-185.2.220.137-43533-80-6,packet_id: 8,delay: 0.45896172523498535
10.8.8.138-185.2.220.137-43533-80-6,packet_id: 9,delay: 0.45806169509887695
10.8.8.138-185.2.220.137-43533-80-6,packet_id: 10,delay: 0.46482205390930176
10.8.8.138-185.2.220.137-43533-80-6,packet_id: 11,delay: 0.4619331359863281
10.8.8.138-185.2.220.137-43533-80-6,packet_id: 12,delay: 0.45740795135498047
10.8.8.138-185.2.220.137-43533-80-6,packet_id: 13,delay: 0.4622218608856201
10.8.8.138-185.2.220.137-43533-80-6,packet_id: 14,delay: 0.46933889389038086
10.8.8.138-185.2.220.137-43533-80-6,packet_id: 15,delay: 0.4570348262786865
10.8.8.138-185.2.220.137-43533-80-6,packet_id: 16,delay: 0.4735853672027588
10.8.8.138-185.2.220.137-43533-80-6,packet_id: 17,delay: 0.44780826568603516
10.8.8.138-185.2.220.137-43533-80-6,packet_id: 18,delay: 0.45638370513916016
10.8.8.138-185.2.220.137-43533-80-6,packet_id: 19,delay: 0.44133663177490234
10.8.8.138-185.2.220.137-43533-80-6,packet_id: 20,delay: 0.47745323181152344
10.8.8.138-185.2.220.137-43533-80-6,packet_id: 21,delay: 0.48090124130249023
10.8.8.138-185.2.220.137-43533-80-6,packet_id: 22,delay: 0.47199225425720215
10.8.8.138-185.2.220.137-43533-80-6,packet_id: 23,delay: 0.4514429569244385
10.8.8.138-185.2.220.137-43533-80-6,packet_id: 24,delay: 0.4700186252593994
10.8.8.138-185.2.220.137-43533-80-6,packet_id: 25,delay: 0.42432284355163574
10.8.8.138-185.2.220.137-43533-80-6,packet_id: 26,delay: 0.45415496826171875
10.8.8.138-185.2.220.137-43533-80-6,packet_id: 27,delay: 0.4528815746307373
10.8.8.138-185.2.220.137-43533-80-6,packet_id: 28,delay: 0.46668457984924316
10.8.8.138-185.2.220.137-43533-80-6,packet_id: 29,delay: 0.4800570011138916
10.8.8.138-185.2.220.137-43533-80-6,packet_id: 30,delay: 0.4528481960296631
10.8.8.138-185.2.220.137-43533-80-6,packet_id: 31,delay: 0.4521148204803467
10.8.8.138-185.2.220.137-43533-80-6,packet_id: 32,delay: 0.45751380920410156
10.8.8.138-185.2.220.137-43533-80-6,packet_id: 33,delay: 0.4743978977203369
10.8.8.138-185.2.220.137-43533-80-6,packet_id: 34,delay: 0.4729313850402832
10.8.8.138-185.2.220.137-43533-80-6,packet_id: 35,delay: 0.4431939125061035
10.8.8.138-185.2.220.137-43533-80-6,packet_id: 36,delay: 0.4670257568359375
10.8.8.138-185.2.220.137-43533-80-6,packet_id: 37,delay: 0.47363996505737305
10.8.8.138-185.2.220.137-43533-80-6,packet_id: 38,delay: 0.45616674423217773
10.8.8.138-185.2.220.137-43533-80-6,packet_id: 39,delay: 0.4821193218231201
10.8.8.138-185.2.220.137-43533-80-6,packet_id: 40,delay: 0.48914623260498047
10.8.8.138-185.2.220.137-43533-80-6,packet_id: 41,delay: 0.4723987579345703
10.8.8.138-185.2.220.137-43533-80-6,packet_id: 42,delay: 0.47163891792297363
10.8.8.138-185.2.220.137-43533-80-6,packet_id: 43,delay: 0.4787888526916504
10.8.8.138-185.2.220.137-43533-80-6,packet_id: 44,delay: 0.4654524326324463
10.8.8.138-185.2.220.137-43533-80-6,packet_id: 45,delay: 0.49631738662719727
10.8.8.138-185.2.220.137-43533-80-6,packet_id: 46,delay: 0.48428845405578613
10.8.8.138-185.2.220.137-43533-80-6,packet_id: 47,delay: 0.48915791511535645
10.8.8.138-185.2.220.137-43533-80-6,packet_id: 48,delay: 0.47228384017944336
10.8.8.138-185.2.220.137-43533-80-6,packet_id: 49,delay: 0.47244763374328613
157.56.52.13-10.0.2.15-40011-34332-6,packet_id: 1,delay: 0.48765015602111816
157.56.52.13-10.0.2.15-40011-34332-6,packet_id: 2,delay: 0.48595547676086426
199.212.24.175-131.202.240.150-443-58600-6,packet_id: 1,delay: 0.39523935317993164
10.8.8.130-2.30.116.54-48835-58139-6,packet_id: 1,delay: 0.2926337718963623
10.8.8.130-2.30.116.54-48835-58139-6,packet_id: 2,delay: 0.15849781036376953
10.8.8.130-2.30.116.54-48835-58139-6,packet_id: 3,delay: 0.2658236026763916
131.202.240.150-23.235.40.143-54394-443-6,packet_id: 1,delay: 0.6760377883911133
131.202.240.150-23.235.40.143-54394-443-6,packet_id: 2,delay: 0.677419900894165
131.202.240.150-23.235.40.143-54394-443-6,packet_id: 3,delay: 0.6673867702484131
131.202.240.150-23.235.40.143-54394-443-6,packet_id: 4,delay: 0.6543054580688477
131.202.240.150-23.235.40.143-54394-443-6,packet_id: 5,delay: 0.6897099018096924
199.212.24.175-131.202.240.150-443-58936-6,packet_id: 1,delay: 0.3146052360534668
157.56.52.13-10.8.8.178-40011-56909-6,packet_id: 1,delay: 0.33008480072021484
10.8.8.130-2.101.222.231-34461-9396-6,packet_id: 1,delay: 0.42513155937194824
10.8.8.130-2.101.222.231-34461-9396-6,packet_id: 2,delay: 0.42856264114379883
10.8.8.130-2.101.222.231-34461-9396-6,packet_id: 3,delay: 0.5105936527252197
10.8.8.130-2.101.222.231-34461-9396-6,packet_id: 4,delay: 0.5286643505096436
10.8.8.130-2.101.222.231-34461-9396-6,packet_id: 5,delay: 0.5106258392333984
131.202.240.150-108.175.39.202-40884-80-6,packet_id: 1,delay: 0.6690733432769775
131.202.240.150-108.175.39.202-40884-80-6,packet_id: 2,delay: 0.6657817363739014
131.202.240.150-108.175.39.202-40884-80-6,packet_id: 3,delay: 0.674325704574585
131.202.240.150-108.175.39.202-40884-80-6,packet_id: 4,delay: 0.6740171909332275
131.202.240.150-108.175.39.202-40884-80-6,packet_id: 5,delay: 0.6744425296783447
131.202.240.150-108.175.39.202-40884-80-6,packet_id: 6,delay: 0.6744370460510254
131.202.240.150-108.175.39.202-40884-80-6,packet_id: 7,delay: 0.6746549606323242
131.202.240.150-108.175.39.202-40884-80-6,packet_id: 8,delay: 0.6775956153869629
131.202.240.150-108.175.39.202-40884-80-6,packet_id: 9,delay: 0.6779260635375977
131.202.240.150-108.175.39.202-40884-80-6,packet_id: 10,delay: 0.672980785369873
131.202.240.150-108.175.39.202-40884-80-6,packet_id: 11,delay: 0.6685276031494141
131.202.240.150-108.175.39.202-40884-80-6,packet_id: 12,delay: 0.6697168350219727
131.202.240.150-108.175.39.202-40884-80-6,packet_id: 13,delay: 0.661325216293335
131.202.240.150-108.175.39.202-40884-80-6,packet_id: 14,delay: 0.6742172241210938
131.202.240.150-108.175.39.202-40884-80-6,packet_id: 15,delay: 0.6845176219940186
131.202.240.150-108.175.39.202-40884-80-6,packet_id: 16,delay: 0.6853957176208496
10.8.8.130-66.220.156.2-42513-443-6,packet_id: 1,delay: 0.5450620651245117
10.8.8.130-66.220.156.2-42513-443-6,packet_id: 2,delay: 0.546410083770752
10.8.8.130-66.220.156.2-42513-443-6,packet_id: 3,delay: 0.5444309711456299
10.8.8.130-66.220.156.2-42513-443-6,packet_id: 4,delay: 0.5502159595489502
10.8.8.130-66.220.156.2-42513-443-6,packet_id: 5,delay: 0.5554111003875732
10.8.8.130-66.220.156.2-42513-443-6,packet_id: 6,delay: 0.5386252403259277
10.8.8.130-66.220.156.2-42513-443-6,packet_id: 7,delay: 0.5492360591888428
10.8.8.130-66.220.156.2-42513-443-6,packet_id: 8,delay: 0.5434684753417969
10.8.8.130-66.220.156.2-42513-443-6,packet_id: 9,delay: 0.5506412982940674
10.8.8.130-66.220.156.2-42513-443-6,packet_id: 10,delay: 0.5498533248901367
131.202.240.87-134.170.19.124-10864-443-6,packet_id: 1,delay: 0.5393505096435547
131.202.240.87-134.170.19.124-10864-443-6,packet_id: 2,delay: 0.539264440536499
131.202.240.87-134.170.19.124-10864-443-6,packet_id: 3,delay: 0.5634253025054932
131.202.240.87-134.170.19.124-10864-443-6,packet_id: 4,delay: 0.548689603805542
131.202.240.87-134.170.19.124-10864-443-6,packet_id: 5,delay: 0.5404272079467773
131.202.240.87-134.170.19.124-10864-443-6,packet_id: 6,delay: 0.5687620639801025
131.202.240.87-134.170.19.124-10864-443-6,packet_id: 7,delay: 0.5515477657318115
131.202.240.87-134.170.19.124-10864-443-6,packet_id: 8,delay: 0.539423942565918
131.202.240.87-134.170.19.124-10864-443-6,packet_id: 9,delay: 0.4698178768157959
10.8.8.130-77.103.197.35-52719-47872-6,packet_id: 1,delay: 0.3245062828063965
10.8.8.130-86.4.212.228-59320-59222-6,packet_id: 1,delay: 0.33055639266967773
10.8.8.130-86.4.212.228-59320-59222-6,packet_id: 2,delay: 0.3204638957977295
10.8.8.130-86.4.212.228-59320-59222-6,packet_id: 3,delay: 0.3002002239227295
10.8.8.130-86.4.212.228-59320-59222-6,packet_id: 4,delay: 0.3158547878265381
131.202.240.87-173.194.196.16-10784-465-6,packet_id: 1,delay: 0.14285731315612793
131.202.240.87-173.194.196.16-10790-465-6,packet_id: 1,delay: 0.23299956321716309
131.202.240.150-108.175.42.181-58287-80-6,packet_id: 1,delay: 0.2946450710296631
131.202.240.150-108.175.42.181-58287-80-6,packet_id: 2,delay: 0.3184387683868408
131.202.240.150-108.175.42.181-58287-80-6,packet_id: 3,delay: 0.2858157157897949
131.202.240.150-108.175.42.181-58287-80-6,packet_id: 4,delay: 0.29934144020080566
131.202.240.150-108.175.42.181-58287-80-6,packet_id: 5,delay: 0.28568220138549805
131.202.240.150-108.175.42.181-58287-80-6,packet_id: 6,delay: 0.3161954879760742
131.202.240.150-108.175.42.181-58287-80-6,packet_id: 7,delay: 0.2909109592437744
131.202.240.150-108.175.42.181-58287-80-6,packet_id: 8,delay: 0.30396366119384766
131.202.240.150-108.175.42.181-58287-80-6,packet_id: 9,delay: 0.29935336112976074
131.202.240.150-108.175.42.181-58287-80-6,packet_id: 10,delay: 0.3024606704711914
131.202.240.150-108.175.42.181-58287-80-6,packet_id: 11,delay: 0.2929997444152832
131.202.240.87-173.252.100.27-64842-443-6,packet_id: 1,delay: 0.2221975326538086
131.202.240.87-173.252.100.27-64842-443-6,packet_id: 2,delay: 0.20833206176757812
131.202.240.87-173.252.100.27-64842-443-6,packet_id: 3,delay: 0.21686935424804688
131.202.240.87-173.252.100.27-64842-443-6,packet_id: 4,delay: 0.20668554306030273
131.202.240.87-173.252.100.27-64842-443-6,packet_id: 5,delay: 0.21802258491516113
131.202.240.87-173.252.100.27-64842-443-6,packet_id: 6,delay: 0.21486186981201172
10.8.8.130-157.56.192.53-33104-443-6,packet_id: 1,delay: 0.33024072647094727
10.8.8.130-157.56.192.53-33104-443-6,packet_id: 2,delay: 0.3160080909729004
10.8.8.130-157.56.192.53-33104-443-6,packet_id: 3,delay: 0.3232707977294922
184.29.105.106-131.202.240.150-80-45466-6,packet_id: 1,delay: 0.6048462390899658
10.8.8.130-173.194.78.189-60098-443-6,packet_id: 1,delay: 0.4682302474975586
10.8.8.130-173.194.78.189-60098-443-6,packet_id: 2,delay: 0.47569704055786133
10.8.8.130-173.194.78.189-60098-443-6,packet_id: 3,delay: 0.4779536724090576
10.8.8.130-173.194.78.189-60098-443-6,packet_id: 4,delay: 0.4743173122406006
10.8.8.130-173.194.78.189-60098-443-6,packet_id: 5,delay: 0.47247934341430664
10.8.8.130-173.194.78.189-60098-443-6,packet_id: 6,delay: 0.461545467376709
134.170.19.124-131.202.240.87-443-10864-6,packet_id: 1,delay: 0.47705698013305664
134.170.19.124-131.202.240.87-443-10864-6,packet_id: 2,delay: 0.48155641555786133
134.170.19.124-131.202.240.87-443-10864-6,packet_id: 3,delay: 0.4795067310333252
134.170.19.124-131.202.240.87-443-10864-6,packet_id: 4,delay: 0.4640040397644043
134.170.19.124-131.202.240.87-443-10864-6,packet_id: 5,delay: 0.4806194305419922
134.170.19.124-131.202.240.87-443-10864-6,packet_id: 6,delay: 0.4837682247161865
134.170.19.124-131.202.240.87-443-10864-6,packet_id: 7,delay: 0.4780597686767578
134.170.19.124-131.202.240.87-443-10864-6,packet_id: 8,delay: 0.5091140270233154
134.170.19.124-131.202.240.87-443-10864-6,packet_id: 9,delay: 0.5461359024047852
134.170.19.124-131.202.240.87-443-10864-6,packet_id: 10,delay: 0.48690152168273926
131.202.240.87-178.237.17.103-42530-443-6,packet_id: 1,delay: 0.19673919677734375
131.202.240.87-178.237.17.103-42530-443-6,packet_id: 2,delay: 0.19654297828674316
131.202.240.87-205.188.12.91-42522-443-6,packet_id: 1,delay: 0.49506378173828125
131.202.240.87-205.188.12.91-42522-443-6,packet_id: 2,delay: 0.5151236057281494
205.188.12.43-10.8.8.130-443-44917-6,packet_id: 1,delay: 0.5708448886871338
205.188.12.43-10.8.8.130-443-44917-6,packet_id: 2,delay: 0.5851414203643799
205.188.12.43-10.8.8.130-443-44917-6,packet_id: 3,delay: 0.5727224349975586
131.202.240.87-209.148.205.35-64882-443-6,packet_id: 1,delay: 0.2660069465637207
10.8.8.130-178.237.18.202-34342-443-6,packet_id: 1,delay: 0.3305208683013916
10.8.8.130-178.237.18.202-34342-443-6,packet_id: 2,delay: 0.35220885276794434
10.8.8.130-178.237.18.202-34342-443-6,packet_id: 3,delay: 0.39189958572387695
131.202.240.150-108.175.43.146-60056-80-6,packet_id: 1,delay: 0.3441762924194336
131.202.240.150-108.175.43.146-60056-80-6,packet_id: 2,delay: 0.3428952693939209
131.202.240.150-108.175.43.146-60056-80-6,packet_id: 3,delay: 0.32784128189086914
131.202.240.150-108.175.43.146-60056-80-6,packet_id: 4,delay: 0.3425252437591553
131.202.240.150-108.175.43.146-60056-80-6,packet_id: 5,delay: 0.31424903869628906
131.202.240.150-108.175.43.146-60056-80-6,packet_id: 6,delay: 0.35107970237731934
131.202.240.150-108.175.43.146-60056-80-6,packet_id: 7,delay: 0.3419022560119629
131.202.240.150-108.175.43.146-60056-80-6,packet_id: 8,delay: 0.3591318130493164
131.202.240.150-108.175.43.146-60056-80-6,packet_id: 9,delay: 0.38921523094177246
131.202.240.150-108.175.43.146-60056-80-6,packet_id: 10,delay: 0.37190866470336914
131.202.240.150-108.175.43.146-60056-80-6,packet_id: 11,delay: 0.35722899436950684
131.202.240.150-108.175.43.146-60056-80-6,packet_id: 12,delay: 0.36124563217163086
131.202.240.150-108.175.43.146-60056-80-6,packet_id: 13,delay: 0.3456735610961914
131.202.240.150-108.175.43.146-60056-80-6,packet_id: 14,delay: 0.3505887985229492
131.202.240.150-108.175.43.146-60056-80-6,packet_id: 15,delay: 0.3275442123413086
131.202.240.150-108.175.43.146-60056-80-6,packet_id: 16,delay: 0.3430798053741455
131.202.240.150-108.175.43.146-60056-80-6,packet_id: 17,delay: 0.35178303718566895
131.202.240.150-108.175.43.146-60056-80-6,packet_id: 18,delay: 0.3466174602508545
131.202.240.150-108.175.43.146-60056-80-6,packet_id: 19,delay: 0.3476128578186035
205.188.12.43-131.202.240.242-443-31783-6,packet_id: 1,delay: 0.5702648162841797
208.118.125.54-131.202.240.87-49266-42322-6,packet_id: 1,delay: 0.6285429000854492
10.8.8.130-205.188.12.43-44917-443-6,packet_id: 1,delay: 0.5697755813598633
10.8.8.130-205.188.12.43-44917-443-6,packet_id: 2,delay: 0.5693016052246094
10.8.8.234-74.125.71.16-56545-993-6,packet_id: 1,delay: 0.49688267707824707
10.8.8.234-74.125.71.16-56545-993-6,packet_id: 2,delay: 0.5171246528625488
10.8.8.178-2.30.116.54-43020-58139-6,packet_id: 1,delay: 0.28198885917663574
10.8.8.178-2.30.116.54-43020-58139-6,packet_id: 2,delay: 0.297924280166626
10.8.8.178-2.30.116.54-43020-58139-6,packet_id: 3,delay: 0.2064378261566162
10.8.8.178-2.30.116.54-43020-58139-6,packet_id: 4,delay: 0.26423192024230957
10.8.8.178-2.30.116.54-43020-58139-6,packet_id: 5,delay: 0.28070902824401855
10.8.8.178-2.30.116.54-43020-58139-6,packet_id: 6,delay: 0.28952980041503906
173.194.123.124-131.202.240.242-443-5983-6,packet_id: 1,delay: 0.2532079219818115
10.8.8.130-216.58.210.3-34920-443-6,packet_id: 1,delay: 0.39963817596435547
10.8.8.130-216.58.210.3-34920-443-6,packet_id: 2,delay: 0.43932199478149414
10.8.8.130-216.58.210.3-34920-443-6,packet_id: 3,delay: 0.3807218074798584
74.125.71.16-10.0.2.15-465-51254-6,packet_id: 1,delay: 0.564218282699585
185.2.220.137-10.8.8.138-80-43533-6,packet_id: 1,delay: 0.47913241386413574
185.2.220.137-10.8.8.138-80-43533-6,packet_id: 2,delay: 0.4866471290588379
185.2.220.137-10.8.8.138-80-43533-6,packet_id: 3,delay: 0.452254056930542
185.2.220.137-10.8.8.138-80-43533-6,packet_id: 4,delay: 0.5215330123901367
185.2.220.137-10.8.8.138-80-43533-6,packet_id: 5,delay: 0.4819681644439697
185.2.220.137-10.8.8.138-80-43533-6,packet_id: 6,delay: 0.4532303810119629
185.2.220.137-10.8.8.138-80-43533-6,packet_id: 7,delay: 0.453502893447876
185.2.220.137-10.8.8.138-80-43533-6,packet_id: 8,delay: 0.4898841381072998
185.2.220.137-10.8.8.138-80-43533-6,packet_id: 9,delay: 0.4507882595062256
185.2.220.137-10.8.8.138-80-43533-6,packet_id: 10,delay: 0.4536724090576172
185.2.220.137-10.8.8.138-80-43533-6,packet_id: 11,delay: 0.4516947269439697
185.2.220.137-10.8.8.138-80-43533-6,packet_id: 12,delay: 0.4554281234741211
185.2.220.137-10.8.8.138-80-43533-6,packet_id: 13,delay: 0.44782018661499023
185.2.220.137-10.8.8.138-80-43533-6,packet_id: 14,delay: 0.48120570182800293
185.2.220.137-10.8.8.138-80-43533-6,packet_id: 15,delay: 0.4428377151489258
185.2.220.137-10.8.8.138-80-43533-6,packet_id: 16,delay: 0.4665675163269043
185.2.220.137-10.8.8.138-80-43533-6,packet_id: 17,delay: 0.4590568542480469
185.2.220.137-10.8.8.138-80-43533-6,packet_id: 18,delay: 0.4429795742034912
185.2.220.137-10.8.8.138-80-43533-6,packet_id: 19,delay: 0.4665861129760742
185.2.220.137-10.8.8.138-80-43533-6,packet_id: 20,delay: 0.46242213249206543
185.2.220.137-10.8.8.138-80-43533-6,packet_id: 21,delay: 0.4620518684387207
185.2.220.137-10.8.8.138-80-43533-6,packet_id: 22,delay: 0.47028398513793945
185.2.220.137-10.8.8.138-80-43533-6,packet_id: 23,delay: 0.46615004539489746
185.2.220.137-10.8.8.138-80-43533-6,packet_id: 24,delay: 0.45749688148498535
185.2.220.137-10.8.8.138-80-43533-6,packet_id: 25,delay: 0.45912837982177734
185.2.220.137-10.8.8.138-80-43533-6,packet_id: 26,delay: 0.45177698135375977
185.2.220.137-10.8.8.138-80-43533-6,packet_id: 27,delay: 0.4608421325683594
185.2.220.137-10.8.8.138-80-43533-6,packet_id: 28,delay: 0.4587094783782959
185.2.220.137-10.8.8.138-80-43533-6,packet_id: 29,delay: 0.4592902660369873
185.2.220.137-10.8.8.138-80-43533-6,packet_id: 30,delay: 0.45158934593200684
185.2.220.137-10.8.8.138-80-43533-6,packet_id: 31,delay: 0.4746236801147461
185.2.220.137-10.8.8.138-80-43533-6,packet_id: 32,delay: 0.4450972080230713
185.2.220.137-10.8.8.138-80-43533-6,packet_id: 33,delay: 0.43881893157958984
185.2.220.137-10.8.8.138-80-43533-6,packet_id: 34,delay: 0.43126821517944336
185.2.220.137-10.8.8.138-80-43533-6,packet_id: 35,delay: 0.46735453605651855
185.2.220.137-10.8.8.138-80-43533-6,packet_id: 36,delay: 0.4584197998046875
185.2.220.137-10.8.8.138-80-43533-6,packet_id: 37,delay: 0.43957042694091797
185.2.220.137-10.8.8.138-80-43533-6,packet_id: 38,delay: 0.45966386795043945
185.2.220.137-10.8.8.138-80-43533-6,packet_id: 39,delay: 0.43744611740112305
185.2.220.137-10.8.8.138-80-43533-6,packet_id: 40,delay: 0.4572327136993408
185.2.220.137-10.8.8.138-80-43533-6,packet_id: 41,delay: 0.4586503505706787
185.2.220.137-10.8.8.138-80-43533-6,packet_id: 42,delay: 0.4552609920501709
185.2.220.137-10.8.8.138-80-43533-6,packet_id: 43,delay: 0.4911191463470459
185.2.220.137-10.8.8.138-80-43533-6,packet_id: 44,delay: 0.5255556106567383
185.2.220.137-10.8.8.138-80-43533-6,packet_id: 45,delay: 0.5065765380859375
185.2.220.137-10.8.8.138-80-43533-6,packet_id: 46,delay: 0.46158838272094727
185.2.220.137-10.8.8.138-80-43533-6,packet_id: 47,delay: 0.47966694831848145
185.2.220.137-10.8.8.138-80-43533-6,packet_id: 48,delay: 0.4553048610687256
185.2.220.137-10.8.8.138-80-43533-6,packet_id: 49,delay: 0.47574615478515625
185.2.220.137-10.8.8.138-80-43533-6,packet_id: 50,delay: 0.45803117752075195
185.2.220.137-10.8.8.138-80-43533-6,packet_id: 51,delay: 0.47175002098083496
185.2.220.137-10.8.8.138-80-43533-6,packet_id: 52,delay: 0.4359250068664551
185.2.220.137-10.8.8.138-80-43533-6,packet_id: 53,delay: 0.4560387134552002
185.2.220.137-10.8.8.138-80-43533-6,packet_id: 54,delay: 0.4582052230834961
185.2.220.137-10.8.8.138-80-43533-6,packet_id: 55,delay: 0.4550507068634033
185.2.220.137-10.8.8.138-80-43533-6,packet_id: 56,delay: 0.46043992042541504
185.2.220.137-10.8.8.138-80-43533-6,packet_id: 57,delay: 0.45012855529785156
185.2.220.137-10.8.8.138-80-43533-6,packet_id: 58,delay: 0.4537622928619385
185.2.220.137-10.8.8.138-80-43533-6,packet_id: 59,delay: 0.4486861228942871
185.2.220.137-10.8.8.138-80-43533-6,packet_id: 60,delay: 0.45403456687927246
185.2.220.137-10.8.8.138-80-43533-6,packet_id: 61,delay: 0.4624667167663574
185.2.220.137-10.8.8.138-80-43533-6,packet_id: 62,delay: 0.43947792053222656
185.2.220.137-10.8.8.138-80-43533-6,packet_id: 63,delay: 0.46141791343688965
185.2.220.137-10.8.8.138-80-43533-6,packet_id: 64,delay: 0.4630706310272217
185.2.220.137-10.8.8.138-80-43533-6,packet_id: 65,delay: 0.45108699798583984
185.2.220.137-10.8.8.138-80-43533-6,packet_id: 66,delay: 0.4777646064758301
185.2.220.137-10.8.8.138-80-43533-6,packet_id: 67,delay: 0.4584503173828125
185.2.220.137-10.8.8.138-80-43533-6,packet_id: 68,delay: 0.4378623962402344
185.2.220.137-10.8.8.138-80-43533-6,packet_id: 69,delay: 0.45807576179504395
185.2.220.137-10.8.8.138-80-43533-6,packet_id: 70,delay: 0.4352433681488037
185.2.220.137-10.8.8.138-80-43533-6,packet_id: 71,delay: 0.44995617866516113
185.2.220.137-10.8.8.138-80-43533-6,packet_id: 72,delay: 0.4514431953430176
185.2.220.137-10.8.8.138-80-43533-6,packet_id: 73,delay: 0.4573402404785156
185.2.220.137-10.8.8.138-80-43533-6,packet_id: 74,delay: 0.44759202003479004
185.2.220.137-10.8.8.138-80-43533-6,packet_id: 75,delay: 0.45595431327819824
185.2.220.137-10.8.8.138-80-43533-6,packet_id: 76,delay: 0.4553565979003906
185.2.220.137-10.8.8.138-80-43533-6,packet_id: 77,delay: 0.43213510513305664
185.2.220.137-10.8.8.138-80-43533-6,packet_id: 78,delay: 0.45935702323913574
185.2.220.137-10.8.8.138-80-43533-6,packet_id: 79,delay: 0.46337223052978516
185.2.220.137-10.8.8.138-80-43533-6,packet_id: 80,delay: 0.4662959575653076
185.2.220.137-10.8.8.138-80-43533-6,packet_id: 81,delay: 0.45359301567077637
185.2.220.137-10.8.8.138-80-43533-6,packet_id: 82,delay: 0.4888269901275635
74.125.71.16-10.8.8.234-993-56529-6,packet_id: 1,delay: 0.48490428924560547
74.125.71.16-10.8.8.234-993-56529-6,packet_id: 2,delay: 0.6242339611053467
74.125.71.16-10.8.8.234-993-56529-6,packet_id: 3,delay: 0.6211912631988525
10.8.8.234-74.125.133.16-51040-993-6,packet_id: 1,delay: 0.5209980010986328
10.8.8.234-74.125.133.16-51055-993-6,packet_id: 1,delay: 0.42929887771606445
10.8.8.234-74.125.133.16-51055-993-6,packet_id: 2,delay: 0.4794120788574219
10.8.8.234-74.125.133.16-51055-993-6,packet_id: 3,delay: 0.466477632522583
10.8.8.234-74.125.133.16-51055-993-6,packet_id: 4,delay: 0.43583035469055176
10.8.8.234-74.125.133.16-51055-993-6,packet_id: 5,delay: 0.4416995048522949
10.8.8.234-74.125.133.16-51055-993-6,packet_id: 6,delay: 0.4560530185699463
10.8.8.234-74.125.133.16-51055-993-6,packet_id: 7,delay: 0.5371942520141602
10.8.8.234-74.125.133.16-51055-993-6,packet_id: 8,delay: 0.4417245388031006
10.8.8.130-216.58.210.3-34927-443-6,packet_id: 1,delay: 0.39838290214538574
173.194.194.16-10.0.2.15-995-58959-6,packet_id: 1,delay: 0.4505038261413574
10.8.8.130-216.58.210.3-34930-443-6,packet_id: 1,delay: 0.4288642406463623
216.58.210.78-10.8.8.178-443-44923-6,packet_id: 1,delay: 0.23989415168762207
216.58.210.78-10.8.8.178-443-44923-6,packet_id: 2,delay: 0.19781875610351562
216.58.210.78-10.8.8.178-443-44923-6,packet_id: 3,delay: 0.18882346153259277
216.58.210.78-10.8.8.178-443-44923-6,packet_id: 4,delay: 0.19639801979064941
68.67.153.146-131.202.240.87-443-11327-6,packet_id: 1,delay: 0.28947973251342773
10.8.8.130-216.58.210.14-45184-443-6,packet_id: 1,delay: 0.40406036376953125
10.8.8.130-216.58.210.14-45184-443-6,packet_id: 2,delay: 0.3888969421386719
10.8.8.130-216.58.210.14-45184-443-6,packet_id: 3,delay: 0.3860304355621338
10.8.8.130-216.58.210.14-45184-443-6,packet_id: 4,delay: 0.4734361171722412
10.8.8.130-216.58.210.14-45184-443-6,packet_id: 5,delay: 0.4693293571472168
10.8.8.130-216.58.210.14-45184-443-6,packet_id: 6,delay: 0.44025492668151855
10.8.8.130-216.58.210.14-45184-443-6,packet_id: 7,delay: 0.46224117279052734
10.8.8.130-216.58.210.14-45184-443-6,packet_id: 8,delay: 0.487072229385376
10.8.8.130-216.58.210.14-45184-443-6,packet_id: 9,delay: 0.4649686813354492
10.8.8.130-216.58.210.14-45184-443-6,packet_id: 10,delay: 0.458052396774292
10.8.8.130-216.58.210.14-45184-443-6,packet_id: 11,delay: 0.4731924533843994
10.8.8.130-216.58.210.14-45184-443-6,packet_id: 12,delay: 0.4637269973754883
10.8.8.130-216.58.210.14-45184-443-6,packet_id: 13,delay: 0.4654829502105713
10.8.8.130-216.58.210.14-45184-443-6,packet_id: 14,delay: 0.4685976505279541
10.8.8.130-216.58.210.14-45184-443-6,packet_id: 15,delay: 0.4679598808288574
10.8.8.130-216.58.210.14-45184-443-6,packet_id: 16,delay: 0.4810023307800293
10.8.8.178-23.67.255.209-39285-443-6,packet_id: 1,delay: 0.5917637348175049
10.8.8.178-23.192.162.186-46878-443-6,packet_id: 1,delay: 0.25443172454833984
10.8.8.178-63.245.217.113-38085-443-6,packet_id: 1,delay: 0.39365291595458984
10.8.8.178-63.245.217.113-38086-443-6,packet_id: 1,delay: 0.3825492858886719
10.8.8.234-74.125.133.16-51056-993-6,packet_id: 1,delay: 0.552565336227417
10.8.8.234-74.125.133.16-51056-993-6,packet_id: 2,delay: 0.5383822917938232
10.8.8.234-74.125.133.16-51056-993-6,packet_id: 3,delay: 0.5228474140167236
10.8.8.234-74.125.133.16-51056-993-6,packet_id: 4,delay: 0.5372827053070068
10.8.8.234-74.125.133.16-51056-993-6,packet_id: 5,delay: 0.53078293800354
10.8.8.234-74.125.133.16-51056-993-6,packet_id: 6,delay: 0.5245800018310547
10.8.8.234-74.125.133.16-51056-993-6,packet_id: 7,delay: 0.5346174240112305
10.8.8.234-74.125.133.16-51056-993-6,packet_id: 8,delay: 0.538623571395874
10.8.8.178-86.4.212.228-52449-59222-6,packet_id: 1,delay: 0.3206961154937744
10.8.8.138-185.2.220.137-43535-80-6,packet_id: 1,delay: 0.46857476234436035
10.8.8.178-134.170.25.26-54269-443-6,packet_id: 1,delay: 0.23699736595153809
10.8.8.178-134.170.25.26-54269-443-6,packet_id: 2,delay: 0.24252748489379883
10.8.8.138-208.117.251.116-56550-443-6,packet_id: 1,delay: 0.4571411609649658
10.8.8.138-208.117.251.116-56550-443-6,packet_id: 2,delay: 0.4689466953277588
10.8.8.138-208.117.251.116-56550-443-6,packet_id: 3,delay: 0.48091626167297363
10.8.8.178-173.194.67.94-34123-443-6,packet_id: 1,delay: 0.2473149299621582
10.8.8.178-173.194.67.94-34123-443-6,packet_id: 2,delay: 0.23953843116760254
131.202.240.150-108.175.43.161-57196-80-6,packet_id: 1,delay: 0.3815040588378906
131.202.240.150-108.175.43.161-57196-80-6,packet_id: 2,delay: 0.37719273567199707
131.202.240.150-108.175.43.161-57196-80-6,packet_id: 3,delay: 0.3836381435394287
131.202.240.150-108.175.43.161-57196-80-6,packet_id: 4,delay: 0.4031338691711426
131.202.240.150-108.175.43.161-57196-80-6,packet_id: 5,delay: 0.39628076553344727
131.202.240.150-108.175.43.161-57196-80-6,packet_id: 6,delay: 0.39618611335754395
131.202.240.150-108.175.43.161-57196-80-6,packet_id: 7,delay: 0.398360013961792
131.202.240.150-108.175.43.161-57196-80-6,packet_id: 8,delay: 0.3943028450012207
131.202.240.150-108.175.43.161-57196-80-6,packet_id: 9,delay: 0.39845824241638184
131.202.240.150-108.175.43.161-57196-80-6,packet_id: 10,delay: 0.4010806083679199
131.202.240.150-108.175.43.161-57196-80-6,packet_id: 11,delay: 0.39609360694885254
131.202.240.150-108.175.43.161-57196-80-6,packet_id: 12,delay: 0.39247798919677734
131.202.240.150-108.175.43.161-57196-80-6,packet_id: 13,delay: 0.3917508125305176
131.202.240.150-108.175.43.161-57196-80-6,packet_id: 14,delay: 0.3955190181732178
131.202.240.150-108.175.43.161-57196-80-6,packet_id: 15,delay: 0.38439369201660156
131.202.240.150-108.175.43.161-57196-80-6,packet_id: 16,delay: 0.3843374252319336
131.202.240.150-108.175.43.161-57196-80-6,packet_id: 17,delay: 0.40173935890197754
10.8.8.138-208.117.251.116-56557-443-6,packet_id: 1,delay: 0.4556300640106201
10.8.8.178-173.194.67.189-57926-443-6,packet_id: 1,delay: 0.5123634338378906
10.8.8.178-173.194.67.189-57926-443-6,packet_id: 2,delay: 0.521843671798706
10.8.8.178-173.194.67.189-57926-443-6,packet_id: 3,delay: 0.5175232887268066
10.8.8.178-173.194.67.189-57926-443-6,packet_id: 4,delay: 0.49766039848327637
10.8.8.178-173.194.67.189-57926-443-6,packet_id: 5,delay: 0.5204010009765625
10.8.8.178-173.194.67.189-57926-443-6,packet_id: 6,delay: 0.5142557621002197
10.8.8.138-208.117.251.116-56568-443-6,packet_id: 1,delay: 0.45318055152893066
10.8.8.138-208.117.251.116-56577-443-6,packet_id: 1,delay: 0.45833826065063477
10.8.8.138-208.117.251.116-56577-443-6,packet_id: 2,delay: 0.46463584899902344
10.8.8.234-173.194.67.16-37858-465-6,packet_id: 1,delay: 0.3282811641693115
10.8.8.138-208.117.251.116-56622-443-6,packet_id: 1,delay: 0.4909214973449707
10.8.8.138-208.117.251.116-56622-443-6,packet_id: 2,delay: 0.4558579921722412
10.8.8.234-173.194.67.16-37875-465-6,packet_id: 1,delay: 0.4275193214416504
10.8.8.234-173.194.67.16-37877-465-6,packet_id: 1,delay: 0.34573936462402344
10.8.8.138-208.117.251.116-56647-443-6,packet_id: 1,delay: 0.4779937267303467
10.8.8.138-208.117.251.116-56647-443-6,packet_id: 2,delay: 0.46022772789001465
10.8.8.234-173.194.67.16-37883-465-6,packet_id: 1,delay: 0.4246368408203125
10.8.8.178-173.252.100.27-47132-443-6,packet_id: 1,delay: 0.19131779670715332
10.8.8.178-173.252.100.27-47132-443-6,packet_id: 2,delay: 0.18903112411499023
10.8.8.178-173.252.100.27-47132-443-6,packet_id: 3,delay: 0.18970394134521484
10.8.8.178-173.252.100.27-47132-443-6,packet_id: 4,delay: 0.285125732421875
10.8.8.178-173.252.100.27-47132-443-6,packet_id: 5,delay: 0.29232287406921387
10.8.8.178-173.252.100.27-47132-443-6,packet_id: 6,delay: 0.28740930557250977
10.8.8.138-209.148.205.35-42190-443-6,packet_id: 1,delay: 0.3801615238189697
10.8.8.138-209.148.205.35-42190-443-6,packet_id: 2,delay: 0.38098716735839844
10.8.8.138-209.148.205.35-42190-443-6,packet_id: 3,delay: 0.38634514808654785
10.8.8.138-209.148.205.35-42190-443-6,packet_id: 4,delay: 0.3743929862976074
10.8.8.178-178.237.17.103-51318-443-6,packet_id: 1,delay: 0.25105953216552734
10.8.8.178-178.237.17.103-51318-443-6,packet_id: 2,delay: 0.24509954452514648
10.8.8.178-178.237.17.103-51318-443-6,packet_id: 3,delay: 0.26165318489074707
10.8.8.178-178.237.17.103-51318-443-6,packet_id: 4,delay: 0.2513091564178467
10.8.8.178-178.237.17.103-51318-443-6,packet_id: 5,delay: 0.24609112739562988
199.212.24.172-131.202.240.150-443-56874-6,packet_id: 1,delay: 0.5965728759765625
199.212.24.172-131.202.240.150-443-56874-6,packet_id: 2,delay: 0.5725545883178711
199.212.24.172-131.202.240.150-443-56874-6,packet_id: 3,delay: 0.5917778015136719
199.212.24.172-131.202.240.150-443-56874-6,packet_id: 4,delay: 0.5791022777557373
199.212.24.172-131.202.240.150-443-56874-6,packet_id: 5,delay: 0.5786128044128418
199.212.24.172-131.202.240.150-443-56874-6,packet_id: 6,delay: 0.5794076919555664
199.212.24.172-131.202.240.150-443-56874-6,packet_id: 7,delay: 0.5762269496917725
199.212.24.172-131.202.240.150-443-56874-6,packet_id: 8,delay: 0.5753247737884521
209.148.205.33-131.202.240.150-80-41146-6,packet_id: 1,delay: 0.5828382968902588
131.202.240.150-173.194.20.107-44157-443-6,packet_id: 1,delay: 0.26204586029052734
131.202.240.150-173.194.20.107-44157-443-6,packet_id: 2,delay: 0.2521350383758545
131.202.240.150-173.194.20.107-44157-443-6,packet_id: 3,delay: 0.2640981674194336
131.202.240.150-173.194.20.107-44157-443-6,packet_id: 4,delay: 0.26422739028930664
10.8.8.178-205.188.12.91-48911-443-6,packet_id: 1,delay: 0.5349080562591553
10.8.8.178-216.58.208.35-52205-443-6,packet_id: 1,delay: 0.4934966564178467
10.8.8.178-216.58.208.37-51920-443-6,packet_id: 1,delay: 0.2812018394470215
131.202.240.150-184.73.252.179-39085-80-6,packet_id: 1,delay: 0.5732002258300781
10.8.8.178-216.58.208.46-38243-443-6,packet_id: 1,delay: 0.5853054523468018
10.8.8.178-216.58.208.46-38243-443-6,packet_id: 2,delay: 0.6159729957580566
10.8.8.178-216.58.208.46-38243-443-6,packet_id: 3,delay: 0.6019647121429443
10.8.8.178-216.58.208.46-38243-443-6,packet_id: 4,delay: 0.6059920787811279
10.8.8.178-216.58.208.46-38243-443-6,packet_id: 5,delay: 0.5942471027374268
131.202.240.150-199.127.194.212-41858-443-6,packet_id: 1,delay: 0.17487120628356934
205.188.12.91-10.8.8.178-443-48911-6,packet_id: 1,delay: 0.5785326957702637
131.202.240.150-199.212.24.172-56874-443-6,packet_id: 1,delay: 0.6497995853424072
131.202.240.150-199.212.24.172-56874-443-6,packet_id: 2,delay: 0.6604299545288086
131.202.240.150-199.212.24.172-56874-443-6,packet_id: 3,delay: 0.6517210006713867
131.202.240.150-199.212.24.172-56874-443-6,packet_id: 4,delay: 0.6455063819885254
131.202.240.150-199.212.24.172-56874-443-6,packet_id: 5,delay: 0.6584489345550537
131.202.240.150-199.212.24.172-56874-443-6,packet_id: 6,delay: 0.6617302894592285
131.202.240.150-199.212.24.172-56874-443-6,packet_id: 7,delay: 0.667996883392334
131.202.240.150-199.212.24.172-56874-443-6,packet_id: 8,delay: 0.6930465698242188
131.202.240.150-199.212.24.172-56874-443-6,packet_id: 9,delay: 0.6978633403778076
131.202.240.150-199.212.24.172-56874-443-6,packet_id: 10,delay: 0.6839849948883057
131.202.240.150-199.212.24.172-56874-443-6,packet_id: 11,delay: 0.6907503604888916
131.202.240.150-199.212.24.172-56874-443-6,packet_id: 12,delay: 0.6833961009979248
131.202.240.150-199.212.24.172-56874-443-6,packet_id: 13,delay: 0.6991879940032959
131.202.240.150-199.212.24.172-56874-443-6,packet_id: 14,delay: 0.7040250301361084
131.202.240.150-199.212.24.172-56874-443-6,packet_id: 15,delay: 0.6879806518554688
131.202.240.150-199.212.24.172-56874-443-6,packet_id: 16,delay: 0.6683468818664551
131.202.240.150-199.212.24.172-56874-443-6,packet_id: 17,delay: 0.6613407135009766
131.202.240.150-199.212.24.172-56874-443-6,packet_id: 18,delay: 0.672170877456665
131.202.240.150-199.212.24.172-56874-443-6,packet_id: 19,delay: 0.6576352119445801
131.202.240.150-199.212.24.172-56874-443-6,packet_id: 20,delay: 0.6575040817260742
131.202.240.150-199.212.24.172-56874-443-6,packet_id: 21,delay: 0.6560642719268799
131.202.240.150-199.212.24.172-56874-443-6,packet_id: 22,delay: 0.6738970279693604
131.202.240.150-199.212.24.172-56874-443-6,packet_id: 23,delay: 0.6876158714294434
131.202.240.150-199.212.24.172-56874-443-6,packet_id: 24,delay: 0.6503748893737793
131.202.240.150-199.212.24.172-56874-443-6,packet_id: 25,delay: 0.6680474281311035
131.202.240.150-199.212.24.172-56874-443-6,packet_id: 26,delay: 0.6489408016204834
131.202.240.150-199.212.24.172-56874-443-6,packet_id: 27,delay: 0.6586642265319824
131.202.240.150-199.212.24.172-56874-443-6,packet_id: 28,delay: 0.6508805751800537
131.202.240.150-199.212.24.172-56874-443-6,packet_id: 29,delay: 0.6656007766723633
131.202.240.150-199.212.24.172-56874-443-6,packet_id: 30,delay: 0.6535396575927734
131.202.240.150-199.212.24.172-56874-443-6,packet_id: 31,delay: 0.6271321773529053
131.202.240.150-199.212.24.172-56874-443-6,packet_id: 32,delay: 0.6638898849487305
205.188.12.91-131.202.240.87-443-42522-6,packet_id: 1,delay: 0.5370855331420898
10.8.8.178-216.58.208.46-38246-443-6,packet_id: 1,delay: 0.5107214450836182
10.8.8.178-216.58.208.46-38264-443-6,packet_id: 1,delay: 0.6129860877990723
10.8.8.178-216.58.208.46-38264-443-6,packet_id: 2,delay: 0.6135818958282471
10.8.8.178-216.58.208.46-38264-443-6,packet_id: 3,delay: 0.613825798034668
10.8.8.178-216.58.208.46-38264-443-6,packet_id: 4,delay: 0.6268560886383057
208.117.251.116-10.8.8.138-443-56550-6,packet_id: 1,delay: 0.4583110809326172
208.117.251.116-10.8.8.138-443-56550-6,packet_id: 2,delay: 0.49088311195373535
208.117.251.116-10.8.8.138-443-56550-6,packet_id: 3,delay: 0.5341603755950928
208.117.251.116-10.8.8.138-443-56550-6,packet_id: 4,delay: 0.5235428810119629
208.117.251.116-10.8.8.138-443-56550-6,packet_id: 5,delay: 0.44435811042785645
216.58.210.14-10.8.8.130-443-45184-6,packet_id: 1,delay: 0.5807640552520752
216.58.210.14-10.8.8.130-443-45184-6,packet_id: 2,delay: 0.583590030670166
216.58.210.14-10.8.8.130-443-45184-6,packet_id: 3,delay: 0.5709185600280762
216.58.210.14-10.8.8.130-443-45184-6,packet_id: 4,delay: 0.5613889694213867
216.58.210.14-10.8.8.130-443-45184-6,packet_id: 5,delay: 0.6311867237091064
216.58.210.14-10.8.8.130-443-45184-6,packet_id: 6,delay: 0.6087069511413574
216.58.210.14-10.8.8.130-443-45184-6,packet_id: 7,delay: 0.572317361831665
216.58.210.14-10.8.8.130-443-45184-6,packet_id: 8,delay: 0.5835201740264893
216.58.210.14-10.8.8.130-443-45184-6,packet_id: 9,delay: 0.5759577751159668
216.58.210.14-10.8.8.130-443-45184-6,packet_id: 10,delay: 0.5837631225585938
216.58.210.14-10.8.8.130-443-45184-6,packet_id: 11,delay: 0.5818228721618652
216.58.210.14-10.8.8.130-443-45184-6,packet_id: 12,delay: 0.5793635845184326
216.58.210.14-10.8.8.130-443-45184-6,packet_id: 13,delay: 0.5864026546478271
216.58.210.14-10.8.8.130-443-45184-6,packet_id: 14,delay: 0.5913267135620117
216.58.210.14-10.8.8.130-443-45184-6,packet_id: 15,delay: 0.592918872833252
216.58.210.14-10.8.8.130-443-45184-6,packet_id: 16,delay: 0.5734767913818359
216.58.210.14-10.8.8.130-443-45184-6,packet_id: 17,delay: 0.5770089626312256
216.58.210.14-10.8.8.130-443-45184-6,packet_id: 18,delay: 0.591787576675415
216.58.210.14-10.8.8.130-443-45184-6,packet_id: 19,delay: 0.5951888561248779
216.58.210.14-10.8.8.130-443-45184-6,packet_id: 20,delay: 0.5869655609130859
131.202.240.242-68.67.153.2-5887-80-6,packet_id: 1,delay: 0.319368839263916
178.237.18.202-10.8.8.130-443-34342-6,packet_id: 1,delay: 0.34742045402526855
178.237.18.202-10.8.8.130-443-34342-6,packet_id: 2,delay: 0.35867905616760254
178.237.18.202-10.8.8.130-443-34342-6,packet_id: 3,delay: 0.3870680332183838
178.237.18.202-10.8.8.130-443-34342-6,packet_id: 4,delay: 0.3673975467681885
178.237.18.202-10.8.8.130-443-34342-6,packet_id: 5,delay: 0.34665799140930176
178.237.18.202-10.8.8.130-443-34342-6,packet_id: 6,delay: 0.3626132011413574
131.202.240.242-69.172.216.55-5957-443-6,packet_id: 1,delay: 0.5769498348236084
74.125.70.16-131.202.240.242-995-5479-6,packet_id: 1,delay: 0.268341064453125
173.194.196.16-131.202.240.242-465-5488-6,packet_id: 1,delay: 0.30405330657958984
131.202.240.242-74.125.193.16-5535-995-6,packet_id: 1,delay: 0.5555260181427002
10.8.8.178-216.58.210.35-59222-443-6,packet_id: 1,delay: 0.2597053050994873
173.194.196.16-131.202.240.242-465-5492-6,packet_id: 1,delay: 0.22272515296936035
131.202.240.242-131.202.240.87-5619-42322-6,packet_id: 1,delay: 0.2322700023651123
131.202.240.242-131.202.240.87-5619-42322-6,packet_id: 2,delay: 0.23879718780517578
131.202.240.242-131.202.240.87-5619-42322-6,packet_id: 3,delay: 0.18049049377441406
131.202.240.242-131.202.240.87-5619-42322-6,packet_id: 4,delay: 0.19796156883239746
131.202.240.242-131.202.240.87-5619-42322-6,packet_id: 5,delay: 0.20151233673095703
131.202.240.242-131.202.240.87-5619-42322-6,packet_id: 6,delay: 0.1864175796508789
131.202.240.242-131.202.240.87-5619-42322-6,packet_id: 7,delay: 0.20116138458251953
131.202.240.242-131.202.240.87-5619-42322-6,packet_id: 8,delay: 0.1944577693939209
131.202.240.242-131.202.240.87-5619-42322-6,packet_id: 9,delay: 0.1968827247619629
131.202.240.242-131.202.240.87-5619-42322-6,packet_id: 10,delay: 0.31401848793029785
131.202.240.242-131.202.240.87-5619-42322-6,packet_id: 11,delay: 0.19202232360839844
131.202.240.242-131.202.240.87-5619-42322-6,packet_id: 12,delay: 0.2084197998046875
131.202.240.242-131.202.240.87-5619-42322-6,packet_id: 13,delay: 0.19888806343078613
131.202.240.242-131.202.240.87-5619-42322-6,packet_id: 14,delay: 0.11954307556152344
131.202.240.242-131.202.240.87-5619-42322-6,packet_id: 15,delay: 0.12926983833312988
131.202.240.242-131.202.240.87-5619-42322-6,packet_id: 16,delay: 0.11584806442260742
131.202.240.242-131.202.240.87-5619-42322-6,packet_id: 17,delay: 0.19878005981445312
131.202.240.242-131.202.240.87-5619-42322-6,packet_id: 18,delay: 0.1992049217224121
131.202.240.242-131.202.240.87-5619-42322-6,packet_id: 19,delay: 0.18282723426818848
131.202.240.242-131.202.240.87-5619-42322-6,packet_id: 20,delay: 0.1944715976715088
131.202.240.242-131.202.240.87-5619-42322-6,packet_id: 21,delay: 0.18218994140625
131.202.240.242-131.202.240.87-5619-42322-6,packet_id: 22,delay: 0.19811511039733887
131.202.240.242-131.202.240.87-5619-42322-6,packet_id: 23,delay: 0.19107389450073242
131.202.240.242-131.202.240.87-5619-42322-6,packet_id: 24,delay: 0.18778467178344727
131.202.240.242-131.202.240.87-5619-42322-6,packet_id: 25,delay: 0.20961213111877441
131.202.240.242-131.202.240.87-5619-42322-6,packet_id: 26,delay: 0.1725177764892578
131.202.240.242-131.202.240.87-5619-42322-6,packet_id: 27,delay: 0.18376684188842773
131.202.240.242-131.202.240.87-5619-42322-6,packet_id: 28,delay: 0.18267107009887695
131.202.240.242-131.202.240.87-5619-42322-6,packet_id: 29,delay: 0.19758939743041992
10.8.8.178-216.58.210.35-59252-443-6,packet_id: 1,delay: 0.27596139907836914
173.194.196.16-131.202.240.242-465-5524-6,packet_id: 1,delay: 0.32747602462768555
208.117.251.116-10.8.8.138-443-56560-6,packet_id: 1,delay: 0.48894691467285156
208.117.251.116-10.8.8.138-443-56560-6,packet_id: 2,delay: 0.46553492546081543
208.117.251.116-10.8.8.138-443-56560-6,packet_id: 3,delay: 0.47387242317199707
10.8.8.178-216.58.210.46-39796-443-6,packet_id: 1,delay: 0.28209972381591797
10.8.8.178-216.58.210.46-39796-443-6,packet_id: 2,delay: 0.2591581344604492
10.8.8.178-216.58.210.46-39796-443-6,packet_id: 3,delay: 0.2510395050048828
10.8.8.178-216.58.210.46-39796-443-6,packet_id: 4,delay: 0.26233959197998047
10.8.8.178-216.58.210.46-39796-443-6,packet_id: 5,delay: 0.27173328399658203
10.8.8.178-216.58.210.46-39796-443-6,packet_id: 6,delay: 0.2825284004211426
173.194.196.16-131.202.240.242-465-5527-6,packet_id: 1,delay: 0.20708394050598145
178.237.18.202-131.202.240.242-443-31773-6,packet_id: 1,delay: 0.2950456142425537
208.117.251.116-10.8.8.138-443-56577-6,packet_id: 1,delay: 0.4877784252166748
208.117.251.116-10.8.8.138-443-56587-6,packet_id: 1,delay: 0.4803915023803711
208.117.251.116-10.8.8.138-443-56597-6,packet_id: 1,delay: 0.48377346992492676
208.117.251.116-10.8.8.138-443-56603-6,packet_id: 1,delay: 0.47094082832336426
10.8.8.178-216.58.210.78-44923-443-6,packet_id: 1,delay: 0.32097387313842773
10.8.8.178-216.58.210.78-44923-443-6,packet_id: 2,delay: 0.20256423950195312
208.117.251.116-10.8.8.138-443-56605-6,packet_id: 1,delay: 0.4889240264892578
208.117.251.116-10.8.8.138-443-56605-6,packet_id: 2,delay: 0.47678589820861816
208.117.251.116-10.8.8.138-443-56622-6,packet_id: 1,delay: 0.48419857025146484
208.117.251.116-10.8.8.138-443-56622-6,packet_id: 2,delay: 0.4734828472137451
208.117.251.116-10.8.8.138-443-56633-6,packet_id: 1,delay: 0.3895742893218994
208.117.251.116-10.8.8.138-443-56633-6,packet_id: 2,delay: 0.3904385566711426
208.117.251.116-10.8.8.138-443-56641-6,packet_id: 1,delay: 0.4691338539123535
131.202.240.150-199.212.24.173-53736-443-6,packet_id: 1,delay: 0.4176464080810547
131.202.240.150-199.212.24.173-54334-443-6,packet_id: 1,delay: 0.4177589416503906
131.202.240.150-199.212.24.173-54334-443-6,packet_id: 2,delay: 0.4332289695739746
131.202.240.150-199.212.24.173-54334-443-6,packet_id: 3,delay: 0.43596339225769043
131.202.240.150-199.212.24.173-54334-443-6,packet_id: 4,delay: 0.42420268058776855
131.202.240.150-199.212.24.173-54334-443-6,packet_id: 5,delay: 0.4404304027557373
131.202.240.150-199.212.24.173-54334-443-6,packet_id: 6,delay: 0.44703006744384766
204.83.155.169-10.0.2.15-32620-54963-6,packet_id: 1,delay: 0.6691789627075195
204.83.155.169-10.0.2.15-32620-55727-6,packet_id: 1,delay: 0.6884465217590332
209.148.205.41-10.8.8.138-80-57838-6,packet_id: 1,delay: 0.6514217853546143
209.148.205.41-10.8.8.138-443-60124-6,packet_id: 1,delay: 0.6432993412017822
209.148.205.41-10.8.8.138-443-60124-6,packet_id: 2,delay: 0.6551127433776855
209.148.205.41-10.8.8.138-443-60124-6,packet_id: 3,delay: 0.6470060348510742
209.148.205.41-10.8.8.138-443-60124-6,packet_id: 4,delay: 0.6477415561676025
209.148.205.41-10.8.8.138-443-60124-6,packet_id: 5,delay: 0.6718270778656006
209.148.205.41-10.8.8.138-443-60124-6,packet_id: 6,delay: 0.6667039394378662
209.148.205.41-10.8.8.138-443-60124-6,packet_id: 7,delay: 0.692542552947998
209.148.205.41-10.8.8.138-443-60124-6,packet_id: 8,delay: 0.6537001132965088
209.148.205.41-10.8.8.138-443-60124-6,packet_id: 9,delay: 0.6610305309295654
209.148.205.41-10.8.8.138-443-60124-6,packet_id: 10,delay: 0.681267499923706
131.202.240.242-157.56.126.188-5589-443-6,packet_id: 1,delay: 0.3818318843841553
131.202.240.242-157.56.126.188-5589-443-6,packet_id: 2,delay: 0.3892247676849365
131.202.240.242-157.56.126.188-5589-443-6,packet_id: 3,delay: 0.3886580467224121
131.202.240.242-157.56.126.188-5589-443-6,packet_id: 4,delay: 0.382887601852417
131.202.240.242-157.56.126.188-5589-443-6,packet_id: 5,delay: 0.40421032905578613
131.202.240.242-157.56.126.188-5589-443-6,packet_id: 6,delay: 0.3768172264099121
131.202.240.242-157.56.126.188-5589-443-6,packet_id: 7,delay: 0.3973219394683838
131.202.240.242-157.56.126.188-5589-443-6,packet_id: 8,delay: 0.31296420097351074
131.202.240.242-157.56.126.188-5589-443-6,packet_id: 9,delay: 0.3142828941345215
131.202.240.150-199.212.24.173-54540-443-6,packet_id: 1,delay: 0.42361950874328613
131.202.240.150-199.212.24.173-54540-443-6,packet_id: 2,delay: 0.4283597469329834
131.202.240.150-199.212.24.173-54540-443-6,packet_id: 3,delay: 0.4297473430633545
131.202.240.150-199.212.24.173-54540-443-6,packet_id: 4,delay: 0.42723512649536133
131.202.240.150-199.212.24.173-54540-443-6,packet_id: 5,delay: 0.4358689785003662
131.202.240.150-199.212.24.173-54540-443-6,packet_id: 6,delay: 0.44276905059814453
131.202.240.150-199.212.24.173-54540-443-6,packet_id: 7,delay: 0.4193570613861084
131.202.240.150-199.212.24.173-54540-443-6,packet_id: 8,delay: 0.42699480056762695
131.202.240.150-199.212.24.173-54540-443-6,packet_id: 9,delay: 0.43383002281188965
209.148.205.35-10.8.8.138-443-42010-6,packet_id: 1,delay: 0.4706540107727051
209.148.205.35-10.8.8.138-443-42010-6,packet_id: 2,delay: 0.47234058380126953
209.148.205.35-10.8.8.138-443-42010-6,packet_id: 3,delay: 0.4682493209838867
209.148.205.35-10.8.8.138-443-42010-6,packet_id: 4,delay: 0.464247465133667
209.148.205.35-10.8.8.138-443-42010-6,packet_id: 5,delay: 0.48620152473449707
209.148.205.35-10.8.8.138-443-42010-6,packet_id: 6,delay: 0.48162007331848145
209.148.205.35-10.8.8.138-443-42010-6,packet_id: 7,delay: 0.4576742649078369
209.148.205.35-10.8.8.138-443-42010-6,packet_id: 8,delay: 0.4737842082977295
209.148.205.35-10.8.8.138-443-42010-6,packet_id: 9,delay: 0.4685852527618408
209.148.205.35-10.8.8.138-443-42010-6,packet_id: 10,delay: 0.4666101932525635
216.58.219.230-131.202.240.150-443-35187-6,packet_id: 1,delay: 0.6654772758483887
157.56.126.188-131.202.240.242-443-5589-6,packet_id: 1,delay: 0.39874863624572754
157.56.126.188-131.202.240.242-443-5589-6,packet_id: 2,delay: 0.3926408290863037
157.56.126.188-131.202.240.242-443-5589-6,packet_id: 3,delay: 0.3925669193267822
157.56.126.188-131.202.240.242-443-5589-6,packet_id: 4,delay: 0.3606760501861572
157.56.126.188-131.202.240.242-443-5589-6,packet_id: 5,delay: 0.3874485492706299
157.56.126.188-131.202.240.242-443-5589-6,packet_id: 6,delay: 0.3897244930267334
157.56.126.188-131.202.240.242-443-5589-6,packet_id: 7,delay: 0.3828568458557129
157.56.126.188-131.202.240.242-443-5589-6,packet_id: 8,delay: 0.32131505012512207
157.56.126.188-131.202.240.242-443-5589-6,packet_id: 9,delay: 0.30832839012145996
157.56.126.188-131.202.240.242-443-5589-6,packet_id: 10,delay: 0.3289766311645508
157.56.126.188-131.202.240.242-443-5589-6,packet_id: 11,delay: 0.3105616569519043
157.56.126.188-131.202.240.242-443-5589-6,packet_id: 12,delay: 0.3101646900177002
157.56.126.188-131.202.240.242-443-5589-6,packet_id: 13,delay: 0.3177375793457031
216.58.219.230-131.202.240.242-443-5999-6,packet_id: 1,delay: 0.5076034069061279
131.202.240.242-173.194.196.16-5500-465-6,packet_id: 1,delay: 0.29351139068603516
216.58.219.206-131.202.240.150-443-59290-6,packet_id: 1,delay: 0.318011999130249
131.202.240.150-199.212.24.173-54563-443-6,packet_id: 1,delay: 0.4493081569671631
131.202.240.150-199.212.24.173-54563-443-6,packet_id: 2,delay: 0.4177823066711426
131.202.240.150-199.212.24.173-54563-443-6,packet_id: 3,delay: 0.4354560375213623
131.202.240.150-199.212.24.173-54563-443-6,packet_id: 4,delay: 0.42393016815185547
131.202.240.150-199.212.24.173-54563-443-6,packet_id: 5,delay: 0.4418611526489258
131.202.240.150-199.212.24.173-54563-443-6,packet_id: 6,delay: 0.42926502227783203
131.202.240.150-199.212.24.173-54563-443-6,packet_id: 7,delay: 0.44034314155578613
131.202.240.150-199.212.24.173-54563-443-6,packet_id: 8,delay: 0.43273401260375977
173.194.67.16-10.8.8.234-465-37826-6,packet_id: 1,delay: 0.41881370544433594
209.148.205.41-131.202.240.150-443-34177-6,packet_id: 1,delay: 0.5163452625274658
209.148.205.41-131.202.240.150-443-34177-6,packet_id: 2,delay: 0.5243022441864014
131.202.240.242-173.194.196.16-5529-465-6,packet_id: 1,delay: 0.2617306709289551
173.194.67.16-10.8.8.234-465-37857-6,packet_id: 1,delay: 0.3626387119293213
216.58.219.206-131.202.240.150-443-59539-6,packet_id: 1,delay: 0.3461744785308838
216.58.219.206-131.202.240.150-443-59539-6,packet_id: 2,delay: 0.3391129970550537
131.202.240.242-173.252.100.27-32576-443-6,packet_id: 1,delay: 0.26785755157470703
173.194.67.16-10.8.8.234-465-37860-6,packet_id: 1,delay: 0.4495506286621094
209.148.205.41-131.202.240.150-443-34203-6,packet_id: 1,delay: 0.538393497467041
131.202.240.242-178.237.18.202-31773-443-6,packet_id: 1,delay: 0.34960174560546875
173.194.67.16-10.8.8.234-465-37865-6,packet_id: 1,delay: 0.4197661876678467
173.194.67.16-10.8.8.234-465-37872-6,packet_id: 1,delay: 0.3767733573913574
131.202.240.242-216.58.219.230-5999-443-6,packet_id: 1,delay: 0.47232651710510254
209.148.205.35-10.8.8.138-443-42190-6,packet_id: 1,delay: 0.445817232131958
209.148.205.35-10.8.8.138-443-42190-6,packet_id: 2,delay: 0.4665963649749756
209.148.205.35-10.8.8.138-443-42190-6,packet_id: 3,delay: 0.43733716011047363
209.148.205.35-10.8.8.138-443-42190-6,packet_id: 4,delay: 0.4705350399017334
209.148.205.35-10.8.8.138-443-42190-6,packet_id: 5,delay: 0.4499530792236328
209.148.205.35-10.8.8.138-443-42190-6,packet_id: 6,delay: 0.4495272636413574
209.148.205.35-10.8.8.138-443-42190-6,packet_id: 7,delay: 0.4601883888244629
209.148.205.35-10.8.8.138-443-42190-6,packet_id: 8,delay: 0.4455552101135254
209.148.205.35-10.8.8.138-443-42190-6,packet_id: 9,delay: 0.4387824535369873
209.148.205.35-10.8.8.138-443-42190-6,packet_id: 10,delay: 0.4468529224395752
209.148.205.35-10.8.8.138-443-42190-6,packet_id: 11,delay: 0.4498264789581299
209.148.205.35-10.8.8.138-443-42190-6,packet_id: 12,delay: 0.4367690086364746
209.148.205.35-10.8.8.138-443-42190-6,packet_id: 13,delay: 0.4468846321105957
209.148.205.35-10.8.8.138-443-42190-6,packet_id: 14,delay: 0.4458582401275635
209.148.205.35-10.8.8.138-443-42190-6,packet_id: 15,delay: 0.46216583251953125
209.148.205.35-10.8.8.138-443-42190-6,packet_id: 16,delay: 0.47053980827331543
209.148.205.35-10.8.8.138-443-42190-6,packet_id: 17,delay: 0.45467710494995117
209.148.205.35-10.8.8.138-443-42190-6,packet_id: 18,delay: 0.4535400867462158
209.148.205.35-10.8.8.138-443-42190-6,packet_id: 19,delay: 0.45296335220336914
209.148.205.35-10.8.8.138-443-42190-6,packet_id: 20,delay: 0.46351122856140137
209.148.205.35-10.8.8.138-443-42190-6,packet_id: 21,delay: 0.4687066078186035
209.148.205.35-10.8.8.138-443-42190-6,packet_id: 22,delay: 0.4510645866394043
131.202.240.150-199.212.24.174-43919-443-6,packet_id: 1,delay: 0.6242146492004395
131.202.240.150-199.212.24.174-43919-443-6,packet_id: 2,delay: 0.6298232078552246
131.202.240.150-199.212.24.174-43919-443-6,packet_id: 3,delay: 0.6399481296539307
131.202.240.150-199.212.24.174-43919-443-6,packet_id: 4,delay: 0.6337733268737793
131.202.240.150-199.212.24.175-58587-443-6,packet_id: 1,delay: 0.2742757797241211
131.202.240.150-199.212.24.175-58600-443-6,packet_id: 1,delay: 0.24409127235412598
131.202.240.150-199.212.24.175-58600-443-6,packet_id: 2,delay: 0.25168442726135254
131.202.240.150-199.212.24.175-58936-443-6,packet_id: 1,delay: 0.27010369300842285
131.202.240.150-199.212.24.175-58977-443-6,packet_id: 1,delay: 0.26190733909606934
131.202.240.150-209.148.205.16-44144-80-6,packet_id: 1,delay: 0.31607770919799805
131.202.240.150-209.148.205.35-56435-443-6,packet_id: 1,delay: 0.3682246208190918
131.202.240.150-209.148.205.35-56578-443-6,packet_id: 1,delay: 0.3848588466644287
131.202.240.150-209.148.205.35-56578-443-6,packet_id: 2,delay: 0.39192819595336914
131.202.240.150-209.148.205.35-56578-443-6,packet_id: 3,delay: 0.39955806732177734
131.202.240.150-209.148.205.35-56578-443-6,packet_id: 4,delay: 0.38619327545166016
131.202.240.150-209.148.205.35-56578-443-6,packet_id: 5,delay: 0.36580348014831543
131.202.240.150-209.148.205.41-34177-443-6,packet_id: 1,delay: 0.5756669044494629
131.202.240.150-209.148.205.41-34177-443-6,packet_id: 2,delay: 0.5709245204925537
131.202.240.150-209.148.205.41-34177-443-6,packet_id: 3,delay: 0.5706093311309814
131.202.240.150-209.148.205.41-34177-443-6,packet_id: 4,delay: 0.5818846225738525
131.202.240.150-209.148.205.41-34177-443-6,packet_id: 5,delay: 0.6015071868896484
131.202.240.150-209.148.205.41-34177-443-6,packet_id: 6,delay: 0.5830397605895996
131.202.240.150-209.148.205.41-34177-443-6,packet_id: 7,delay: 0.583742618560791
216.58.208.46-10.8.8.110-80-33072-6,packet_id: 1,delay: 0.5176382064819336
209.148.205.35-131.202.240.150-443-56578-6,packet_id: 1,delay: 0.2988548278808594
209.148.205.35-131.202.240.150-443-56578-6,packet_id: 2,delay: 0.28632164001464844
209.148.205.35-131.202.240.150-443-56578-6,packet_id: 3,delay: 0.33025026321411133
209.148.205.35-131.202.240.150-443-56578-6,packet_id: 4,delay: 0.2935516834259033
216.58.208.46-10.8.8.178-443-38243-6,packet_id: 1,delay: 0.6025140285491943
216.58.208.46-10.8.8.178-443-38243-6,packet_id: 2,delay: 0.6008009910583496
216.58.208.46-10.8.8.178-443-38243-6,packet_id: 3,delay: 0.6157376766204834
216.58.208.46-10.8.8.178-443-38243-6,packet_id: 4,delay: 0.6041946411132812
216.58.208.46-10.8.8.178-443-38243-6,packet_id: 5,delay: 0.5874965190887451
216.58.208.46-10.8.8.178-443-38243-6,packet_id: 6,delay: 0.5915658473968506
216.58.208.46-10.8.8.178-443-38243-6,packet_id: 7,delay: 0.6056854724884033
216.58.208.46-10.8.8.178-443-38243-6,packet_id: 8,delay: 0.6046106815338135
131.202.240.150-209.148.205.41-34203-443-6,packet_id: 1,delay: 0.5948245525360107
131.202.240.150-209.148.205.41-34203-443-6,packet_id: 2,delay: 0.5820777416229248
131.202.240.150-209.148.205.41-34203-443-6,packet_id: 3,delay: 0.5872189998626709
131.202.240.150-209.148.205.41-34203-443-6,packet_id: 4,delay: 0.6017088890075684
131.202.240.150-209.148.205.41-34203-443-6,packet_id: 5,delay: 0.5879507064819336
131.202.240.150-209.148.205.41-34203-443-6,packet_id: 6,delay: 0.5847513675689697
131.202.240.150-209.148.205.41-34203-443-6,packet_id: 7,delay: 0.5849647521972656
131.202.240.150-209.148.205.41-34203-443-6,packet_id: 8,delay: 0.5871689319610596
131.202.240.150-209.148.205.41-34203-443-6,packet_id: 9,delay: 0.6025829315185547
131.202.240.150-209.148.205.41-34203-443-6,packet_id: 10,delay: 0.6005654335021973
131.202.240.150-209.148.205.41-34203-443-6,packet_id: 11,delay: 0.58915114402771
131.202.240.150-209.148.205.41-34203-443-6,packet_id: 12,delay: 0.5902550220489502
131.202.240.150-209.148.205.41-34203-443-6,packet_id: 13,delay: 0.5713410377502441
131.202.240.150-209.148.205.41-34203-443-6,packet_id: 14,delay: 0.5769212245941162
131.202.240.150-209.148.205.41-34203-443-6,packet_id: 15,delay: 0.5979654788970947
131.202.240.150-209.148.205.41-34203-443-6,packet_id: 16,delay: 0.588782548904419
74.125.69.16-131.202.240.87-993-10714-6,packet_id: 1,delay: 0.5272426605224609
74.125.69.16-131.202.240.87-993-10714-6,packet_id: 2,delay: 0.5469019412994385
74.125.69.16-131.202.240.87-993-10714-6,packet_id: 3,delay: 0.5436117649078369
74.125.69.16-131.202.240.87-993-10714-6,packet_id: 4,delay: 0.5284867286682129
74.125.69.16-131.202.240.87-993-10714-6,packet_id: 5,delay: 0.39867520332336426
74.125.69.16-131.202.240.87-993-10714-6,packet_id: 6,delay: 0.389207124710083
74.125.69.16-131.202.240.87-993-10714-6,packet_id: 7,delay: 0.39504432678222656
24.36.174.173-10.0.2.15-47044-55027-6,packet_id: 1,delay: 0.7117083072662354
70.80.25.101-10.0.2.15-64982-38947-6,packet_id: 1,delay: 0.4404892921447754
38.124.168.119-131.202.240.87-80-65089-6,packet_id: 1,delay: 0.34180116653442383
216.58.208.35-10.8.8.178-443-52158-6,packet_id: 1,delay: 0.5183908939361572
216.58.208.35-10.8.8.178-443-52158-6,packet_id: 2,delay: 0.5260751247406006
216.58.208.46-10.8.8.178-443-38264-6,packet_id: 1,delay: 0.597144365310669
216.58.208.46-10.8.8.178-443-38264-6,packet_id: 2,delay: 0.5854620933532715
216.58.208.46-10.8.8.178-443-38264-6,packet_id: 3,delay: 0.5895683765411377
216.58.208.46-10.8.8.178-443-38264-6,packet_id: 4,delay: 0.5913228988647461
216.58.208.46-10.8.8.178-443-38264-6,packet_id: 5,delay: 0.6028637886047363
216.58.208.46-10.8.8.178-443-38264-6,packet_id: 6,delay: 0.6259193420410156
216.58.208.46-10.8.8.178-443-38264-6,packet_id: 7,delay: 0.6134405136108398
216.58.208.46-10.8.8.178-443-38264-6,packet_id: 8,delay: 0.6093337535858154
216.58.208.46-10.8.8.178-443-38264-6,packet_id: 9,delay: 0.6016895771026611
216.58.208.46-10.8.8.178-443-38264-6,packet_id: 10,delay: 0.5994775295257568
216.58.208.46-10.8.8.178-443-38264-6,packet_id: 11,delay: 0.6178593635559082
216.58.208.46-10.8.8.178-443-38264-6,packet_id: 12,delay: 0.6068744659423828
216.58.208.46-10.8.8.178-443-38264-6,packet_id: 13,delay: 0.609325647354126
216.58.208.46-10.8.8.178-443-38264-6,packet_id: 14,delay: 0.6055755615234375
173.194.210.188-131.202.240.242-5228-32506-6,packet_id: 1,delay: 0.39264488220214844
74.125.69.16-131.202.240.87-993-10715-6,packet_id: 1,delay: 0.47376537322998047
74.125.69.16-131.202.240.87-993-10715-6,packet_id: 2,delay: 0.46520137786865234
74.125.69.16-131.202.240.87-993-10715-6,packet_id: 3,delay: 0.45719432830810547
173.252.100.27-10.8.8.178-443-47132-6,packet_id: 1,delay: 0.20330548286437988
173.252.100.27-10.8.8.178-443-47132-6,packet_id: 2,delay: 0.1873457431793213
173.252.100.27-10.8.8.178-443-47132-6,packet_id: 3,delay: 0.19548892974853516
173.252.100.27-10.8.8.178-443-47132-6,packet_id: 4,delay: 0.20390725135803223
173.252.100.27-10.8.8.178-443-47132-6,packet_id: 5,delay: 0.2867431640625
173.252.100.27-10.8.8.178-443-47132-6,packet_id: 6,delay: 0.18316411972045898
173.252.100.27-10.8.8.178-443-47132-6,packet_id: 7,delay: 0.2667863368988037
173.252.100.27-10.8.8.178-443-47132-6,packet_id: 8,delay: 0.1875607967376709
173.252.100.27-10.8.8.178-443-47132-6,packet_id: 9,delay: 0.18731999397277832
173.252.100.27-10.8.8.178-443-47132-6,packet_id: 10,delay: 0.27373695373535156
173.252.100.27-10.8.8.178-443-47132-6,packet_id: 11,delay: 0.2802302837371826
74.125.69.16-131.202.240.87-993-10743-6,packet_id: 1,delay: 0.45804595947265625
131.202.240.150-209.148.205.41-43673-80-6,packet_id: 1,delay: 0.5821762084960938
173.252.100.27-131.202.240.87-443-64842-6,packet_id: 1,delay: 0.2130289077758789
173.252.100.27-131.202.240.87-443-64842-6,packet_id: 2,delay: 0.22537946701049805
173.252.100.27-131.202.240.87-443-64842-6,packet_id: 3,delay: 0.14899182319641113
173.252.100.27-131.202.240.87-443-64842-6,packet_id: 4,delay: 0.13657712936401367
173.252.100.27-131.202.240.87-443-64842-6,packet_id: 5,delay: 0.12450599670410156
173.252.100.27-131.202.240.87-443-64842-6,packet_id: 6,delay: 0.19930624961853027
173.252.100.27-131.202.240.87-443-64842-6,packet_id: 7,delay: 0.13335084915161133
173.252.100.27-131.202.240.242-443-32576-6,packet_id: 1,delay: 0.18088078498840332
173.252.100.27-131.202.240.242-443-32576-6,packet_id: 2,delay: 0.1971602439880371
23.235.40.143-131.202.240.150-443-54394-6,packet_id: 1,delay: 0.5750131607055664
23.235.40.143-131.202.240.150-443-54394-6,packet_id: 2,delay: 0.5737919807434082
23.235.40.143-131.202.240.150-443-54394-6,packet_id: 3,delay: 0.6011807918548584
216.58.210.3-10.8.8.130-443-34918-6,packet_id: 1,delay: 0.3920278549194336
216.58.210.3-10.8.8.130-443-34920-6,packet_id: 1,delay: 0.40250134468078613
216.58.210.3-10.8.8.130-443-34920-6,packet_id: 2,delay: 0.40120673179626465
91.190.216.125-10.8.8.130-12350-38182-6,packet_id: 1,delay: 0.5292153358459473
216.58.210.3-10.8.8.130-443-34927-6,packet_id: 1,delay: 0.39150261878967285
216.58.210.3-10.8.8.130-443-34927-6,packet_id: 2,delay: 0.3972606658935547
66.220.156.2-10.8.8.130-443-42513-6,packet_id: 1,delay: 0.5834214687347412
66.220.156.2-10.8.8.130-443-42513-6,packet_id: 2,delay: 0.587073802947998
66.220.156.2-10.8.8.130-443-42513-6,packet_id: 3,delay: 0.5911805629730225
66.220.156.2-10.8.8.130-443-42513-6,packet_id: 4,delay: 0.5896186828613281
66.220.156.2-10.8.8.130-443-42513-6,packet_id: 5,delay: 0.5941643714904785
66.220.156.2-10.8.8.130-443-42513-6,packet_id: 6,delay: 0.5877237319946289
66.220.156.2-10.8.8.130-443-42513-6,packet_id: 7,delay: 0.6008625030517578
66.220.156.2-10.8.8.130-443-42513-6,packet_id: 8,delay: 0.602421760559082
66.220.156.2-10.8.8.130-443-42513-6,packet_id: 9,delay: 0.6109724044799805
64.233.183.16-10.0.2.15-993-43558-6,packet_id: 1,delay: 0.6464025974273682
64.233.183.16-10.0.2.15-993-43558-6,packet_id: 2,delay: 0.6609773635864258
64.233.183.16-10.0.2.15-993-43558-6,packet_id: 3,delay: 0.648270845413208
74.125.207.16-10.0.2.15-465-42849-6,packet_id: 1,delay: 0.45012927055358887
74.125.207.16-10.0.2.15-465-42904-6,packet_id: 1,delay: 0.45610880851745605
68.67.153.2-131.202.240.242-443-5900-6,packet_id: 1,delay: 0.272597074508667
74.125.207.16-10.0.2.15-465-42911-6,packet_id: 1,delay: 0.46851038932800293
64.233.183.16-10.0.2.15-995-51739-6,packet_id: 1,delay: 0.6562111377716064
74.125.207.16-10.0.2.15-465-42921-6,packet_id: 1,delay: 0.4555947780609131
2.30.116.54-10.8.8.130-58139-48835-6,packet_id: 1,delay: 0.2224717140197754
2.30.116.54-10.8.8.130-58139-48835-6,packet_id: 2,delay: 0.2095797061920166
2.30.116.54-10.8.8.130-58139-48835-6,packet_id: 3,delay: 0.19911813735961914
2.30.116.54-10.8.8.130-58139-48835-6,packet_id: 4,delay: 0.19199371337890625
2.30.116.54-10.8.8.130-58139-48835-6,packet_id: 5,delay: 0.2800455093383789
173.194.78.16-10.0.2.15-993-52882-6,packet_id: 1,delay: 0.3770022392272949
74.125.207.16-10.0.2.15-465-48940-6,packet_id: 1,delay: 0.45498204231262207
74.125.207.16-10.0.2.15-465-48942-6,packet_id: 1,delay: 0.38617658615112305
74.125.207.16-10.0.2.15-465-48980-6,packet_id: 1,delay: 0.4487760066986084
74.125.207.16-10.0.2.15-465-48995-6,packet_id: 1,delay: 0.3807716369628906
74.125.207.16-10.0.2.15-465-49016-6,packet_id: 1,delay: 0.4794313907623291
74.125.207.16-10.0.2.15-995-51319-6,packet_id: 1,delay: 0.47559356689453125
2.30.116.54-10.8.8.178-58139-43020-6,packet_id: 1,delay: 0.1966705322265625
2.30.116.54-10.8.8.178-58139-43020-6,packet_id: 2,delay: 0.18313169479370117
2.30.116.54-10.8.8.178-58139-43020-6,packet_id: 3,delay: 0.2802722454071045
2.30.116.54-10.8.8.178-58139-43020-6,packet_id: 4,delay: 0.2858719825744629
2.30.116.54-10.8.8.178-58139-43020-6,packet_id: 5,delay: 0.20058965682983398
2.30.116.54-10.8.8.178-58139-43020-6,packet_id: 6,delay: 0.20482969284057617
74.125.207.16-10.0.2.15-995-51323-6,packet_id: 1,delay: 0.45154261589050293
69.172.216.55-131.202.240.242-443-5957-6,packet_id: 1,delay: 0.48264145851135254
216.58.219.238-131.202.240.150-443-48018-6,packet_id: 1,delay: 0.3710644245147705
77.103.197.35-10.8.8.130-47872-52719-6,packet_id: 1,delay: 0.3056449890136719
68.67.153.211-131.202.240.242-443-5932-6,packet_id: 1,delay: 0.5016465187072754
178.237.17.103-10.8.8.178-443-51318-6,packet_id: 1,delay: 0.24903512001037598
178.237.17.103-10.8.8.178-443-51318-6,packet_id: 2,delay: 0.2480480670928955
178.237.17.103-10.8.8.178-443-51318-6,packet_id: 3,delay: 0.22828149795532227
24.156.130.203-10.8.8.138-80-55782-6,packet_id: 1,delay: 0.7370483875274658
24.156.130.203-10.8.8.138-80-55782-6,packet_id: 2,delay: 0.7302258014678955
24.156.130.203-10.8.8.138-80-55782-6,packet_id: 3,delay: 0.7208826541900635
24.156.130.203-10.8.8.138-80-55782-6,packet_id: 4,delay: 0.7519237995147705
24.156.130.203-10.8.8.138-80-55782-6,packet_id: 5,delay: 0.7421207427978516
24.156.130.203-10.8.8.138-80-55782-6,packet_id: 6,delay: 0.7260680198669434
24.156.130.203-10.8.8.138-80-55782-6,packet_id: 7,delay: 0.7266485691070557
24.156.130.203-10.8.8.138-80-55782-6,packet_id: 8,delay: 0.7317850589752197
24.156.130.203-10.8.8.138-80-55782-6,packet_id: 9,delay: 0.7400312423706055
24.156.130.203-10.8.8.138-80-55782-6,packet_id: 10,delay: 0.7257533073425293
216.58.210.35-10.8.8.178-443-59247-6,packet_id: 1,delay: 0.24045658111572266
63.245.216.134-10.8.8.178-443-49841-6,packet_id: 1,delay: 0.38324546813964844
216.58.210.35-10.8.8.178-443-59252-6,packet_id: 1,delay: 0.2553279399871826
86.4.212.228-10.8.8.130-59222-59320-6,packet_id: 1,delay: 0.3270256519317627
86.4.212.228-10.8.8.130-59222-59320-6,packet_id: 2,delay: 0.3211948871612549
86.4.212.228-10.8.8.178-59222-52449-6,packet_id: 1,delay: 0.3244001865386963
86.4.212.228-10.8.8.178-59222-52449-6,packet_id: 2,delay: 0.33380556106567383
86.4.212.228-10.8.8.178-59222-52449-6,packet_id: 3,delay: 0.3461165428161621
86.4.212.228-10.8.8.178-59222-52449-6,packet_id: 4,delay: 0.3381814956665039
86.4.212.228-10.8.8.178-59222-52449-6,packet_id: 5,delay: 0.32332921028137207
86.4.212.228-10.8.8.178-59222-52449-6,packet_id: 6,delay: 0.349745512008667
86.4.212.228-10.8.8.178-59222-52449-6,packet_id: 7,delay: 0.32244133949279785
216.58.208.37-10.8.8.178-443-51920-6,packet_id: 1,delay: 0.25707459449768066
216.58.208.37-10.8.8.178-443-51939-6,packet_id: 1,delay: 0.29066967964172363
68.67.176.42-131.202.240.87-443-11439-6,packet_id: 1,delay: 0.5980169773101807
216.58.210.46-10.8.8.178-443-39796-6,packet_id: 1,delay: 0.2614161968231201
216.58.210.46-10.8.8.178-443-39796-6,packet_id: 2,delay: 0.25133538246154785
216.58.210.46-10.8.8.178-443-39796-6,packet_id: 3,delay: 0.24202871322631836
64.4.23.162-10.0.2.15-40019-46839-6,packet_id: 1,delay: 0.4207882881164551
64.233.184.16-10.8.8.110-465-37409-6,packet_id: 1,delay: 0.38403749465942383
64.233.184.16-10.8.8.110-465-37417-6,packet_id: 1,delay: 0.3926675319671631
64.233.184.16-10.8.8.110-465-37425-6,packet_id: 1,delay: 0.39069104194641113
64.233.184.16-10.8.8.110-465-37440-6,packet_id: 1,delay: 0.39794230461120605
64.233.184.16-10.8.8.234-993-56880-6,packet_id: 1,delay: 0.5335955619812012
64.233.184.16-10.8.8.234-993-56887-6,packet_id: 1,delay: 0.53926682472229
64.233.184.16-10.8.8.234-993-56887-6,packet_id: 2,delay: 0.5504658222198486
74.125.133.16-10.8.8.234-993-51039-6,packet_id: 1,delay: 0.5116212368011475
74.125.133.16-10.8.8.234-993-51040-6,packet_id: 1,delay: 0.5277020931243896
74.125.133.16-10.8.8.234-993-51055-6,packet_id: 1,delay: 0.5272853374481201
74.125.133.16-10.8.8.234-993-51055-6,packet_id: 2,delay: 0.5484683513641357
74.125.133.16-10.8.8.234-993-51055-6,packet_id: 3,delay: 0.5300250053405762
74.125.133.16-10.8.8.234-993-51055-6,packet_id: 4,delay: 0.5286285877227783
74.125.133.16-10.8.8.234-993-51055-6,packet_id: 5,delay: 0.5243847370147705
74.125.133.16-10.8.8.234-993-51055-6,packet_id: 6,delay: 0.520979642868042
74.125.133.16-10.8.8.234-993-51055-6,packet_id: 7,delay: 0.5138959884643555
74.125.133.16-10.8.8.234-993-51055-6,packet_id: 8,delay: 0.5179164409637451
74.125.133.16-10.8.8.234-993-51055-6,packet_id: 9,delay: 0.5115766525268555
74.125.133.16-10.8.8.234-993-51055-6,packet_id: 10,delay: 0.5253958702087402
74.125.133.16-10.8.8.234-993-51055-6,packet_id: 11,delay: 0.4602816104888916
74.125.133.16-10.8.8.234-993-51055-6,packet_id: 12,delay: 0.5535650253295898
74.125.133.16-10.8.8.234-993-51055-6,packet_id: 13,delay: 0.45385122299194336
74.125.133.16-10.8.8.234-993-51055-6,packet_id: 14,delay: 0.5289397239685059
23.192.162.186-10.8.8.178-443-46884-6,packet_id: 1,delay: 0.2520735263824463
74.125.133.16-10.8.8.234-993-51056-6,packet_id: 1,delay: 0.5435051918029785
74.125.133.16-10.8.8.234-993-51056-6,packet_id: 2,delay: 0.5399389266967773
74.125.133.16-10.8.8.234-993-51056-6,packet_id: 3,delay: 0.5386826992034912
74.125.133.16-10.8.8.234-993-51056-6,packet_id: 4,delay: 0.5142312049865723
74.125.133.16-10.8.8.234-993-51056-6,packet_id: 5,delay: 0.5136816501617432
74.125.133.16-10.8.8.234-993-51056-6,packet_id: 6,delay: 0.53072190284729
74.125.133.16-10.8.8.234-993-51056-6,packet_id: 7,delay: 0.5216202735900879
74.125.133.16-10.8.8.234-993-51056-6,packet_id: 8,delay: 0.5302197933197021
74.125.133.16-10.8.8.234-993-51056-6,packet_id: 9,delay: 0.5107855796813965
74.125.133.16-10.8.8.234-993-51056-6,packet_id: 10,delay: 0.5027878284454346
74.125.133.16-10.8.8.234-993-51056-6,packet_id: 11,delay: 0.5257053375244141
74.125.202.16-131.202.240.87-993-10798-6,packet_id: 1,delay: 0.14765381813049316
64.233.167.16-10.0.2.15-993-58426-6,packet_id: 1,delay: 0.4042387008666992
64.233.167.16-10.0.2.15-993-58426-6,packet_id: 2,delay: 0.41729044914245605
Average Packet Delay,0.4359108703136444
